{
  "Component-preload.js": 1758511356471,
  "Component.js": 1746557526456,
  "manifest.json": 1758511356315,
  "Component-dbg.js": 1746557526456,
  "Component.js.map": 1758511356413,
  "i18n/i18n.properties": 1746557526460,
  "Component-preload.js.map": 1758511356471,
  "ext/fragment/SystemPromptSettings.fragment.xml": 1746828435875,
  "ext/fragment/ReasoningStepsDisplay.fragment.xml": 1747066030414,
  "ext/fragment/PriorityDeterminationStrategySelection.fragment.xml": 1746686673025,
  "index.html": 1746557526456
}