Plant,Material Number,MAKTX,Delivery Date (Requested),Purchase Order Quantity (Requested),Purchase Order Quantity (Delivered),Planned Input (lbs),Actual Input (lbs)
P5786,M735564,Product M735564,03/15/2024,88421,82456,803825.45,869789
P5786,M735564,Product M735564,03/22/2024,89258,81096,811435.628,866503
P5786,M735564,Product M735564,03/29/2024,89258,83712,811435.628,854972
P5786,M735564,Product M735564,04/05/2024,65662,68382,596923.630,632695
P5786,M735564,Product M735564,04/12/2024,64877,39240,589789.085,607100
P5786,M735564,Product M735564,05/03/2024,49966,39240,454232.722,464350
P5786,M735564,Product M735564,05/10/2024,49966,38874,454232.722,451208
P5786,M735564,Product M735564,05/17/2024,49966,33851,454232.722,430803
P5786,M735564,Product M735564,06/14/2024,52948,10359,481343.995,183350
P5786,M735564,Product M735564,06/21/2024,52948,42902,481343.995,518094
P5786,M735564,Product M735564,06/28/2024,54622,36362,496564.358,325326
P5786,M735564,Product M735564,07/12/2024,63098,65400,573617.448,579182
P5786,M735564,Product M735564,07/19/2024,60273,54884,547933.085,540884
P5786,M735564,Product M735564,07/26/2024,53000,46669,481819.63,541470
P5786,M735564,Product M735564,08/16/2024,60273,36519,547933.085,455686
P5786,M735564,Product M735564,08/23/2024,57709,52320,524626.903,554341
P5786,M735564,Product M735564,09/13/2024,70632,71731,642109.084,534731
P5786,M735564,Product M735564,09/20/2024,40025,39240,363861.814,456628
P5786,M735564,Product M735564,09/27/2024,53000,49704,481819.63,557103
P5786,M735564,Product M735564,10/11/2024,65923,56087,599301.812,606121
P5786,M735564,Product M735564,10/25/2024,28724,26160,261124.361,232929
P5786,M735564,Product M735564,11/08/2024,15801,18312,143642.179,144675
P5786,M735564,Product M735564,11/15/2024,21085,28410,191681.452,259089
P5786,M735564,Product M735564,11/22/2024,49495,43740,449951.995,500807
P5786,M735564,Product M735564,11/29/2024,49495,18312,449951.995,322145
P5786,M735564,Product M735564,12/06/2024,44053,51326,400485.813,420381
P5786,M735564,Product M735564,12/13/2024,33903,31392,308212.360,343449
P5786,M735564,Product M735564,12/20/2024,44053,28776,400485.813,412156
P5786,M735564,Product M735564,12/27/2024,28462,37461,258746.178,280582
P5786,M735564,Product M735564,01/03/2025,44053,57081,400485.813,391102
P5786,M735564,Product M735564,01/10/2025,54151,,492283.63,
P5786,M735564,Product M735564,01/17/2025,44053,,400485.813,
P6255,M776704,Product M776704,02/28/2024,5802,6070.84,47907,56321
P6255,M776704,Product M776704,03/06/2024,5802,6624.19,47907,56159
P6255,M776704,Product M776704,03/13/2024,5802,6258.11,47907,58058
P6255,M776704,Product M776704,03/20/2024,5802,6288.58,47907,57313
P6255,M776704,Product M776704,04/03/2024,5802,6486.91,47907,53702
P6255,M776704,Product M776704,04/10/2024,5802,6560.41,47907,56351
P6255,M776704,Product M776704,04/17/2024,5802,6563.9,47907,56084
P6255,M776704,Product M776704,04/24/2024,5802,6332.56,47907,53244
P6255,M776704,Product M776704,05/01/2024,5802,6813.66,47907,51471
P6255,M776704,Product M776704,05/08/2024,5802,6705.79,47907,52268
P6255,M776704,Product M776704,05/15/2024,5802,6541.9,47907,51211
P6255,M776704,Product M776704,05/22/2024,5802,5746.12,47907,50057
P6255,M776704,Product M776704,05/29/2024,5802,5767.37,47907,49130
P6255,M776704,Product M776704,06/05/2024,5802,5734.5,47907,48846
P6255,M776704,Product M776704,06/12/2024,5802,5670.81,47907,48034
P6255,M776704,Product M776704,06/19/2024,5802,5557.46,47907,49496
P6255,M776704,Product M776704,06/26/2024,5802,5842.80,47907,52255
P6255,M776704,Product M776704,07/01/2024,5802,5985.44,47907,54025
P6255,M776704,Product M776704,07/03/2024,5802,5859.16,47907,53340
P6255,M776704,Product M776704,07/10/2024,5802,5950.51,47907,50392
P6255,M776704,Product M776704,07/17/2024,5802,6199.76,47907,52962
P6255,M776704,Product M776704,07/24/2024,5802,6679.36,47907,52603
P6255,M776704,Product M776704,07/31/2024,5802,5588.12,47907,49531
P6255,M776704,Product M776704,08/07/2024,5802,6230.0,47907,51803
P6255,M776704,Product M776704,08/13/2024,5802,,47907,
P6255,M776704,Product M776704,08/14/2024,11604,6214.34,95814,54777
P6255,M776704,Product M776704,08/28/2024,5802,6008.88,47907,50407
P6255,M776704,Product M776704,09/04/2024,5802,6747.93,47907,53583
P6255,M776704,Product M776704,09/10/2024,5802,6264.33,47907,51579
P6255,M776704,Product M776704,09/11/2024,5802,6522.40,47907,52972
P6255,M776704,Product M776704,09/18/2024,5802,6921.35,47907,53868
P6255,M776704,Product M776704,10/02/2024,5802,6066.29,47907,49703
P6255,M776704,Product M776704,10/08/2024,5802,6594.25,47907,55988
P6255,M776704,Product M776704,10/09/2024,5802,6455.96,47907,55886
P6255,M776704,Product M776704,10/16/2024,5802,7119.3,47907,56406
P6255,M776704,Product M776704,10/23/2024,5802,6537.95,47907,55956
P6255,M776704,Product M776704,10/30/2024,5802,,47907,
P6255,M776704,Product M776704,11/06/2024,5802,6907.88,47907,54495
P6255,M776704,Product M776704,11/12/2024,5802,6764.2,47907,54296
P6255,M776704,Product M776704,11/13/2024,5802,6933.18,47907,57692
P6255,M776704,Product M776704,11/19/2024,5802,6046.1,47907,51096
P6255,M776704,Product M776704,11/20/2024,5802,6312.5,47907,55232
P6255,M776704,Product M776704,12/11/2024,5802,6700.4,47907,55399
P6255,M776704,Product M776704,12/18/2024,5802,6434.23,47907,54618
P6255,M776704,Product M776704,12/24/2024,5802,6660.95,47907,48588
P6255,M776704,Product M776704,12/25/2024,5802,6732.85,47907,54856
P6255,M776704,Product M776704,01/01/2025,5802,6451,47907,55764
P6255,M776704,Product M776704,01/08/2025,5802,,47907,
P6255,M776704,Product M776704,01/15/2025,5802,,47907,
P6255,M776704,Product M776704,01/22/2025,5802,,47907,
P6255,M776704,Product M776704,01/29/2025,5802,,47907,
P2678,M417977,Product M417977,04/27/2024,12603,12246.7,137019.167,130222
P2678,M417977,Product M417977,08/31/2024,6302,6358,68509.584,69118
P2678,M417977,Product M417977,10/05/2024,9452,10118.4,102764.375,110000
P2678,M127574,Product M127574,03/02/2024,19958,22663,216983.254,230781.3
P2678,M127574,Product M127574,03/23/2024,19958,19917,216983.254,180017.02
P2678,M127574,Product M127574,03/30/2024,19958,20223,216983.254,186440.97
P2678,M127574,Product M127574,04/19/2024,19958,18831,216983.254,200324
P2678,M127574,Product M127574,05/04/2024,64865,60067,705195.576,624372
P2678,M127574,Product M127574,05/11/2024,24948,21171,271229.07,211246
P2678,M127574,Product M127574,05/18/2024,24948,23402,271229.07,257472
P2678,M127574,Product M127574,05/25/2024,19958,18684,216983.254,198193
P2678,M127574,Product M127574,06/01/2024,24948,23436,271229.07,235427
P2678,M127574,Product M127574,06/28/2024,19958,18771,216983.254,219315
P2678,M127574,Product M127574,08/02/2024,19958,20373,216983.254,195701
P2678,M127574,Product M127574,08/09/2024,19958,18019,216983.254,195895
P2678,M127574,Product M127574,08/23/2024,29938,28638,325474.881,307831
P2678,M127574,Product M127574,08/30/2024,29938,28579,325474.881,302136
P2678,M127574,Product M127574,09/06/2024,19958,20193,216983.254,206291
P2678,M127574,Product M127574,09/13/2024,19958,20079,216983.254,195212
P2678,M127574,Product M127574,09/27/2024,19958,20018,216983.254,194051
P2678,M127574,Product M127574,10/04/2024,19958,20308,216983.254,208388
P2678,M127574,Product M127574,10/11/2024,29938,26175,325474.881,251432
P2678,M127574,Product M127574,10/25/2024,29938,30109.1,325474.881,288702
P2678,M127574,Product M127574,11/01/2024,29938,30438,325474.881,295815
P2678,M127574,Product M127574,11/08/2024,29938,29023,325474.881,314191
P2678,M127574,Product M127574,12/06/2024,44906,43593,488212.322,458680
P2678,M127574,Product M127574,12/13/2024,29938,30385,325474.881,315094
P2678,M127574,Product M127574,12/27/2024,39917,39848,433966.508,414384
P2678,M127574,Product M127574,01/03/2025,29938,9575,325474.881,104097
P2678,M127574,Product M127574,01/10/2025,29938,,325474.881,
P2678,M127574,Product M127574,01/17/2025,29938,,325474.881,
P2678,M127574,Product M127574,01/31/2025,29938,,325474.881,
P2678,M511769,Product M511769,03/05/2024,18670,20671.2,197800.323,199807
P2678,M511769,Product M511769,03/12/2024,18670,20030.8,197800.323,212212.6
P2678,M511769,Product M511769,04/02/2024,18670,19994,197800.323,191121
P2678,M511769,Product M511769,04/23/2024,18670,24345.6,197800.323,242093
P2678,M511769,Product M511769,06/04/2024,14003,14732,148350.242,151556
P2678,M511769,Product M511769,06/11/2024,14003,13922,148350.242,142293
P2678,M511769,Product M511769,06/18/2024,14003,13522.6,148350.242,155341
P2678,M511769,Product M511769,07/02/2024,18670,14517.2,197800.323,153789
P2678,M511769,Product M511769,07/09/2024,14003,14780,148350.242,146994
P2678,M511769,Product M511769,07/16/2024,14003,14720,148350.242,147741
P2678,M511769,Product M511769,07/23/2024,14003,14716,148350.242,144679
P2678,M511769,Product M511769,10/15/2024,14003,14829,148350.242,157102
P2678,M511769,Product M511769,11/12/2024,14003,14677,148350.242,155495
P2678,M511769,Product M511769,11/19/2024,14003,16278.8,148350.242,145113
P2678,M511769,Product M511769,11/26/2024,14003,15499,148350.242,193437
P2678,M511769,Product M511769,12/17/2024,14003,15402,148350.242,148148
P2678,M511769,Product M511769,01/21/2025,14003,,148350.242,
P2678,M435725,Product M435725,03/16/2024,309206,279843,927617,894186.58
P2678,M435725,Product M435725,03/18/2024,212500,171436,637500,279474.298
P2678,M435725,Product M435725,03/30/2024,159375,114455,478125,330693.735
P2678,M435725,Product M435725,04/06/2024,106250,101498,318750,166083.07
P2678,M435725,Product M435725,04/13/2024,53125,52312,159375,153512
P2678,M435725,Product M435725,04/20/2024,53125,53582,159375,149055
P2678,M435725,Product M435725,04/27/2024,53125,57528,159375,202229
P2678,M435725,Product M435725,05/04/2024,106250,98804,318750,475462
P2678,M435725,Product M435725,05/10/2024,53125,114883,159375,356421
P2678,M435725,Product M435725,05/22/2024,106250,141678,318750,303982
P2678,M435725,Product M435725,05/30/2024,212500,159972,637500,338719
P2678,M435725,Product M435725,05/31/2024,106250,101638,318750,362575
P2678,M435725,Product M435725,06/07/2024,53125,50579,159375,
P2678,M435725,Product M435725,06/15/2024,53125,48250,159375,115649
P2678,M435725,Product M435725,06/22/2024,53125,52949,159375,262178
P2678,M435725,Product M435725,06/29/2024,53125,95744,159375,263056
P2678,M435725,Product M435725,07/06/2024,106250,115725,318750,189749
P2678,M435725,Product M435725,07/13/2024,53125,53694,159375,122773
P2678,M435725,Product M435725,07/21/2024,53125,52592,159375,122279
P2678,M435725,Product M435725,07/27/2024,53125,58283,159375,122241
P2678,M435725,Product M435725,08/03/2024,106250,104370,318750,289897
P2678,M435725,Product M435725,08/10/2024,53125,53402,159375,
P2678,M435725,Product M435725,08/17/2024,53125,111776,159375,201264
P2678,M435725,Product M435725,08/24/2024,106250,103373,318750,226682
P2678,M435725,Product M435725,08/31/2024,106250,95792,318750,226218
P2678,M435725,Product M435725,09/07/2024,106250,101903,318750,282300
P2678,M435725,Product M435725,09/14/2024,106250,92979,318750,278619
P2678,M435725,Product M435725,09/21/2024,106250,105675,318750,289015
P2678,M435725,Product M435725,09/28/2024,106250,100065,318750,281112
P2678,M435725,Product M435725,10/05/2024,106250,40060,318750,160746
P2678,M435725,Product M435725,10/12/2024,106250,116131,318750,367936
P2678,M435725,Product M435725,10/19/2024,159375,145237,478125,380876
P2678,M435725,Product M435725,10/26/2024,106250,109246,318750,372079
P2678,M435725,Product M435725,11/02/2024,106250,104093,318750,285781
P2678,M435725,Product M435725,11/09/2024,159375,54929,478125,229734
P2678,M435725,Product M435725,11/16/2024,106250,155270,318750,350706
P2678,M435725,Product M435725,11/30/2024,106250,97950,318750,376734
P2678,M435725,Product M435725,12/01/2024,106250,93486,318750,371953
P2678,M435725,Product M435725,12/08/2024,106250,91874,318750,345055
P2678,M435725,Product M435725,12/15/2024,53125,96070,159375,370937
P2678,M435725,Product M435725,12/28/2024,106250,45262,318750,127929
P2678,M435725,Product M435725,12/29/2024,106250,116928,318750,315418
P2678,M435725,Product M435725,01/04/2025,106250,107923,318750,398975
P0714,M371209,Product M371209,11/11/2024,17,33414,,800
P0714,M371209,Product M371209,11/29/2024,67,141774,,3675
P8103,M483046,Product M483046,03/23/2024,5085,5761.4,42880.4,48580.2
P8103,M483046,Product M483046,05/05/2024,8900,10043.16,75040.8,84682
P8103,M483046,Product M483046,06/04/2024,3814,3470.48,32160.3,41791
P8103,M483046,Product M483046,06/21/2024,10171,10292.6,85760.9,86785
P8103,M483046,Product M483046,07/09/2024,6357,3606.2,53601,40698
P8103,M483046,Product M483046,07/30/2024,7628,7880.70,64320.6,76105
P8103,M483046,Product M483046,08/12/2024,7628,7681.18,64320.6,77066
P8103,M483046,Product M483046,09/06/2024,12714,14294.09,107201,120527
P8103,M483046,Product M483046,10/25/2024,11442,13177.69,96481.0,111114
P8103,M483046,Product M483046,11/10/2024,3814,5132.05,32160.3,43268
P8103,M483046,Product M483046,12/13/2024,12714,14858.65,107201,128363
P8103,M483046,Product M483046,01/07/2025,5085,5071.42,42880.4,31310
P8103,M008838,Product M008838,05/26/2024,5592,5136.53,47154.4,43308
P8103,M008838,Product M008838,11/10/2024,1398,1564.07,11788.6,13180
P8103,M008838,Product M008838,11/23/2024,1398,1557.18,11788.6,13129
P8103,M008838,Product M008838,12/01/2024,4194,3327.80,35365.8,28057
P8103,M008838,Product M008838,12/08/2024,4194,4883.72,35365.8,41179
P8103,M008838,Product M008838,01/05/2025,2796,,23577.2,
P8103,M335449,Product M335449,03/07/2024,3312,3410.64,30865,31787.14
P8103,M335449,Product M335449,04/03/2024,3312,3402.28,30865,31709.20
P8103,M335449,Product M335449,04/10/2024,3312,3374.54,30865,31450.7
P8103,M335449,Product M335449,04/11/2024,16558,17646.78,154324,164468.03
P8103,M335449,Product M335449,04/27/2024,1656,1303.4,15432,12142
P8103,M335449,Product M335449,05/15/2024,9935,6601.9,92595,61530
P8103,M335449,Product M335449,08/21/2024,3312,3349.72,30865,31212
P8103,M335449,Product M335449,09/26/2024,3312,3625.21,30865,33777
P8103,M335449,Product M335449,12/12/2024,6623,7315.05,61730,68172
P8103,M335449,Product M335449,01/09/2025,6623,,61730,
P8103,M540387,Product M540387,04/14/2024,9876,9101.4,83270.4,95725.30
P8103,M540387,Product M540387,04/21/2024,4938,1776.11,41635.2,14971
P8103,M540387,Product M540387,04/29/2024,6584,5313.36,55513.6,59719
P8103,M540387,Product M540387,05/12/2024,3292,1723.46,27756.8,16459
P8103,M540387,Product M540387,06/02/2024,11521,12074.84,97148.8,122272
P8103,M540387,Product M540387,06/12/2024,3292,3518.03,27756.8,29656
P8103,M540387,Product M540387,06/23/2024,8230,8000.22,69392,67457
P8103,M540387,Product M540387,09/04/2024,6584,7436.08,55513.6,62695
P8103,M540387,Product M540387,10/23/2024,16459,19204.20,138784,161926
P8103,M540387,Product M540387,11/23/2024,1646,1975.99,13878.4,16654
P8103,M540387,Product M540387,11/27/2024,3292,3776.19,27756.8,31840
P8103,M847720,Product M847720,03/21/2024,4877,6323.88,39196.7,42047.11
P8103,M847720,Product M847720,04/18/2024,4877,5379.54,39196.7,47805.3
P8103,M847720,Product M847720,05/02/2024,4877,3821.41,39196.7,57225
P8103,M847720,Product M847720,05/09/2024,2438,1411.96,19598.3,12311
P8103,M847720,Product M847720,07/04/2024,4877,4967.58,39196.7,50534
P8103,M847720,Product M847720,09/01/2024,7315,8604,58795.0,69151
P8103,M847720,Product M847720,10/03/2024,4877,5764.56,39196.7,38216
P8103,M847720,Product M847720,11/24/2024,9754,11781.9,78393.3,93696
P8103,M883117,Product M883117,02/24/2024,7696,8732.85,74000,79003
P8103,M883117,Product M883117,02/25/2024,1283,1248.3,12333,12827
P8103,M883117,Product M883117,03/03/2024,8979,9019.14,86333,76913
P8103,M883117,Product M883117,03/10/2024,7696,8392.4,74000,81803.86
P8103,M883117,Product M883117,03/16/2024,12827,13957.15,123334,134197.97
P8103,M883117,Product M883117,03/21/2024,3848,5604.41,37000,52604
P8103,M883117,Product M883117,03/28/2024,5131,5519.21,49333,53067.18
P8103,M883117,Product M883117,04/04/2024,5131,6385.24,49333,61394.04
P8103,M883117,Product M883117,04/13/2024,12827,14252.11,123334,135632
P8103,M883117,Product M883117,04/20/2024,12827,9822.17,123334,89801
P8103,M883117,Product M883117,04/28/2024,10262,9635.7,98667,90714
P8103,M883117,Product M883117,05/04/2024,7696,6916.62,74000,66062
P8103,M883117,Product M883117,05/11/2024,12827,11895.51,123334,118271
P8103,M883117,Product M883117,05/18/2024,11544,10700.51,111000,103225
P8103,M883117,Product M883117,05/25/2024,11544,10271.91,111000,100546
P8103,M883117,Product M883117,05/30/2024,5131,4027.95,49333,32303
P8103,M883117,Product M883117,06/06/2024,2565,2681.81,24667,25784
P8103,M883117,Product M883117,06/15/2024,7696,7976.87,74000,78654
P8103,M883117,Product M883117,06/20/2024,3848,5285.78,37000,50821
P8103,M883117,Product M883117,06/29/2024,8979,9185.53,86333,96329
P8103,M883117,Product M883117,07/04/2024,2565,4092.97,24667,39351
P8103,M883117,Product M883117,07/13/2024,8979,10758.77,86333,102322
P8103,M883117,Product M883117,07/20/2024,10262,9891.17,98667,93182
P8103,M883117,Product M883117,07/27/2024,8979,10371.18,86333,100049
P8103,M883117,Product M883117,08/04/2024,10262,10236.62,98667,96305
P8103,M883117,Product M883117,08/10/2024,10262,11238.90,98667,102312
P8103,M883117,Product M883117,08/15/2024,5131,4138.26,49333,39783
P8103,M883117,Product M883117,08/24/2024,11544,13939,111000,127956
P8103,M883117,Product M883117,08/31/2024,10262,11084.59,98667,103149
P8103,M883117,Product M883117,09/07/2024,10262,11378.59,98667,100148
P8103,M883117,Product M883117,09/15/2024,6414,6910.3,61667,56957
P8103,M883117,Product M883117,09/21/2024,10262,10279.45,98667,88804
P8103,M883117,Product M883117,09/28/2024,10262,9543.66,98667,90748
P8103,M883117,Product M883117,10/05/2024,8979,10089.57,86333,88140
P8103,M883117,Product M883117,10/13/2024,10262,8873.81,98667,76580
P8103,M883117,Product M883117,10/19/2024,7696,8968.57,74000,78378
P8103,M883117,Product M883117,10/27/2024,7696,9070.31,74000,78911
P8103,M883117,Product M883117,11/02/2024,11544,13741.92,111000,114251
P8103,M883117,Product M883117,11/10/2024,5131,6202.10,49333,36431
P8103,M883117,Product M883117,11/16/2024,7696,9387.68,74000,90257
P8103,M883117,Product M883117,11/24/2024,7696,9974.78,74000,86827
P8103,M883117,Product M883117,12/01/2024,11544,13759.83,111000,108981
P8103,M883117,Product M883117,12/07/2024,3848,4453.43,37000,42812
P8103,M883117,Product M883117,12/08/2024,11544,13082.77,111000,112039
P8103,M883117,Product M883117,12/14/2024,7696,9392.01,74000,90303
P8103,M883117,Product M883117,12/21/2024,8979,9597.12,86333,82784
P8103,M883117,Product M883117,12/28/2024,11544,13403.3,111000,116421
P8103,M883117,Product M883117,01/04/2025,7696,,74000,
P8103,M883117,Product M883117,01/11/2025,11544,,111000,
P8103,M180955,Product M180955,03/05/2024,5210,5734.3,50098,52626
P8103,M180955,Product M180955,03/12/2024,5210,5713.55,50098,
P8103,M180955,Product M180955,03/18/2024,3474,3623.01,33399,23980.23
P8103,M180955,Product M180955,03/24/2024,10421,10959,100196,99211.28
P8103,M180955,Product M180955,03/31/2024,6947,7700.73,66797,74042.54
P8103,M180955,Product M180955,04/07/2024,10421,11109.61,100196,106819.0
P8103,M180955,Product M180955,04/14/2024,8684,7456.89,83497,69498.17
P8103,M180955,Product M180955,04/27/2024,17368,18543.64,166993,178297
P8103,M180955,Product M180955,04/30/2024,5516.86,5516.86,53044.592,59554
P8103,M180955,Product M180955,05/08/2024,3474,5268.11,33399,50651
P8103,M180955,Product M180955,05/14/2024,3474,3603.95,33399,34650
P8103,M180955,Product M180955,05/19/2024,17368,18235.44,166993,172478
P8103,M180955,Product M180955,05/29/2024,13894,11723.7,133595,159105
P8103,M180955,Product M180955,06/01/2024,15631,15999.36,150294,153832
P8103,M180955,Product M180955,06/09/2024,10421,12471.9,100196,133579
P8103,M180955,Product M180955,06/15/2024,17368,17720.92,166993,170384
P8103,M180955,Product M180955,06/25/2024,5210,5284.5,50098,81432
P8103,M180955,Product M180955,06/30/2024,12158,10684.86,116895,102732
P8103,M180955,Product M180955,07/06/2024,15631,15917.21,150294,153038
P8103,M180955,Product M180955,07/13/2024,17368,17402.04,166993,167317
P8103,M180955,Product M180955,07/20/2024,17368,17747.97,166993,170646
P8103,M180955,Product M180955,07/28/2024,13894,14233.55,133595,137334
P8103,M180955,Product M180955,08/04/2024,15631,16137.93,150294,165314
P8103,M180955,Product M180955,08/17/2024,12158,12945.85,116895,124472
P8103,M180955,Product M180955,08/25/2024,10421,12819.71,100196,123251
P8103,M180955,Product M180955,09/01/2024,17368,18364.23,166993,176563
P8103,M180955,Product M180955,09/10/2024,1737,3314.77,16699,46701
P8103,M180955,Product M180955,09/15/2024,17368,17247.60,166993,172669
P8103,M180955,Product M180955,09/22/2024,10421,11767.73,100196,113137
P8103,M180955,Product M180955,10/01/2024,1737,3887.89,16699,34736
P8103,M180955,Product M180955,10/08/2024,1737,1941.16,16699,15027
P8103,M180955,Product M180955,10/20/2024,15631,17205.63,150294,165427
P8103,M180955,Product M180955,10/27/2024,15631,17676.04,150294,169951
P8103,M180955,Product M180955,11/06/2024,5210,5783.52,50098,67799
P8103,M180955,Product M180955,11/10/2024,15631,17848.20,150294,169043
P8103,M180955,Product M180955,11/16/2024,15631,17577.2,150294,168997
P8103,M180955,Product M180955,11/23/2024,15631,17894.45,150294,172044
P8103,M180955,Product M180955,12/04/2024,5210,5301.86,50098,25001
P8103,M180955,Product M180955,12/10/2024,10421,13543.54,100196,137817
P8103,M180955,Product M180955,12/15/2024,15631,17940.56,150294,172494
P8103,M180955,Product M180955,12/24/2024,5210,5752.19,50098,44972
P8103,M180955,Product M180955,12/30/2024,17368,19486.66,166993,159176
P8103,M180955,Product M180955,01/04/2025,15631,17652.5,150294,169728
P8103,M180955,Product M180955,01/15/2025,10421,,100196,
P8103,M180955,Product M180955,01/22/2025,8684,,83497,
P8103,M134667,Product M134667,02/27/2024,13776,15385.96,115511.65,129006.62
P8103,M134667,Product M134667,03/30/2024,9184,8209.08,77007.77,73778.02
P8103,M134667,Product M134667,04/02/2024,12246,13454.15,102677.02,112809.00
P8103,M134667,Product M134667,05/08/2024,13776,12601.4,115511.65,105657
P8103,M134667,Product M134667,07/09/2024,13776,14509.35,115511.65,139855
P8103,M134667,Product M134667,08/13/2024,12246,13166.35,102677.02,125421.708
P8103,M134667,Product M134667,09/17/2024,13776,15777.65,115511.65,132210
P8103,M134667,Product M134667,10/16/2024,13776,15532.58,115511.65,130158
P8103,M134667,Product M134667,12/03/2024,7654,8926.13,64173.1,74800
P8103,M134667,Product M134667,12/31/2024,13776,,115511.65,
P8103,M342535,Product M342535,03/27/2024,13927,15428.55,134383.6,148870.10
P8103,M342535,Product M342535,04/23/2024,13927,15134.04,134383.6,141564.08
P8103,M342535,Product M342535,08/21/2024,19896,20668.8,191977,199434
P8103,M342535,Product M342535,10/16/2024,13927,15687.85,134383.6,150828
P8103,M342535,Product M342535,01/01/2025,9948,11447.76,95988,110068
P8103,M342535,Product M342535,01/29/2025,9948,,95988,
P6067,M409706,Product M409706,03/22/2024,59461,,634252.120,
P6067,M409706,Product M409706,03/23/2024,59461,59461,634252.120,559464
P6067,M409706,Product M409706,03/25/2024,16618,16810,177262.708,186284
P6067,M409706,Product M409706,03/26/2024,69307,73150,739277.713,788351
P6067,M409706,Product M409706,03/27/2024,33237,33333,354525.417,370308
P6067,M409706,Product M409706,03/28/2024,33237,29250,354525.417,308599
P6067,M409706,Product M409706,03/29/2024,33237,34005,354525.417,370478
P6067,M409706,Product M409706,04/01/2024,33237,,354525.417,
P6067,M409706,Product M409706,04/18/2024,33237,,354525.417,
P6067,M409706,Product M409706,04/24/2024,37319,67434,398072.615,740230
P6067,M409706,Product M409706,04/25/2024,34389,34389,366821.096,372591
P6067,M409706,Product M409706,04/27/2024,33237,28050,354525.417,324142
P6067,M409706,Product M409706,05/08/2024,33237,34245,354525.417,324126
P6067,M409706,Product M409706,05/11/2024,33189,15226,354013.10,184833
P6067,M409706,Product M409706,05/30/2024,33237,33237,354525.417,292021
P6067,M409706,Product M409706,06/01/2024,16618,33429,177262.708,356575
P6067,M409706,Product M409706,06/08/2024,16618,14217,177262.708,185554
P6067,M268907,Product M268907,05/26/2024,15500,14840,165336.736,170196
P6067,M268907,Product M268907,07/29/2024,15192,14399,162048.789,169993
P6067,M268907,Product M268907,11/09/2024,15236,14223,162518.496,168868
P6067,M824834,Product M824834,03/15/2024,29445,31051,314083.713,328417
P6067,M824834,Product M824834,03/18/2024,88336,26963,942251.140,328185
P6067,M824834,Product M824834,03/19/2024,32901,32901,350943.12,329181
P6067,M824834,Product M824834,03/21/2024,29445,,314083.713,
P6067,M824834,Product M824834,03/23/2024,29445,54121,314083.713,656513
P6067,M824834,Product M824834,04/26/2024,16791,23946,179105.588,187992
P6067,M824834,Product M824834,05/04/2024,34020,34020,362883.497,352371
P6067,M824834,Product M824834,06/01/2024,17034,16061,181701.322,187913
P6067,M824834,Product M824834,06/07/2024,29445,31246,314083.713,328430
P6067,M824834,Product M824834,11/01/2024,34361,34361,366517.523,373323
P6067,M824834,Product M824834,11/07/2024,30808,30808,328619.819,327273
P6067,M824834,Product M824834,11/22/2024,35480,17132,378457.896,186801
P6067,M824834,Product M824834,11/30/2024,35480,34604,378457.896,374358
P6067,M824834,Product M824834,12/07/2024,34069,35480,363402.64,376343
P6067,M824834,Product M824834,12/14/2024,34069,34750,363402.64,375880
P6067,M824834,Product M824834,12/20/2024,33631,31441,358730.32,373685
P6067,M824834,Product M824834,12/27/2024,33631,35724,358730.32,375076
P6067,M824834,Product M824834,01/03/2025,33631,,358730.32,
P6067,M824834,Product M824834,01/11/2025,33631,,358730.32,
P6067,M497025,Product M497025,04/22/2024,171720,169407,667784.7,595461
P6067,M497025,Product M497025,04/28/2024,171720,113764,667784.7,460430
P6067,M497025,Product M497025,05/14/2024,457920,113216,1780759.3,515168
P6067,M497025,Product M497025,06/07/2024,57240,,222594.9,
P6067,M497025,Product M497025,06/08/2024,114480,111022,445189.8,387188
P6067,M497025,Product M497025,06/16/2024,57240,58743,222594.9,229893
P6067,M497025,Product M497025,06/21/2024,57240,57121,222594.9,218484
P6067,M497025,Product M497025,07/02/2024,57240,57049,222594.9,222523
P6067,M497025,Product M497025,07/13/2024,57240,58957,222594.9,230147
P6067,M497025,Product M497025,07/23/2024,57240,56000,222594.9,224895
P6067,M497025,Product M497025,07/28/2024,57240,56167,222594.9,221990
P6067,M497025,Product M497025,08/05/2024,57240,56238,222594.9,223182
P6067,M497025,Product M497025,08/09/2024,57240,58480,222594.9,223410
P6067,M497025,Product M497025,08/16/2024,114480,114480,445189.8,445798
P6067,M497025,Product M497025,08/23/2024,114480,114671,445189.8,446372
P6067,M497025,Product M497025,08/28/2024,114480,115792,445189.8,445185
P6067,M497025,Product M497025,08/29/2024,57240,56811,222594.9,222361
P6067,M497025,Product M497025,09/02/2024,57240,58933,222594.9,224976
P6067,M497025,Product M497025,09/06/2024,57240,56787,222594.9,221364
P6067,M497025,Product M497025,09/07/2024,57240,56691,222594.9,220390
P6067,M497025,Product M497025,09/12/2024,57240,57765,222594.9,221586
P6067,M497025,Product M497025,09/17/2024,57240,59243,222594.9,222156
P6067,M497025,Product M497025,09/20/2024,57240,58599,222594.9,223319
P6067,M497025,Product M497025,09/24/2024,57240,58337,222594.9,223111
P6067,M497025,Product M497025,09/27/2024,57240,57335,222594.9,222212
P6067,M497025,Product M497025,09/29/2024,57240,58933,222594.9,221686
P6067,M497025,Product M497025,10/05/2024,57240,59243,222594.9,221846
P6067,M497025,Product M497025,10/11/2024,59410,59410,231034.969,223560
P6067,M497025,Product M497025,10/19/2024,57240,58313,222594.9,223656
P6067,M497025,Product M497025,10/25/2024,57240,57669,222594.9,223786
P6067,M497025,Product M497025,10/29/2024,57240,58099,222594.9,222902
P6067,M497025,Product M497025,11/03/2024,57240,59053,222594.9,222908
P6067,M497025,Product M497025,11/07/2024,57240,58409,222594.9,223539
P6067,M497025,Product M497025,11/17/2024,57240,57955,222594.9,222234
P6067,M497025,Product M497025,12/01/2024,114480,117962,445189.8,453762
P6067,M497025,Product M497025,12/10/2024,57240,58099,222594.9,220720
P6067,M497025,Product M497025,12/20/2024,57240,58266,222594.9,223184
P6067,M497025,Product M497025,12/26/2024,114480,114361,445189.8,445212
P6067,M497025,Product M497025,01/06/2025,57240,57669,222594.9,221668
P6067,M497025,Product M497025,01/24/2025,114480,111236,445189.8,449809
P6067,M568929,Product M568929,05/31/2024,3973,,47677,
P6067,M568929,Product M568929,06/08/2024,3973,3929,47677,50467
P6067,M568929,Product M568929,07/05/2024,1987,2914,23838,43315
P6067,M568929,Product M568929,07/28/2024,1987,1722,23838,28428
P6067,M568929,Product M568929,08/03/2024,839,839,10065,21702
P6067,M568929,Product M568929,08/11/2024,3311,2914,39730,39368
P6067,M568929,Product M568929,08/18/2024,3311,3002,39730,42941
P6067,M568929,Product M568929,08/30/2024,4635,4503,55623,59611
P6067,M568929,Product M568929,09/25/2024,5430,5430,65158,66670
P6067,M568929,Product M568929,10/06/2024,7946,7593,95353,91686
P6067,M568929,Product M568929,10/18/2024,7284,5253,87407,64479
P8815,M435725,Product M435725,03/09/2024,637500,635908,1912500,1230752.88
P8815,M435725,Product M435725,03/15/2024,212500,224503,637500,828560
P8815,M435725,Product M435725,03/16/2024,277042,277042,831125,743250.718
P8815,M435725,Product M435725,03/18/2024,265625,261527,796875,792037
P8815,M435725,Product M435725,03/30/2024,159375,148871,478125,477348
P8815,M435725,Product M435725,04/05/2024,53125,,159375,
P8815,M435725,Product M435725,04/12/2024,212500,161220,637500,725991
P8815,M435725,Product M435725,04/19/2024,265625,266236,796875,674882.869
P8815,M435725,Product M435725,04/26/2024,318750,236215,956250,452153
P8815,M435725,Product M435725,05/03/2024,53125,37099,159375,282950
P8815,M435725,Product M435725,05/08/2024,106250,100791,318750,212500
P8815,M435725,Product M435725,05/17/2024,318750,195077,956250,483113
P8815,M435725,Product M435725,05/30/2024,212500,53072,637500,535128
P8815,M435725,Product M435725,05/31/2024,212500,131535,637500,510957
P8815,M435725,Product M435725,06/05/2024,106250,93515,318750,408737
P8815,M435725,Product M435725,06/14/2024,265625,236261,796875,608062
P8815,M435725,Product M435725,06/21/2024,212500,178598,637500,637440
P8815,M435725,Product M435725,06/29/2024,212500,117965,637500,614815.633
P8815,M435725,Product M435725,07/06/2024,212500,205959,637500,624192
P8815,M435725,Product M435725,07/13/2024,212500,143185,637500,610061
P8815,M435725,Product M435725,07/19/2024,212500,170991,637500,639391
P8815,M435725,Product M435725,07/26/2024,212500,144414,637500,559300
P8815,M435725,Product M435725,08/02/2024,212500,169682,637500,681786
P8815,M435725,Product M435725,08/09/2024,159375,191108,478125,440834
P8815,M435725,Product M435725,08/16/2024,212500,138356,637500,694105
P8815,M435725,Product M435725,08/23/2024,212500,184278,637500,664425
P8815,M435725,Product M435725,08/30/2024,212500,191302,637500,696127
P8815,M435725,Product M435725,09/06/2024,265625,243482,796875,630653
P8815,M435725,Product M435725,09/13/2024,265625,455951,796875,814324
P8815,M435725,Product M435725,09/20/2024,265625,235721,796875,815708
P8815,M435725,Product M435725,09/27/2024,265625,263362,796875,762321
P8815,M435725,Product M435725,10/05/2024,265625,264310,796875,768212
P8815,M435725,Product M435725,10/11/2024,265625,242388,796875,826306
P8815,M435725,Product M435725,10/18/2024,318750,262246,956250,789258
P8815,M435725,Product M435725,10/25/2024,318750,300174,956250,768689
P8815,M435725,Product M435725,11/02/2024,159375,119711,478125,440253
P8815,M435725,Product M435725,11/09/2024,318750,300593,956250,959717
P8815,M435725,Product M435725,11/16/2024,318750,296014,956250,857195
P8815,M435725,Product M435725,11/24/2024,159375,309991,478125,718997
P8815,M435725,Product M435725,12/01/2024,159375,298927,478125,760345
P8815,M435725,Product M435725,12/15/2024,318750,296306,956250,866608
P8815,M435725,Product M435725,12/27/2024,637500,618526,1912500,1601317
P8815,M435725,Product M435725,01/04/2025,318750,302522,956250,907700
P0123,M371209,Product M371209,02/16/2024,42992,38215,16.991,105224
P0123,M371209,Product M371209,03/03/2024,40603,38215,16.048,98417
P0123,M371209,Product M371209,04/19/2024,38215,38215,15.104,103635
P0123,M371209,Product M371209,04/28/2024,38215,28047,15.104,114524
P0123,M371209,Product M371209,05/05/2024,38215,28661,15.104,95900
P1372,M597990,Product M597990,03/15/2024,9468,10018.4,95506.945,106509
P1372,M597990,Product M597990,03/22/2024,9468,9665,95506.945,108010
P1372,M597990,Product M597990,03/29/2024,9468,10338.72,95506.945,108122
P1372,M597990,Product M597990,04/05/2024,9468,10296.72,95506.945,107769
P1372,M597990,Product M597990,04/12/2024,9468,10020.90,95506.945,110630
P1372,M597990,Product M597990,04/19/2024,9468,10324.40,95506.945,110493
P1372,M597990,Product M597990,04/26/2024,9468,9835.45,95506.945,109523
P1372,M597990,Product M597990,05/03/2024,9468,10072.59,95506.945,113058
P1372,M597990,Product M597990,05/10/2024,9468,10073.59,95506.945,107018
P1372,M597990,Product M597990,05/17/2024,9468,9583.81,95506.945,103945
P1372,M597990,Product M597990,05/24/2024,9468,9603.06,95506.945,103219
P1372,M597990,Product M597990,05/31/2024,6312,5134.9,63671.296,54862
P1372,M597990,Product M597990,06/14/2024,9468,4908.43,95506.945,55197
P1372,M597990,Product M597990,06/21/2024,9468,8493.30,95506.945,94737
P1372,M597990,Product M597990,06/29/2024,7101,6729.19,71630.208,75709
P1372,M597990,Product M597990,07/12/2024,7101,6564.75,71630.208,75791
P1372,M597990,Product M597990,07/19/2024,7101,6573.76,71630.208,75774
P1372,M597990,Product M597990,07/26/2024,9468,9724.9,95506.945,109400
P1372,M597990,Product M597990,08/02/2024,7101,6567.9,71630.208,75446
P1372,M597990,Product M597990,08/09/2024,7101,6750.40,71630.208,75832
P1372,M597990,Product M597990,08/16/2024,7101,6603.0,71630.208,75425
P1372,M597990,Product M597990,08/23/2024,7101,6655.07,71630.208,75391
P1372,M597990,Product M597990,08/30/2024,9468,9987.27,95506.945,105483
P1372,M597990,Product M597990,09/06/2024,9468,10047.47,95506.945,101974
P1372,M597990,Product M597990,09/13/2024,9468,9865.40,95506.945,100399
P1372,M597990,Product M597990,09/27/2024,9468,9939.62,95506.945,104182
P1372,M597990,Product M597990,10/04/2024,9468,9739.20,95506.945,105294
P1372,M597990,Product M597990,10/11/2024,9468,9790.10,95506.945,102649
P1372,M597990,Product M597990,10/18/2024,9468,9043.17,95506.945,106054
P1372,M597990,Product M597990,10/25/2024,9468,9779.13,95506.945,108652
P1372,M597990,Product M597990,11/01/2024,7101,6394.10,71630.208,69025
P1372,M597990,Product M597990,11/08/2024,7101,7141,71630.208,72121
P1372,M597990,Product M597990,11/15/2024,9468,9713.8,95506.945,103567
P1372,M597990,Product M597990,11/23/2024,9468,10248.54,95506.945,104217
P1372,M597990,Product M597990,11/29/2024,9468,10379.63,95506.945,111754
P1372,M597990,Product M597990,12/06/2024,9468,10189.82,95506.945,104290
P1372,M597990,Product M597990,12/13/2024,9468,10237.0,95506.945,103283
P1372,M597990,Product M597990,12/20/2024,9468,10282.9,95506.945,106307
P1372,M597990,Product M597990,12/27/2024,9468,10281.41,95506.945,108948
P1372,M597990,Product M597990,01/01/2025,7101,7054.1,71630.208,75386
P1372,M597990,Product M597990,01/03/2025,9468,9319.02,95506.945,101454
P1372,M597990,Product M597990,01/10/2025,9468,10325.71,95506.945,107311
P1372,M597990,Product M597990,01/17/2025,7101,6645.26,71630.208,67867
P1372,M597990,Product M597990,01/24/2025,9468,9648.1,95506.945,100676
P1372,M597990,Product M597990,01/31/2025,9468,,95506.945,
P1372,M597990,Product M597990,02/07/2025,9468,,95506.945,
P1372,M597990,Product M597990,02/14/2025,9468,,95506.945,
P1372,M597990,Product M597990,02/21/2025,9468,,95506.945,
P1372,M435725,Product M435725,10/05/2024,106250,72410,318750,250416
P1372,M435725,Product M435725,10/11/2024,53125,24915,159375,85072
P1372,M435725,Product M435725,10/18/2024,53125,23724,159375,95012
P1372,M435725,Product M435725,10/31/2024,53125,33948,159375,129234
P1372,M435725,Product M435725,11/02/2024,53125,34494,159375,136352
P1372,M435725,Product M435725,11/09/2024,53125,34611,159375,138094
P1372,M435725,Product M435725,11/21/2024,53125,33857,159375,135564
P1372,M435725,Product M435725,11/24/2024,53125,35091,159375,125970
P1372,M435725,Product M435725,12/01/2024,53125,35479,159375,136810
P1372,M435725,Product M435725,12/07/2024,53125,35402,159375,136782
P1372,M435725,Product M435725,12/14/2024,53125,59582,159375,217833
P1372,M435725,Product M435725,12/23/2024,53125,34667,159375,137380
P1372,M435725,Product M435725,12/29/2024,53125,55590,159375,216772
P1372,M435725,Product M435725,01/04/2025,53125,,159375,
P3178,M658469,Product M658469,03/02/2024,12554,12610,10231.097,10
P3178,M658469,Product M658469,04/27/2024,12554,12441,10231.097,7
P3178,M658469,Product M658469,05/11/2024,16738,16587,13641.463,8
P3178,M658469,Product M658469,05/25/2024,20922,20389,17051.83,18384.62
P3178,M658469,Product M658469,06/22/2024,14646,14278,11936.280,14179.75
P3178,M658469,Product M658469,07/06/2024,14227,13843,11595.244,8
P3178,M658469,Product M658469,09/14/2024,16738,16776,13641.463,11
P3178,M658469,Product M658469,09/28/2024,16738,13050,13641.463,8
P3178,M658469,Product M658469,10/12/2024,25107,20815,20462.195,18993.67
P3178,M658469,Product M658469,11/23/2024,25107,23858,20462.195,20338.60
P3178,M658469,Product M658469,12/07/2024,16738,16854,13641.463,17086.5
P3178,M658469,Product M658469,01/04/2025,20922,,17051.83,
P3178,M658469,Product M658469,01/18/2025,16738,,13641.463,
P3178,M536332,Product M536332,02/14/2024,16848,16466,13731.113,15383.26
P3178,M536332,Product M536332,03/09/2024,16848,16882,13731.113,8
P3178,M536332,Product M536332,03/23/2024,16848,16746,13731.113,9
P3178,M536332,Product M536332,04/06/2024,16848,16441,13731.113,13244.09
P3178,M536332,Product M536332,06/01/2024,16848,13629,13731.113,7
P3178,M536332,Product M536332,08/10/2024,33696,33514,27462.227,17
P3178,M536332,Product M536332,08/24/2024,16848,16581,13731.113,8
P3178,M536332,Product M536332,10/19/2024,16848,16666,13731.113,14801.24
P3178,M536332,Product M536332,11/02/2024,22464,22424,18308.151,18444
P3178,M536332,Product M536332,12/14/2024,22464,22686,18308.151,18309.23
P2683,M471972,Product M471972,03/20/2024,5936,5215.06,63246.94,63047
P2683,M471972,Product M471972,03/22/2024,11421,9229.78,121687.112,123723
P2683,M471972,Product M471972,03/27/2024,14484,13272.79,154322.534,161592
P2683,M471972,Product M471972,03/29/2024,10922,9767.25,116374.369,123444
P2683,M471972,Product M471972,04/03/2024,14484,13671.12,154322.534,162733
P2683,M471972,Product M471972,04/05/2024,10922,9966.92,116374.369,128351
P2683,M471972,Product M471972,05/22/2024,14484,14290.65,154322.534,176914
P2683,M471972,Product M471972,05/24/2024,11160,11553.51,118904.248,145431
P2683,M471972,Product M471972,05/29/2024,16027,13635.73,170766.739,177190
P2683,M471972,Product M471972,06/19/2024,16027,9874.08,170766.739,120946
P2683,M471972,Product M471972,08/14/2024,14484,10055.04,154322.534,118991
P2683,M471972,Product M471972,09/06/2024,10685,12158.51,113844.493,143903
P2683,M471972,Product M471972,09/13/2024,10685,12472.26,113844.493,146728
P2683,M471972,Product M471972,11/06/2024,10685,10921.12,113844.493,118217
P2683,M471972,Product M471972,01/13/2025,11872,13777.91,126493.88,154171
P2683,M008838,Product M008838,03/01/2024,10486,10722.08,92829,92568
P2683,M008838,Product M008838,03/08/2024,10486,10590.27,92829,91018
P2683,M008838,Product M008838,06/18/2024,10486,12302.19,92829,113082
P2683,M008838,Product M008838,07/30/2024,10486,11890.16,92829,104542
P2683,M008838,Product M008838,10/22/2024,10486,11296.22,92829,110833
P2683,M008838,Product M008838,12/17/2024,10486,13756.77,92829,111029
P2683,M335449,Product M335449,02/21/2024,10866,12429.47,101015,109296
P2683,M335449,Product M335449,02/23/2024,13971,15585.3,129876,140755
P2683,M335449,Product M335449,02/25/2024,10866,12503.0,101015,108166
P2683,M335449,Product M335449,02/28/2024,4472.44,4472.44,41575.844,
P2683,M335449,Product M335449,03/20/2024,12419,12836.93,115445,113502
P2683,M335449,Product M335449,03/24/2024,12419,12910.52,115445,115515
P2683,M335449,Product M335449,03/27/2024,10866,12943.88,101015,116482
P2683,M335449,Product M335449,03/29/2024,13971,16014.98,129876,144928
P2683,M335449,Product M335449,04/03/2024,10866,13644.8,101015,122137
P2683,M335449,Product M335449,04/05/2024,13971,17211.66,129876,151752
P2683,M335449,Product M335449,04/07/2024,10866,13684.09,101015,123304
P2683,M335449,Product M335449,04/10/2024,10866,13594.27,101015,124670
P2683,M335449,Product M335449,04/12/2024,13971,17082.56,129876,151908
P2683,M335449,Product M335449,04/14/2024,10866,13662.72,101015,124478
P2683,M335449,Product M335449,04/17/2024,10866,13892.02,101015,126446
P2683,M335449,Product M335449,04/19/2024,13971,15973.3,129876,143879
P2683,M335449,Product M335449,04/21/2024,10866,14420.96,101015,130733
P2683,M335449,Product M335449,04/24/2024,10866,13973.34,101015,127060
P2683,M335449,Product M335449,04/28/2024,10866,13998.85,101015,130364
P2683,M335449,Product M335449,05/01/2024,10866,13897.10,101015,130939
P2683,M335449,Product M335449,05/17/2024,13971,10804.70,129876,105332
P2683,M335449,Product M335449,05/22/2024,10866,14002.03,101015,133309
P2683,M335449,Product M335449,06/07/2024,13971,11264.73,129876,107669
P2683,M335449,Product M335449,06/12/2024,10866,14295.40,101015,137113
P2683,M335449,Product M335449,07/05/2024,13971,10971.16,129876,105597
P2683,M335449,Product M335449,07/10/2024,10866,13959.76,101015,132360
P2683,M335449,Product M335449,07/21/2024,14489,14714.87,134686,131932
P2683,M335449,Product M335449,09/06/2024,13971,12264.40,129876,104709
P2683,M335449,Product M335449,09/29/2024,13971,15804.53,129876,128479
P2683,M335449,Product M335449,10/02/2024,10866,15761.15,101015,131343
P2683,M335449,Product M335449,10/30/2024,10866,16167.79,101015,132841
P2683,M335449,Product M335449,11/08/2024,10349,12242.98,96204,104375
P2683,M335449,Product M335449,11/22/2024,10349,13691.15,96204,111382
P2683,M335449,Product M335449,11/29/2024,10349,12656.70,96204,106675
P2683,M335449,Product M335449,12/04/2024,10866,15675.07,101015,134850
P2683,M335449,Product M335449,12/13/2024,10349,12680.52,96204,106691
P2683,M335449,Product M335449,01/01/2025,10866,15723.88,101015,135510
P2683,M335449,Product M335449,01/10/2025,10349,,96204,
P2683,M335449,Product M335449,01/15/2025,10866,,101015,
P2683,M335449,Product M335449,01/24/2025,10349,,96204,
P2683,M540387,Product M540387,03/31/2024,12756,13964.54,107289.7,117858
P2683,M540387,Product M540387,06/26/2024,12756,14971.48,107289.7,134831
P2683,M540387,Product M540387,08/11/2024,12344,13617.05,103829,119038
P2683,M540387,Product M540387,09/15/2024,12756,15698.11,107289.7,129476
P2683,M540387,Product M540387,09/18/2024,12756,15752.76,107289.7,129375
P2683,M540387,Product M540387,11/15/2024,10287,12819.26,86524,104086
P2683,M018621,Product M018621,03/16/2024,10225,11155.22,110904.1,116012
P2683,M018621,Product M018621,04/20/2024,9373,12658.58,101662.05,129870
P6677,M008838,Product M008838,03/29/2024,43690,42176.73,388404,408230
P6677,M008838,Product M008838,05/17/2024,43690,49885.44,388404,476173
P6677,M008838,Product M008838,06/21/2024,43690,53544.95,388404,499699
P6677,M008838,Product M008838,07/26/2024,43690,49070.57,388404,445052
P6677,M008838,Product M008838,09/27/2024,43690,49066.88,388404,434316
P6677,M008838,Product M008838,10/25/2024,43690,39779.44,388404,385096
P6677,M008838,Product M008838,12/27/2024,43690,53297.19,388404,489899
P6677,M335449,Product M335449,02/21/2024,49675,50330.49,462973,475041
P6677,M335449,Product M335449,02/28/2024,51745,55224.71,482263,501045
P6677,M335449,Product M335449,03/20/2024,51745,51112.62,482263,490430
P6677,M335449,Product M335449,03/27/2024,51745,51627.04,482263,492874
P6677,M335449,Product M335449,04/17/2024,51745,53548.89,482263,509675
P6677,M335449,Product M335449,04/24/2024,51745,48709.66,482263,468763
P6677,M335449,Product M335449,05/08/2024,51745,53087.75,482263,520337
P6677,M335449,Product M335449,05/15/2024,51745,58478.86,482263,569520
P6677,M335449,Product M335449,05/29/2024,51745,54440.55,482263,548734
P6677,M335449,Product M335449,06/12/2024,51745,58849.73,482263,571367
P6677,M335449,Product M335449,06/19/2024,51745,61949.13,482263,584796
P6677,M335449,Product M335449,07/17/2024,51745,45363.31,482263,448267
P6677,M335449,Product M335449,07/24/2024,51745,54719.09,482263,511214
P6677,M335449,Product M335449,08/21/2024,51745,47439.87,482263,432334
P6677,M335449,Product M335449,08/28/2024,51745,60843.54,482263,557918
P6677,M335449,Product M335449,09/04/2024,51745,63548.49,482263,579820
P6677,M335449,Product M335449,09/18/2024,51745,48736.79,482263,455561
P6677,M335449,Product M335449,10/16/2024,51745,61610.23,482263,552690
P6677,M335449,Product M335449,10/23/2024,51745,50426.28,482263,460490
P6677,M335449,Product M335449,11/06/2024,51745,55585.22,482263,505765
P6677,M335449,Product M335449,11/13/2024,51745,52511.81,482263,512667
P6677,M335449,Product M335449,11/20/2024,51745,54393.13,482263,504067
P6677,M335449,Product M335449,12/18/2024,51745,61538.42,482263,578821
P6677,M335449,Product M335449,12/25/2024,51745,50563.47,482263,481583
P6677,M335449,Product M335449,01/15/2025,51745,,482263,
P6677,M335449,Product M335449,01/22/2025,51745,,482263,
P6677,M862121,Product M862121,03/26/2024,60105,71523.17,577910,662576
P6677,M862121,Product M862121,04/02/2024,60105,60963.82,577910,566516
P6677,M862121,Product M862121,04/30/2024,60105,59512.02,577910,568561
P6677,M862121,Product M862121,05/21/2024,60105,56264.96,577910,535759
P6677,M862121,Product M862121,09/03/2024,60105,60639.75,577910,542687
P6677,M862121,Product M862121,10/15/2024,60105,77594.87,577910,728687
P6677,M862121,Product M862121,12/17/2024,60105,65056.49,577910,609403
P6677,M862121,Product M862121,12/31/2024,60105,63800.63,577910,616683
P6677,M862121,Product M862121,01/28/2025,60105,,577910,
P6677,M540387,Product M540387,10/09/2024,51435,69495.44,433700,592598
P6677,M490595,Product M490595,07/01/2024,52475,39482.24,501735.2,431844
P6677,M490595,Product M490595,07/29/2024,52475,53157.63,501735.2,570440
P6677,M490595,Product M490595,08/05/2024,52475,48212.93,501735.2,512393
P6677,M490595,Product M490595,09/02/2024,52475,41640.36,501735.2,449534
P6677,M490595,Product M490595,10/07/2024,52475,47966.20,501735.2,520403
P6677,M490595,Product M490595,12/30/2024,52475,48516.66,501735.2,511792
P6677,M220795,Product M220795,06/30/2024,102672,79336,104828.523,79767
P6677,M220795,Product M220795,07/28/2024,102672,113388,104828.523,116291
P6677,M220795,Product M220795,08/04/2024,102672,101923,104828.523,103007
P6677,M220795,Product M220795,09/01/2024,102672,105004,104828.523,104811
P6677,M220795,Product M220795,10/06/2024,102672,110650,104828.523,129713
P6677,M220795,Product M220795,12/29/2024,102672,123237,104828.523,123453
P5067,M796411,Product M796411,04/25/2024,14185,28370,14185,28370
P5067,M043019,Product M043019,03/29/2024,9931,,9931,
P5067,M043019,Product M043019,12/24/2024,16630,16391,16630,16389
P5067,M543076,Product M543076,03/26/2024,65642,29990,780185.490,295112
P5067,M543076,Product M543076,04/02/2024,32941,35932,391514.711,460535
P5067,M543076,Product M543076,04/25/2024,32821,32821,390092.745,492780
P5067,M543076,Product M543076,05/01/2024,40,,473.988,
P5067,M152429,Product M152429,04/12/2024,43151,,512871.759,
P5067,M152429,Product M152429,04/28/2024,51782,51782,615446.11,675986
P5067,M497025,Product M497025,03/22/2024,114480,117938,496054.547,489939
P5067,M497025,Product M497025,03/25/2024,114480,117199,496054.547,511079
P5067,M497025,Product M497025,03/29/2024,114480,116293,496054.547,490857
P5067,M497025,Product M497025,04/04/2024,114480,110282,496054.547,563163
P5067,M497025,Product M497025,04/07/2024,114480,107397,496054.547,463588
P5067,M497025,Product M497025,04/11/2024,114480,115768,496054.547,463072
P5067,M497025,Product M497025,04/14/2024,114480,113073,496054.547,481437
P5067,M497025,Product M497025,04/18/2024,114718,114718,497087.994,532575
P5067,M497025,Product M497025,04/21/2024,113860,113860,493367.585,506921
P5067,M497025,Product M497025,04/26/2024,114480,116579,496054.547,492045
P5067,M497025,Product M497025,04/29/2024,114480,110473,496054.547,1111299
P5067,M497025,Product M497025,05/02/2024,114480,106276,496054.547,470727
P5067,M497025,Product M497025,05/09/2024,114480,108899,496054.547,439239
P5067,M497025,Product M497025,05/12/2024,114480,106085,496054.547,448238
P5067,M497025,Product M497025,05/16/2024,114480,109376,496054.547,440740
P5067,M497025,Product M497025,05/17/2024,114480,92657,496054.547,406220
P5067,M497025,Product M497025,05/20/2024,114480,106920,496054.547,479731
P5067,M497025,Product M497025,05/26/2024,114480,101052,496054.547,426064
P5067,M497025,Product M497025,05/27/2024,114480,48892,496054.547,219071
P5067,M497025,Product M497025,05/31/2024,114480,96497,496054.547,403971
P5067,M497025,Product M497025,06/03/2024,114480,116269,496054.547,445350
P5067,M497025,Product M497025,06/07/2024,114480,109734,496054.547,480022
P5067,M497025,Product M497025,06/10/2024,114480,100909,496054.547,436397
P5067,M497025,Product M497025,06/14/2024,114480,115506,496054.547,511918
P5067,M497025,Product M497025,06/17/2024,114480,112477,496054.547,476228
P5067,M497025,Product M497025,06/21/2024,114480,117103,496054.547,599261
P5067,M497025,Product M497025,06/24/2024,114480,116030,496054.547,517256
P5067,M497025,Product M497025,06/28/2024,114480,110998,496054.547,477471
P5067,M497025,Product M497025,07/02/2024,114480,104248,496054.547,469360
P5067,M497025,Product M497025,07/05/2024,114480,113574,496054.547,596760
P5067,M497025,Product M497025,07/08/2024,114480,136650,496054.547,394863
P5067,M497025,Product M497025,07/12/2024,114480,105894,496054.547,463398
P5067,M497025,Product M497025,07/15/2024,114480,109567,496054.547,509000
P5067,M497025,Product M497025,07/19/2024,114480,107086,496054.547,468408
P5067,M497025,Product M497025,07/22/2024,114480,114742,496054.547,485457
P5067,M497025,Product M497025,07/28/2024,114480,112214,496054.547,504723
P5067,M497025,Product M497025,07/29/2024,114480,105417,496054.547,464427
P5067,M497025,Product M497025,08/02/2024,114480,105226,496054.547,500805
P5067,M497025,Product M497025,08/05/2024,114480,54068,496054.547,232832
P5067,M497025,Product M497025,08/09/2024,114480,109925,496054.547,489508
P5067,M497025,Product M497025,08/12/2024,114480,103294,496054.547,449617
P5067,M497025,Product M497025,08/16/2024,114480,108279,496054.547,466698
P5067,M497025,Product M497025,08/22/2024,114480,114170,496054.547,500181
P5067,M497025,Product M497025,08/26/2024,114480,113717,496054.547,510892
P5067,M497025,Product M497025,09/02/2024,114480,115863,496054.547,521080
P5067,M497025,Product M497025,09/06/2024,57240,109018,248027.274,485201
P5067,M497025,Product M497025,09/09/2024,114480,117080,496054.547,485451
P5067,M497025,Product M497025,09/13/2024,114480,104463,496054.547,442922
P5067,M497025,Product M497025,09/16/2024,114480,116507,496054.547,505886
P5067,M497025,Product M497025,09/20/2024,114480,108136,496054.547,445565
P5067,M497025,Product M497025,09/23/2024,114480,110425,496054.547,496370
P5067,M497025,Product M497025,09/27/2024,114480,106132,496054.547,446114
P5067,M497025,Product M497025,09/30/2024,114480,113526,496054.547,539400
P5067,M497025,Product M497025,10/02/2024,114480,116006,496054.547,491077
P5067,M497025,Product M497025,10/07/2024,114480,99359,496054.547,415318
P5067,M497025,Product M497025,10/11/2024,114480,108374,496054.547,456063
P5067,M497025,Product M497025,10/14/2024,114480,114933,496054.547,492357
P5067,M497025,Product M497025,10/18/2024,114480,112620,496054.547,466036
P5067,M497025,Product M497025,10/21/2024,114480,107778,496054.547,450493
P5067,M497025,Product M497025,10/25/2024,114480,58719,496054.547,316157
P5067,M497025,Product M497025,10/28/2024,114480,117151,496054.547,466169
P5067,M497025,Product M497025,11/01/2024,114480,109901,496054.547,550686
P5067,M497025,Product M497025,11/11/2024,114480,58075,496054.547,240414
P5067,M497025,Product M497025,11/18/2024,114480,109281,496054.547,459814
P5067,M497025,Product M497025,11/25/2024,114480,109185,496054.547,473266
P5067,M497025,Product M497025,11/29/2024,114480,109662,496054.547,498427
P5067,M497025,Product M497025,12/02/2024,114480,104105,496054.547,455418
P5067,M497025,Product M497025,12/06/2024,114480,108136,496054.547,447669
P5067,M497025,Product M497025,12/09/2024,114480,110402,496054.547,453783
P5067,M497025,Product M497025,12/13/2024,114480,110354,496054.547,480961
P5067,M497025,Product M497025,12/16/2024,114480,52160,496054.547,215961
P5067,M497025,Product M497025,12/20/2024,114480,96640,496054.547,405417
P5067,M497025,Product M497025,12/23/2024,114480,109424,496054.547,465422
P5067,M497025,Product M497025,12/27/2024,114480,117127,496054.547,641671
P5067,M497025,Product M497025,01/06/2025,114480,108040,496054.547,449328
P5067,M497025,Product M497025,01/10/2025,114480,106920,496054.547,460666
P5067,M497025,Product M497025,01/13/2025,114480,105822,496054.547,457969
P5067,M497025,Product M497025,01/17/2025,114480,114647,496054.547,487684
P5067,M497025,Product M497025,01/20/2025,114480,105322,496054.547,444380
P5067,M497025,Product M497025,01/24/2025,114480,112119,496054.547,472796
P5067,M497025,Product M497025,01/27/2025,114480,109161,496054.547,450736
P5067,M424921,Product M424921,07/16/2024,1,18040,1.094,
P5067,M424921,Product M424921,10/01/2024,47141,36903,52526.825,
P5067,M424921,Product M424921,10/05/2024,94282,60901,105053.650,
P5067,M424921,Product M424921,10/20/2024,50071,50071,55792.242,
P5067,M424921,Product M424921,10/26/2024,47141,41248,52526.825,
P5067,M424921,Product M424921,11/26/2024,20854,20854,23236.554,
P0629,M505738,Product M505738,03/15/2024,5883.72,6063.2,47475.722,46922
P0629,M505738,Product M505738,04/06/2024,5851,6547.1,47210.9,51070
P0629,M505738,Product M505738,04/13/2024,5851,5906.16,47210.9,46798
P0629,M505738,Product M505738,04/20/2024,5957,5869.25,48069.3,46870
P0629,M505738,Product M505738,05/04/2024,5957,5797.5,48069.3,46787
P0629,M505738,Product M505738,05/19/2024,5957,5642.13,48069.3,45991
P0629,M505738,Product M505738,06/01/2024,5957,5566.17,48069.3,46877
P0629,M505738,Product M505738,06/15/2024,5957,5530.6,48069.3,46885
P0629,M505738,Product M505738,06/22/2024,5957,5562.34,48069.3,46733
P0629,M505738,Product M505738,07/20/2024,5957,5359.80,48069.3,46793
P0629,M505738,Product M505738,07/27/2024,5957,5330.12,48069.3,46803
P0629,M505738,Product M505738,08/24/2024,5957,5659.68,48069.3,46841
P0629,M505738,Product M505738,08/31/2024,5957,5752.7,48069.3,46852
P0629,M505738,Product M505738,09/28/2024,5957,5942.97,48069.3,47882
P0629,M505738,Product M505738,10/05/2024,5957,5918.1,48069.3,46819
P0629,M505738,Product M505738,10/26/2024,5957,5878.1,48069.3,46737
P0629,M505738,Product M505738,11/09/2024,5957,,48069.3,
P0629,M505738,Product M505738,12/07/2024,5957,6159.2,48069.3,47805
P0629,M505738,Product M505738,12/28/2024,5957,6179.35,48069.3,47974
P0629,M505738,Product M505738,01/04/2025,5957,6007.23,48069.3,46844
P0629,M505738,Product M505738,01/11/2025,5957,6080.3,48069.3,46899
P0629,M505738,Product M505738,01/25/2025,5957,,48069.3,
P0629,M505738,Product M505738,02/01/2025,5957,,48069.3,
P0629,M505738,Product M505738,02/08/2025,5957,,48069.3,
P2256,M702939,Product M702939,01/26/2025,28243.7,27310,28243.7,28243.7
