MANDT,EBELN,BSTYP,BSART,LOEKZ,STATU,ERNAM,LIFNR,EKORG,EKGRP,WAERS,WKURS,BEDAT
800,102036,F,,,,Todd,35,3000,7,USD,,2022-04-16
800,102619,F,,,,Dave,74,1000,3,USD,,2022-04-06
800,103486,F,,,,Sally,65,1000,1,USD,,2022-03-06
800,103695,F,,,,Sally,65,1000,1,USD,,2022-03-13
800,104620,F,,,,Jack,15,3000,9,USD,,2022-04-28
800,104761,F,,,,George,72,1000,3,USD,,2022-03-17
800,106367,F,,,,Fred,77,1000,3,USD,,2022-05-23
800,106456,F,,,,Sara,86,2000,4,USD,,2022-01-25
800,107109,F,,,,Frank,82,2000,4,USD,,2022-06-19
800,107751,F,,,,Kim,43,2000,6,USD,,2022-04-02
800,107769,F,,,,Jack,55,3000,9,USD,,2022-01-24
800,107839,F,,,,Kristen,33,3000,7,USD,,2022-06-04
800,108111,F,,,,Dave,22,1000,3,USD,,2022-03-04
800,108256,F,,,,Jack,15,3000,9,USD,,2022-04-29
800,108488,F,,,,George,73,1000,3,USD,,2022-04-08
800,110590,F,,,,Mike,16,3000,9,USD,,2022-07-03
800,112597,F,,,,Joe,42,2000,6,USD,,2022-01-22
800,112823,F,,,,Jill,17,3000,9,USD,,2022-06-04
800,113096,F,,,,Kristen,32,3000,7,USD,,2022-02-02
800,113599,F,,,,Dave,71,1000,3,USD,,2022-03-17
800,114594,F,,,,Billy,63,1000,1,USD,,2022-02-14
800,114613,F,,,,Tom,85,2000,4,USD,,2022-04-12
800,114905,F,,,,Robert,42,2000,6,USD,,2022-05-18
800,117118,F,,,,Kristen,35,3000,7,USD,,2022-04-20
800,117555,F,,,,Billy,63,1000,1,USD,,2022-05-17
800,117786,F,,,,Kim,42,2000,6,USD,,2022-05-17
800,117832,F,,,,Tom,85,2000,4,USD,,2022-02-27
800,120677,F,,,,Mike,13,3000,9,USD,,2022-04-04
800,121071,F,,,,Jack,58,3000,9,USD,,2022-03-18
800,121370,F,,,,Jose,32,3000,7,USD,,2022-05-04
800,122700,F,,,,Tom,81,2000,4,USD,,2022-03-01
800,122941,F,,,,Jane,67,1000,1,USD,,2022-02-09
800,124844,F,,,,Mike,51,3000,9,USD,,2022-02-26
800,126069,F,,,,Kim,45,2000,6,USD,,2022-05-20
800,126078,F,,,,Billy,64,1000,1,USD,,2022-01-23
800,126859,F,,,,George,74,1000,3,USD,,2022-07-03
800,130009,F,,,,Jack,15,3000,9,USD,,2022-01-29
800,130247,F,,,,Fred,71,1000,3,USD,,2022-02-06
800,131338,F,,,,Jill,11,3000,9,USD,,2022-06-04
800,131975,F,,,,Mike,15,3000,9,USD,,2022-06-02
800,132638,F,,,,Jane,61,1000,1,USD,,2022-04-03
800,133412,F,,,,Dave,24,1000,3,USD,,2022-05-02
800,133796,F,,,,Kristen,33,3000,7,USD,,2022-06-24
800,134397,F,,,,George,77,1000,3,USD,,2022-05-29
800,135393,F,,,,Jack,51,3000,9,USD,,2022-06-03
800,136826,F,,,,Sally,65,1000,1,USD,,2022-06-10
800,137413,F,,,,Frank,81,2000,4,USD,,2022-02-16
800,139111,F,,,,Dave,72,1000,3,USD,,2022-07-07
800,140958,F,,,,Tom,82,2000,4,USD,,2022-03-13
800,141351,F,,,,Jane,63,1000,1,USD,,2022-05-27
800,143095,F,,,,Sally,66,1000,1,USD,,2022-02-28
800,143168,F,,,,Jill,52,3000,9,USD,,2022-01-27
800,145312,F,,,,Fred,22,1000,3,USD,,2022-04-12
800,146577,F,,,,Jane,61,1000,1,USD,,2022-02-15
800,149389,F,,,,Jose,36,3000,7,USD,,2022-04-24
800,153645,F,,,,George,77,1000,3,USD,,2022-07-05
800,154612,F,,,,Jill,14,3000,9,USD,,2022-06-13
800,155175,F,,,,Jack,53,3000,9,USD,,2022-04-21
800,155665,F,,,,Tom,88,2000,4,USD,,2022-06-10
800,156138,F,,,,Mike,55,3000,9,USD,,2022-04-14
800,156427,F,,,,Jill,11,3000,9,USD,,2022-06-06
800,157519,F,,,,George,22,1000,3,USD,,2022-06-19
800,157959,F,,,,Dave,22,1000,3,USD,,2022-06-05
800,158706,F,,,,Mike,14,3000,9,USD,,2022-04-04
800,162621,F,,,,Kim,45,2000,6,USD,,2022-04-15
800,163358,F,,,,Kristen,32,3000,7,USD,,2022-05-01
800,165428,F,,,,George,21,1000,3,USD,,2022-01-24
800,165461,F,,,,George,74,1000,3,USD,,2022-07-09
800,165835,F,,,,Tom,81,2000,4,USD,,2022-03-13
800,167170,F,,,,Jill,16,3000,9,USD,,2022-03-02
800,167188,F,,,,Dave,26,1000,3,USD,,2022-05-18
800,167246,F,,,,Tom,84,2000,4,USD,,2022-05-03
800,168615,F,,,,Sally,62,1000,1,USD,,2022-05-18
800,169488,F,,,,Billy,62,1000,1,USD,,2022-01-25
800,170233,F,,,,George,71,1000,3,USD,,2022-02-12
800,174075,F,,,,Fred,76,1000,3,USD,,2022-02-25
800,174233,F,,,,Dave,75,1000,3,USD,,2022-06-12
800,174510,F,,,,Jack,52,3000,9,USD,,2022-04-07
800,175243,F,,,,Todd,32,3000,7,USD,,2022-04-22
800,176688,F,,,,Robert,45,2000,6,USD,,2022-07-06
800,179596,F,,,,Tom,82,2000,4,USD,,2022-06-05
800,179901,F,,,,Mike,52,3000,9,USD,,2022-04-10
800,180686,F,,,,Todd,32,3000,7,USD,,2022-01-26
800,181331,F,,,,George,73,1000,3,USD,,2022-04-24
800,181420,F,,,,George,73,1000,3,USD,,2022-02-15
800,181859,F,,,,Jill,15,3000,9,USD,,2022-06-18
800,181979,F,,,,Dave,71,1000,3,USD,,2022-01-28
800,182534,F,,,,Jack,12,3000,9,USD,,2022-07-01
800,183611,F,,,,Sally,65,1000,1,USD,,2022-02-12
800,185351,F,,,,Sara,88,2000,4,USD,,2022-05-16
800,185979,F,,,,Tom,83,2000,4,USD,,2022-03-07
800,186808,F,,,,Tom,84,2000,4,USD,,2022-01-31
800,187898,F,,,,Dave,73,1000,3,USD,,2022-05-17
800,188055,F,,,,Jane,64,1000,1,USD,,2022-05-26
800,188343,F,,,,Jose,33,3000,7,USD,,2022-02-05
800,188561,F,,,,Jose,31,3000,7,USD,,2022-06-29
800,188964,F,,,,Fred,23,1000,3,USD,,2022-05-09
800,189829,F,,,,Jane,67,1000,1,USD,,2022-05-08
800,190234,F,,,,Dave,25,1000,3,USD,,2022-02-09
800,190844,F,,,,Jose,31,3000,7,USD,,2022-03-22
800,192155,F,,,,Kim,45,2000,6,USD,,2022-05-21
800,192840,F,,,,Fred,73,1000,3,USD,,2022-05-01
800,193222,F,,,,Jill,55,3000,9,USD,,2022-05-10
800,193928,F,,,,Jane,63,1000,1,USD,,2022-01-23
800,194824,F,,,,Kim,42,2000,6,USD,,2022-01-27
800,195184,F,,,,Dave,21,1000,3,USD,,2022-04-06
800,195786,F,,,,Jack,15,3000,9,USD,,2022-01-26
800,197020,F,,,,George,24,1000,3,USD,,2022-05-07
800,197542,F,,,,George,24,1000,3,USD,,2022-05-22
800,198260,F,,,,Jill,56,3000,9,USD,,2022-06-26
800,198622,F,,,,Jane,64,1000,1,USD,,2022-07-01
800,198965,F,,,,Frank,88,2000,4,USD,,2022-06-05
800,199390,F,,,,Todd,33,3000,7,USD,,2022-05-31
800,199915,F,,,,Kim,43,2000,6,USD,,2022-04-04
800,201824,F,,,,Jill,51,3000,9,USD,,2022-03-13
800,202251,F,,,,Billy,63,1000,1,USD,,2022-06-11
800,202626,F,,,,Fred,76,1000,3,USD,,2022-06-24
800,203318,F,,,,Jack,54,3000,9,USD,,2022-06-20
800,205449,F,,,,Sara,83,2000,4,USD,,2022-07-04
800,205568,F,,,,Jane,63,1000,1,USD,,2022-04-29
800,207548,F,,,,Fred,75,1000,3,USD,,2022-02-10
800,208333,F,,,,Jack,56,3000,9,USD,,2022-03-13
800,209937,F,,,,Jack,11,3000,9,USD,,2022-02-23
800,212134,F,,,,Sara,87,2000,4,USD,,2022-03-02
800,212277,F,,,,Tom,86,2000,4,USD,,2022-02-17
800,212694,F,,,,Kim,44,2000,6,USD,,2022-05-30
800,213374,F,,,,Kim,43,2000,6,USD,,2022-04-12
800,213552,F,,,,Robert,42,2000,6,USD,,2022-04-28
800,214823,F,,,,Dave,74,1000,3,USD,,2022-03-09
800,215190,F,,,,Sally,64,1000,1,USD,,2022-02-17
800,215813,F,,,,Fred,21,1000,3,USD,,2022-01-25
800,215932,F,,,,Jill,53,3000,9,USD,,2022-01-28
800,217215,F,,,,Frank,81,2000,4,USD,,2022-03-25
800,217669,F,,,,Dave,25,1000,3,USD,,2022-06-02
800,218700,F,,,,Fred,23,1000,3,USD,,2022-05-18
800,219106,F,,,,Jose,31,3000,7,USD,,2022-02-10
800,220320,F,,,,Tom,81,2000,4,USD,,2022-05-03
800,221949,F,,,,Sara,85,2000,4,USD,,2022-06-04
800,222379,F,,,,Dave,25,1000,3,USD,,2022-02-12
800,224624,F,,,,Kristen,33,3000,7,USD,,2022-03-04
800,224987,F,,,,George,71,1000,3,USD,,2022-02-21
800,225799,F,,,,Frank,82,2000,4,USD,,2022-05-27
800,226190,F,,,,Jose,34,3000,7,USD,,2022-07-06
800,226941,F,,,,Mike,15,3000,9,USD,,2022-02-27
800,227268,F,,,,Tom,83,2000,4,USD,,2022-04-10
800,227556,F,,,,Sally,62,1000,1,USD,,2022-06-18
800,227731,F,,,,Todd,32,3000,7,USD,,2022-04-05
800,228004,F,,,,Kristen,34,3000,7,USD,,2022-06-03
800,228238,F,,,,Sally,61,1000,1,USD,,2022-03-30
800,228368,F,,,,Dave,77,1000,3,USD,,2022-03-06
800,229065,F,,,,Todd,32,3000,7,USD,,2022-04-28
800,230273,F,,,,Kim,44,2000,6,USD,,2022-04-30
800,230695,F,,,,Mike,11,3000,9,USD,,2022-05-11
800,231545,F,,,,Fred,75,1000,3,USD,,2022-05-30
800,231625,F,,,,Mike,15,3000,9,USD,,2022-04-17
800,232564,F,,,,Jack,51,3000,9,USD,,2022-05-23
800,233514,F,,,,Todd,32,3000,7,USD,,2022-02-10
800,233961,F,,,,Fred,22,1000,3,USD,,2022-05-22
800,234956,F,,,,Tom,83,2000,4,USD,,2022-03-14
800,235973,F,,,,Jill,16,3000,9,USD,,2022-06-15
800,236436,F,,,,Todd,36,3000,7,USD,,2022-05-07
800,237859,F,,,,Jack,17,3000,9,USD,,2022-05-05
800,240381,F,,,,Jose,34,3000,7,USD,,2022-03-10
800,240637,F,,,,Tom,82,2000,4,USD,,2022-06-01
800,241476,F,,,,Robert,42,2000,6,USD,,2022-01-30
800,242341,F,,,,Fred,73,1000,3,USD,,2022-01-22
800,242959,F,,,,Jane,65,1000,1,USD,,2022-02-16
800,243850,F,,,,Jane,62,1000,1,USD,,2022-04-13
800,244152,F,,,,Jill,16,3000,9,USD,,2022-07-05
800,246300,F,,,,Todd,32,3000,7,USD,,2022-02-20
800,246818,F,,,,Robert,45,2000,6,USD,,2022-04-02
800,247172,F,,,,Mike,13,3000,9,USD,,2022-05-09
800,247192,F,,,,Kristen,32,3000,7,USD,,2022-06-20
800,248264,F,,,,Dave,75,1000,3,USD,,2022-01-25
800,248410,F,,,,Billy,63,1000,1,USD,,2022-02-17
800,249930,F,,,,Jill,15,3000,9,USD,,2022-01-27
800,251921,F,,,,Todd,37,3000,7,USD,,2022-07-04
800,252243,F,,,,Dave,73,1000,3,USD,,2022-02-02
800,252914,F,,,,Robert,44,2000,6,USD,,2022-03-03
800,252947,F,,,,Frank,87,2000,4,USD,,2022-02-28
800,253442,F,,,,Fred,72,1000,3,USD,,2022-03-26
800,255417,F,,,,Jack,14,3000,9,USD,,2022-05-06
800,257521,F,,,,Jane,62,1000,1,USD,,2022-05-16
800,257754,F,,,,Jill,56,3000,9,USD,,2022-07-07
800,259840,F,,,,Fred,76,1000,3,USD,,2022-04-20
800,260020,F,,,,Sara,88,2000,4,USD,,2022-03-16
800,261276,F,,,,Mike,58,3000,9,USD,,2022-05-14
800,262229,F,,,,Frank,85,2000,4,USD,,2022-06-27
800,263346,F,,,,Mike,57,3000,9,USD,,2022-02-21
800,264432,F,,,,Jane,66,1000,1,USD,,2022-07-02
800,265598,F,,,,Jack,51,3000,9,USD,,2022-05-09
800,268466,F,,,,Fred,74,1000,3,USD,,2022-06-22
800,268810,F,,,,Kristen,32,3000,7,USD,,2022-06-13
800,269964,F,,,,Robert,45,2000,6,USD,,2022-04-13
800,270186,F,,,,Fred,23,1000,3,USD,,2022-04-20
800,272906,F,,,,Mike,53,3000,9,USD,,2022-05-04
800,273214,F,,,,Mike,12,3000,9,USD,,2022-05-04
800,274052,F,,,,Dave,73,1000,3,USD,,2022-07-03
800,274195,F,,,,Fred,72,1000,3,USD,,2022-05-13
800,275648,F,,,,Todd,35,3000,7,USD,,2022-04-03
800,277275,F,,,,Mike,15,3000,9,USD,,2022-06-14
800,279993,F,,,,Mike,17,3000,9,USD,,2022-06-03
800,280748,F,,,,Jill,51,3000,9,USD,,2022-05-22
800,281238,F,,,,Todd,36,3000,7,USD,,2022-01-28
800,281469,F,,,,Fred,25,1000,3,USD,,2022-05-29
800,282281,F,,,,Jose,37,3000,7,USD,,2022-05-19
800,282343,F,,,,Mike,16,3000,9,USD,,2022-07-07
800,283908,F,,,,Tom,82,2000,4,USD,,2022-05-25
800,284576,F,,,,Jack,13,3000,9,USD,,2022-05-10
800,285027,F,,,,Todd,32,3000,7,USD,,2022-05-04
800,285243,F,,,,Jill,15,3000,9,USD,,2022-02-14
800,285409,F,,,,Frank,84,2000,4,USD,,2022-03-03
800,288215,F,,,,Fred,71,1000,3,USD,,2022-04-19
800,289113,F,,,,Kristen,32,3000,7,USD,,2022-02-23
800,289765,F,,,,Fred,22,1000,3,USD,,2022-04-30
800,289854,F,,,,Jose,37,3000,7,USD,,2022-02-26
800,291903,F,,,,Kim,41,2000,6,USD,,2022-02-12
800,292703,F,,,,Kristen,32,3000,7,USD,,2022-06-22
800,294423,F,,,,Kristen,35,3000,7,USD,,2022-03-10
800,294730,F,,,,Dave,76,1000,3,USD,,2022-06-14
800,295508,F,,,,Mike,58,3000,9,USD,,2022-03-24
800,295665,F,,,,Jill,56,3000,9,USD,,2022-05-30
800,296174,F,,,,Billy,63,1000,1,USD,,2022-03-14
800,296908,F,,,,Joe,45,2000,6,USD,,2022-02-06
800,297164,F,,,,Billy,63,1000,1,USD,,2022-04-07
800,297329,F,,,,Sally,67,1000,1,USD,,2022-03-17
800,297496,F,,,,Dave,23,1000,3,USD,,2022-04-05
800,298221,F,,,,Fred,75,1000,3,USD,,2022-05-22
800,299491,F,,,,Jill,15,3000,9,USD,,2022-02-26
800,300478,F,,,,George,22,1000,3,USD,,2022-05-23
800,301781,F,,,,Frank,84,2000,4,USD,,2022-05-05
800,301900,F,,,,Mike,12,3000,9,USD,,2022-06-09
800,302293,F,,,,Fred,27,1000,3,USD,,2022-05-10
800,303501,F,,,,Fred,22,1000,3,USD,,2022-03-01
800,304240,F,,,,Jose,37,3000,7,USD,,2022-06-14
800,304504,F,,,,Dave,22,1000,3,USD,,2022-04-30
800,305318,F,,,,Todd,31,3000,7,USD,,2022-05-26
800,305737,F,,,,Fred,26,1000,3,USD,,2022-06-02
800,306377,F,,,,Kim,42,2000,6,USD,,2022-03-03
800,306902,F,,,,Mike,12,3000,9,USD,,2022-05-30
800,306903,F,,,,Robert,45,2000,6,USD,,2022-04-21
800,307168,F,,,,Fred,72,1000,3,USD,,2022-06-12
800,307524,F,,,,Frank,84,2000,4,USD,,2022-02-16
800,307832,F,,,,Tom,84,2000,4,USD,,2022-04-12
800,307885,F,,,,Jill,58,3000,9,USD,,2022-03-14
800,308554,F,,,,Jill,56,3000,9,USD,,2022-05-15
800,311536,F,,,,Sara,87,2000,4,USD,,2022-02-19
800,311906,F,,,,Dave,75,1000,3,USD,,2022-03-02
800,312478,F,,,,George,24,1000,3,USD,,2022-01-24
800,312566,F,,,,Jill,11,3000,9,USD,,2022-06-21
800,313443,F,,,,Fred,76,1000,3,USD,,2022-02-02
800,315544,F,,,,Sara,82,2000,4,USD,,2022-04-09
800,316733,F,,,,Jack,57,3000,9,USD,,2022-03-26
800,317920,F,,,,Fred,21,1000,3,USD,,2022-07-08
800,317938,F,,,,Jill,52,3000,9,USD,,2022-05-08
800,318012,F,,,,Kristen,31,3000,7,USD,,2022-02-09
800,318132,F,,,,Jack,15,3000,9,USD,,2022-01-29
800,318312,F,,,,Mike,55,3000,9,USD,,2022-07-06
800,320435,F,,,,Joe,42,2000,6,USD,,2022-05-08
800,320474,F,,,,Mike,11,3000,9,USD,,2022-06-25
800,320903,F,,,,Jack,52,3000,9,USD,,2022-04-04
800,320945,F,,,,Jill,52,3000,9,USD,,2022-02-24
800,321295,F,,,,Jill,15,3000,9,USD,,2022-06-28
800,321606,F,,,,Todd,34,3000,7,USD,,2022-03-14
800,322109,F,,,,Jose,34,3000,7,USD,,2022-03-20
800,323063,F,,,,Dave,73,1000,3,USD,,2022-03-01
800,323168,F,,,,Jane,65,1000,1,USD,,2022-02-13
800,324715,F,,,,Fred,27,1000,3,USD,,2022-04-17
800,327302,F,,,,Dave,76,1000,3,USD,,2022-05-31
800,331511,F,,,,Jill,14,3000,9,USD,,2022-02-26
800,333562,F,,,,Joe,41,2000,6,USD,,2022-03-21
800,334833,F,,,,Tom,83,2000,4,USD,,2022-03-17
800,335769,F,,,,Dave,26,1000,3,USD,,2022-06-21
800,336269,F,,,,Tom,84,2000,4,USD,,2022-05-13
800,337525,F,,,,Kim,44,2000,6,USD,,2022-06-29
800,337948,F,,,,Kristen,35,3000,7,USD,,2022-07-04
800,342785,F,,,,Jack,55,3000,9,USD,,2022-01-29
800,345540,F,,,,Kim,42,2000,6,USD,,2022-04-18
800,346990,F,,,,Jill,13,3000,9,USD,,2022-05-25
800,347160,F,,,,Joe,42,2000,6,USD,,2022-05-06
800,348616,F,,,,Todd,32,3000,7,USD,,2022-01-29
800,348916,F,,,,Sally,64,1000,1,USD,,2022-05-10
800,349016,F,,,,Jose,34,3000,7,USD,,2022-06-02
800,349770,F,,,,George,22,1000,3,USD,,2022-06-28
800,349784,F,,,,Tom,82,2000,4,USD,,2022-03-04
800,351008,F,,,,Sara,88,2000,4,USD,,2022-02-06
800,352329,F,,,,Dave,21,1000,3,USD,,2022-03-24
800,352446,F,,,,Sally,65,1000,1,USD,,2022-05-08
800,353754,F,,,,Jack,56,3000,9,USD,,2022-05-07
800,354688,F,,,,Jill,15,3000,9,USD,,2022-04-01
800,355523,F,,,,Joe,43,2000,6,USD,,2022-02-28
800,357080,F,,,,George,25,1000,3,USD,,2022-06-27
800,362290,F,,,,George,22,1000,3,USD,,2022-02-14
800,362722,F,,,,Todd,31,3000,7,USD,,2022-02-26
800,363584,F,,,,Dave,75,1000,3,USD,,2022-03-04
800,364417,F,,,,Jose,31,3000,7,USD,,2022-01-31
800,366909,F,,,,Todd,32,3000,7,USD,,2022-03-08
800,367768,F,,,,Sally,61,1000,1,USD,,2022-03-01
800,368032,F,,,,Billy,62,1000,1,USD,,2022-06-08
800,369815,F,,,,Frank,86,2000,4,USD,,2022-02-20
800,373398,F,,,,Dave,26,1000,3,USD,,2022-05-12
800,373489,F,,,,Jose,31,3000,7,USD,,2022-03-09
800,375257,F,,,,Frank,88,2000,4,USD,,2022-02-03
800,376206,F,,,,Dave,73,1000,3,USD,,2022-04-04
800,378036,F,,,,Jose,32,3000,7,USD,,2022-04-09
800,378190,F,,,,Joe,41,2000,6,USD,,2022-03-21
800,379505,F,,,,Jack,56,3000,9,USD,,2022-03-28
800,379762,F,,,,Billy,62,1000,1,USD,,2022-05-22
800,381190,F,,,,Jack,15,3000,9,USD,,2022-05-31
800,382353,F,,,,Kristen,31,3000,7,USD,,2022-02-19
800,383512,F,,,,Jane,66,1000,1,USD,,2022-04-24
800,384338,F,,,,Frank,86,2000,4,USD,,2022-01-21
800,387135,F,,,,Dave,75,1000,3,USD,,2022-02-12
800,387187,F,,,,Todd,33,3000,7,USD,,2022-03-02
800,389110,F,,,,Fred,21,1000,3,USD,,2022-03-21
800,391186,F,,,,Kristen,35,3000,7,USD,,2022-04-28
800,392099,F,,,,Billy,66,1000,1,USD,,2022-03-27
800,393079,F,,,,Fred,21,1000,3,USD,,2022-05-08
800,393631,F,,,,Jack,12,3000,9,USD,,2022-06-25
800,394796,F,,,,Mike,55,3000,9,USD,,2022-04-07
800,397075,F,,,,Fred,21,1000,3,USD,,2022-04-01
800,397644,F,,,,Sara,85,2000,4,USD,,2022-04-13
800,398328,F,,,,Tom,86,2000,4,USD,,2022-04-28
800,400047,F,,,,Jose,31,3000,7,USD,,2022-05-23
800,401420,F,,,,Kristen,36,3000,7,USD,,2022-06-17
800,403373,F,,,,Dave,76,1000,3,USD,,2022-04-13
800,403871,F,,,,Mike,15,3000,9,USD,,2022-03-21
800,404893,F,,,,Jack,56,3000,9,USD,,2022-06-27
800,407910,F,,,,Joe,44,2000,6,USD,,2022-03-18
800,408106,F,,,,Kim,43,2000,6,USD,,2022-04-01
800,408224,F,,,,George,73,1000,3,USD,,2022-05-27
800,408462,F,,,,Todd,35,3000,7,USD,,2022-05-23
800,408609,F,,,,George,23,1000,3,USD,,2022-06-15
800,409021,F,,,,Jane,65,1000,1,USD,,2022-07-06
800,410619,F,,,,Fred,76,1000,3,USD,,2022-03-31
800,413428,F,,,,Tom,85,2000,4,USD,,2022-05-28
800,413633,F,,,,Fred,24,1000,3,USD,,2022-05-16
800,414366,F,,,,Todd,35,3000,7,USD,,2022-05-05
800,414431,F,,,,Kim,43,2000,6,USD,,2022-03-19
800,416192,F,,,,Kristen,33,3000,7,USD,,2022-03-07
800,417086,F,,,,Jose,33,3000,7,USD,,2022-02-11
800,417671,F,,,,Dave,21,1000,3,USD,,2022-02-24
800,417905,F,,,,Tom,87,2000,4,USD,,2022-04-18
800,419369,F,,,,Sally,62,1000,1,USD,,2022-05-09
800,420141,F,,,,Dave,75,1000,3,USD,,2022-06-08
800,420484,F,,,,Todd,32,3000,7,USD,,2022-05-18
800,420537,F,,,,Jose,32,3000,7,USD,,2022-06-12
800,420721,F,,,,Dave,24,1000,3,USD,,2022-06-24
800,422702,F,,,,Kim,42,2000,6,USD,,2022-05-22
800,423102,F,,,,George,23,1000,3,USD,,2022-03-20
800,423114,F,,,,Fred,21,1000,3,USD,,2022-01-28
800,424161,F,,,,Frank,83,2000,4,USD,,2022-02-07
800,425728,F,,,,Joe,45,2000,6,USD,,2022-04-15
800,426180,F,,,,Jill,54,3000,9,USD,,2022-04-01
800,428521,F,,,,Todd,32,3000,7,USD,,2022-02-28
800,429680,F,,,,Kim,41,2000,6,USD,,2022-01-29
800,430062,F,,,,Todd,34,3000,7,USD,,2022-04-29
800,430694,F,,,,George,22,1000,3,USD,,2022-06-21
800,431367,F,,,,Jack,14,3000,9,USD,,2022-06-03
800,431394,F,,,,Dave,76,1000,3,USD,,2022-05-18
800,432970,F,,,,George,73,1000,3,USD,,2022-04-20
800,433371,F,,,,Kim,44,2000,6,USD,,2022-06-25
800,433814,F,,,,Jose,31,3000,7,USD,,2022-03-03
800,434281,F,,,,George,77,1000,3,USD,,2022-01-25
800,435724,F,,,,Jill,16,3000,9,USD,,2022-03-30
800,436236,F,,,,Jose,31,3000,7,USD,,2022-04-05
800,436595,F,,,,Todd,31,3000,7,USD,,2022-04-02
800,436995,F,,,,Kristen,33,3000,7,USD,,2022-06-06
800,437115,F,,,,Dave,22,1000,3,USD,,2022-06-19
800,437257,F,,,,Billy,62,1000,1,USD,,2022-01-24
800,438149,F,,,,Kristen,37,3000,7,USD,,2022-03-29
800,438727,F,,,,George,75,1000,3,USD,,2022-05-25
800,438996,F,,,,Fred,76,1000,3,USD,,2022-01-22
800,440770,F,,,,George,27,1000,3,USD,,2022-07-05
800,441425,F,,,,Tom,81,2000,4,USD,,2022-05-05
800,441693,F,,,,Kim,42,2000,6,USD,,2022-03-23
800,442413,F,,,,Joe,45,2000,6,USD,,2022-05-13
800,443920,F,,,,Kristen,33,3000,7,USD,,2022-04-13
800,445390,F,,,,Fred,73,1000,3,USD,,2022-01-25
800,445626,F,,,,Dave,26,1000,3,USD,,2022-06-04
800,446104,F,,,,Jack,51,3000,9,USD,,2022-06-22
800,447063,F,,,,Sally,62,1000,1,USD,,2022-05-09
800,447095,F,,,,Tom,83,2000,4,USD,,2022-04-20
800,447702,F,,,,Sally,63,1000,1,USD,,2022-05-30
800,448424,F,,,,Kristen,36,3000,7,USD,,2022-03-16
800,448927,F,,,,Dave,27,1000,3,USD,,2022-06-24
800,450756,F,,,,Tom,87,2000,4,USD,,2022-03-19
800,451112,F,,,,Frank,88,2000,4,USD,,2022-03-18
800,452486,F,,,,Sara,86,2000,4,USD,,2022-06-10
800,454405,F,,,,Jill,58,3000,9,USD,,2022-03-26
800,454887,F,,,,Mike,13,3000,9,USD,,2022-02-02
800,456738,F,,,,Jill,16,3000,9,USD,,2022-04-27
800,457500,F,,,,Joe,45,2000,6,USD,,2022-06-24
800,457552,F,,,,Mike,13,3000,9,USD,,2022-07-10
800,458232,F,,,,Todd,36,3000,7,USD,,2022-06-25
800,458706,F,,,,Kristen,37,3000,7,USD,,2022-03-03
800,459829,F,,,,Fred,22,1000,3,USD,,2022-03-15
800,461393,F,,,,Jill,55,3000,9,USD,,2022-06-21
800,462771,F,,,,Jack,58,3000,9,USD,,2022-02-11
800,463910,F,,,,Fred,26,1000,3,USD,,2022-05-03
800,467362,F,,,,Sally,61,1000,1,USD,,2022-06-22
800,467996,F,,,,Jill,15,3000,9,USD,,2022-03-07
800,468057,F,,,,Fred,76,1000,3,USD,,2022-05-22
800,468308,F,,,,George,72,1000,3,USD,,2022-07-07
800,468607,F,,,,Dave,21,1000,3,USD,,2022-06-09
800,469374,F,,,,George,73,1000,3,USD,,2022-04-06
800,472508,F,,,,Jack,12,3000,9,USD,,2022-04-03
800,473847,F,,,,Jack,53,3000,9,USD,,2022-02-21
800,475796,F,,,,Jill,16,3000,9,USD,,2022-05-09
800,476382,F,,,,Billy,61,1000,1,USD,,2022-06-28
800,476986,F,,,,Mike,16,3000,9,USD,,2022-04-02
800,477851,F,,,,Kim,42,2000,6,USD,,2022-06-06
800,478568,F,,,,Fred,27,1000,3,USD,,2022-06-01
800,479939,F,,,,Frank,88,2000,4,USD,,2022-02-06
800,480700,F,,,,Frank,83,2000,4,USD,,2022-05-18
800,483343,F,,,,Jack,51,3000,9,USD,,2022-03-04
800,484154,F,,,,Dave,71,1000,3,USD,,2022-05-07
800,484380,F,,,,Kim,41,2000,6,USD,,2022-05-06
800,484617,F,,,,Jane,62,1000,1,USD,,2022-03-11
800,485857,F,,,,Kristen,32,3000,7,USD,,2022-04-04
800,488063,F,,,,Jill,15,3000,9,USD,,2022-05-31
800,488675,F,,,,Jill,58,3000,9,USD,,2022-04-21
800,488778,F,,,,George,73,1000,3,USD,,2022-05-05
800,489009,F,,,,Jill,57,3000,9,USD,,2022-06-01
800,490571,F,,,,Sally,63,1000,1,USD,,2022-04-12
800,490784,F,,,,Dave,73,1000,3,USD,,2022-04-27
800,491774,F,,,,Sara,83,2000,4,USD,,2022-05-16
800,493902,F,,,,Joe,42,2000,6,USD,,2022-06-25
800,494221,F,,,,Tom,82,2000,4,USD,,2022-06-20
800,494284,F,,,,Jack,57,3000,9,USD,,2022-05-07
800,495159,F,,,,Jill,55,3000,9,USD,,2022-05-25
800,495504,F,,,,George,73,1000,3,USD,,2022-05-15
800,498642,F,,,,Jack,11,3000,9,USD,,2022-07-02
800,498734,F,,,,Jack,15,3000,9,USD,,2022-04-23
800,498816,F,,,,Sara,83,2000,4,USD,,2022-02-16
800,499023,F,,,,Jack,15,3000,9,USD,,2022-03-18
800,499039,F,,,,Sally,62,1000,1,USD,,2022-05-28
800,499536,F,,,,Jack,15,3000,9,USD,,2022-03-20
800,500033,F,,,,Mike,16,3000,9,USD,,2022-04-21
800,500079,F,,,,Kim,45,2000,6,USD,,2022-06-15
800,500280,F,,,,Dave,76,1000,3,USD,,2022-03-20
800,500433,F,,,,Tom,83,2000,4,USD,,2022-01-31
800,501200,F,,,,Frank,87,2000,4,USD,,2022-04-23
800,501297,F,,,,Todd,33,3000,7,USD,,2022-06-22
800,502210,F,,,,Jill,56,3000,9,USD,,2022-04-15
800,502835,F,,,,Dave,27,1000,3,USD,,2022-03-13
800,505711,F,,,,Jose,36,3000,7,USD,,2022-04-04
800,507640,F,,,,Fred,76,1000,3,USD,,2022-05-09
800,509468,F,,,,Kim,42,2000,6,USD,,2022-02-09
800,509959,F,,,,George,71,1000,3,USD,,2022-04-17
800,510416,F,,,,Fred,74,1000,3,USD,,2022-04-06
800,512192,F,,,,Fred,22,1000,3,USD,,2022-02-11
800,512334,F,,,,Kristen,34,3000,7,USD,,2022-03-22
800,513311,F,,,,Frank,85,2000,4,USD,,2022-05-12
800,514218,F,,,,George,74,1000,3,USD,,2022-03-15
800,515238,F,,,,Dave,22,1000,3,USD,,2022-02-06
800,516394,F,,,,Mike,52,3000,9,USD,,2022-03-01
800,519842,F,,,,Jack,12,3000,9,USD,,2022-02-24
800,522381,F,,,,Mike,58,3000,9,USD,,2022-01-29
800,523234,F,,,,Fred,23,1000,3,USD,,2022-04-12
800,523771,F,,,,Billy,62,1000,1,USD,,2022-03-05
800,523798,F,,,,George,22,1000,3,USD,,2022-06-25
800,525598,F,,,,Dave,73,1000,3,USD,,2022-04-16
800,527015,F,,,,Jack,54,3000,9,USD,,2022-06-28
800,527181,F,,,,Mike,14,3000,9,USD,,2022-05-11
800,527879,F,,,,Frank,83,2000,4,USD,,2022-06-09
800,529000,F,,,,Jane,62,1000,1,USD,,2022-05-12
800,530713,F,,,,Tom,82,2000,4,USD,,2022-05-29
800,530945,F,,,,Dave,22,1000,3,USD,,2022-04-30
800,531165,F,,,,Jill,12,3000,9,USD,,2022-04-29
800,531203,F,,,,Joe,44,2000,6,USD,,2022-05-04
800,532622,F,,,,Todd,36,3000,7,USD,,2022-06-30
800,536613,F,,,,Joe,45,2000,6,USD,,2022-01-23
800,538984,F,,,,Frank,85,2000,4,USD,,2022-03-12
800,539253,F,,,,Dave,76,1000,3,USD,,2022-02-05
800,540382,F,,,,Billy,65,1000,1,USD,,2022-05-08
800,540467,F,,,,Todd,31,3000,7,USD,,2022-04-22
800,542438,F,,,,Jack,57,3000,9,USD,,2022-04-20
800,542820,F,,,,Jill,56,3000,9,USD,,2022-05-30
800,542953,F,,,,Mike,15,3000,9,USD,,2022-06-17
800,545169,F,,,,Jack,55,3000,9,USD,,2022-01-30
800,545535,F,,,,Dave,22,1000,3,USD,,2022-06-22
800,545634,F,,,,Kim,42,2000,6,USD,,2022-02-12
800,548249,F,,,,Mike,53,3000,9,USD,,2022-02-11
800,549230,F,,,,Jose,33,3000,7,USD,,2022-01-26
800,549962,F,,,,George,21,1000,3,USD,,2022-02-15
800,550425,F,,,,Jack,11,3000,9,USD,,2022-04-30
800,552498,F,,,,Kim,42,2000,6,USD,,2022-02-14
800,552815,F,,,,Sara,84,2000,4,USD,,2022-02-18
800,554582,F,,,,Jill,13,3000,9,USD,,2022-04-05
800,555505,F,,,,Joe,45,2000,6,USD,,2022-02-20
800,555677,F,,,,Mike,15,3000,9,USD,,2022-06-06
800,555834,F,,,,Frank,84,2000,4,USD,,2022-06-28
800,557669,F,,,,Fred,74,1000,3,USD,,2022-06-05
800,560366,F,,,,Todd,32,3000,7,USD,,2022-07-03
800,560528,F,,,,George,73,1000,3,USD,,2022-01-25
800,563269,F,,,,George,22,1000,3,USD,,2022-03-05
800,563560,F,,,,Fred,24,1000,3,USD,,2022-02-25
800,564384,F,,,,Robert,45,2000,6,USD,,2022-02-22
800,565257,F,,,,Sally,63,1000,1,USD,,2022-06-22
800,565647,F,,,,Todd,36,3000,7,USD,,2022-05-25
800,566878,F,,,,Dave,23,1000,3,USD,,2022-07-09
800,567462,F,,,,Fred,75,1000,3,USD,,2022-06-20
800,567759,F,,,,Jack,51,3000,9,USD,,2022-03-23
800,567825,F,,,,Sara,82,2000,4,USD,,2022-05-20
800,572565,F,,,,Fred,73,1000,3,USD,,2022-06-24
800,573138,F,,,,Fred,74,1000,3,USD,,2022-03-07
800,575227,F,,,,Kristen,36,3000,7,USD,,2022-03-09
800,575573,F,,,,Dave,24,1000,3,USD,,2022-04-11
800,576058,F,,,,Dave,21,1000,3,USD,,2022-04-05
800,576363,F,,,,Joe,42,2000,6,USD,,2022-05-19
800,578054,F,,,,Dave,23,1000,3,USD,,2022-06-14
800,581482,F,,,,Sally,61,1000,1,USD,,2022-05-10
800,581820,F,,,,Todd,31,3000,7,USD,,2022-02-12
800,583527,F,,,,Jose,32,3000,7,USD,,2022-05-28
800,583839,F,,,,Frank,87,2000,4,USD,,2022-06-16
800,584019,F,,,,Jack,57,3000,9,USD,,2022-05-08
800,584406,F,,,,Jack,13,3000,9,USD,,2022-05-16
800,584543,F,,,,Jane,61,1000,1,USD,,2022-06-19
800,586632,F,,,,Frank,88,2000,4,USD,,2022-01-28
800,587726,F,,,,Joe,45,2000,6,USD,,2022-03-17
800,588596,F,,,,George,23,1000,3,USD,,2022-07-09
800,589246,F,,,,George,71,1000,3,USD,,2022-03-10
800,590545,F,,,,Robert,42,2000,6,USD,,2022-06-02
800,590659,F,,,,George,25,1000,3,USD,,2022-05-27
800,590995,F,,,,Todd,36,3000,7,USD,,2022-07-09
800,591638,F,,,,Jack,17,3000,9,USD,,2022-05-24
800,592050,F,,,,Billy,61,1000,1,USD,,2022-03-13
800,593170,F,,,,Jill,16,3000,9,USD,,2022-03-30
800,595373,F,,,,Fred,74,1000,3,USD,,2022-05-01
800,596749,F,,,,Sara,87,2000,4,USD,,2022-04-09
800,597598,F,,,,Dave,22,1000,3,USD,,2022-06-23
800,598554,F,,,,Jack,14,3000,9,USD,,2022-04-07
800,599341,F,,,,Todd,33,3000,7,USD,,2022-07-02
800,600036,F,,,,Kim,44,2000,6,USD,,2022-05-10
800,601423,F,,,,Dave,75,1000,3,USD,,2022-03-18
800,602780,F,,,,Mike,13,3000,9,USD,,2022-06-23
800,604094,F,,,,Jack,52,3000,9,USD,,2022-05-27
800,604131,F,,,,Todd,31,3000,7,USD,,2022-05-26
800,604597,F,,,,Fred,22,1000,3,USD,,2022-05-31
800,604880,F,,,,Jose,31,3000,7,USD,,2022-02-17
800,605598,F,,,,Dave,73,1000,3,USD,,2022-02-04
800,605907,F,,,,Kristen,33,3000,7,USD,,2022-02-26
800,606940,F,,,,Robert,43,2000,6,USD,,2022-03-21
800,607449,F,,,,Jane,65,1000,1,USD,,2022-01-27
800,607874,F,,,,Jill,55,3000,9,USD,,2022-02-22
800,608247,F,,,,Sally,62,1000,1,USD,,2022-04-25
800,609215,F,,,,George,21,1000,3,USD,,2022-06-12
800,609774,F,,,,Jose,34,3000,7,USD,,2022-07-02
800,610661,F,,,,Joe,44,2000,6,USD,,2022-06-20
800,611322,F,,,,Jose,37,3000,7,USD,,2022-05-22
800,611515,F,,,,Fred,22,1000,3,USD,,2022-04-25
800,611518,F,,,,Robert,42,2000,6,USD,,2022-02-09
800,613307,F,,,,Sally,61,1000,1,USD,,2022-06-24
800,613984,F,,,,George,74,1000,3,USD,,2022-02-09
800,614867,F,,,,Sally,61,1000,1,USD,,2022-03-09
800,614985,F,,,,Fred,23,1000,3,USD,,2022-02-08
800,617153,F,,,,Jack,17,3000,9,USD,,2022-03-01
800,618350,F,,,,Jane,62,1000,1,USD,,2022-06-19
800,618922,F,,,,Todd,34,3000,7,USD,,2022-02-03
800,620067,F,,,,Kristen,36,3000,7,USD,,2022-06-29
800,621322,F,,,,Fred,22,1000,3,USD,,2022-05-10
800,621477,F,,,,Mike,16,3000,9,USD,,2022-07-06
800,621494,F,,,,Todd,32,3000,7,USD,,2022-05-06
800,621699,F,,,,Sara,84,2000,4,USD,,2022-03-10
800,622409,F,,,,Jose,34,3000,7,USD,,2022-07-04
800,622597,F,,,,Kristen,32,3000,7,USD,,2022-05-03
800,623234,F,,,,Jill,16,3000,9,USD,,2022-02-07
800,623452,F,,,,Joe,44,2000,6,USD,,2022-05-14
800,626402,F,,,,Mike,15,3000,9,USD,,2022-04-27
800,626726,F,,,,Sally,67,1000,1,USD,,2022-02-11
800,628233,F,,,,Billy,65,1000,1,USD,,2022-03-30
800,630053,F,,,,Kristen,31,3000,7,USD,,2022-06-12
800,630180,F,,,,George,77,1000,3,USD,,2022-02-11
800,631114,F,,,,Jill,51,3000,9,USD,,2022-05-24
800,631942,F,,,,George,21,1000,3,USD,,2022-05-18
800,633160,F,,,,Tom,85,2000,4,USD,,2022-02-20
800,633711,F,,,,George,25,1000,3,USD,,2022-04-28
800,634480,F,,,,Jack,53,3000,9,USD,,2022-02-25
800,635019,F,,,,Jill,12,3000,9,USD,,2022-05-09
800,635046,F,,,,Todd,32,3000,7,USD,,2022-05-07
800,635274,F,,,,Sara,88,2000,4,USD,,2022-03-14
800,635588,F,,,,Todd,31,3000,7,USD,,2022-03-17
800,636128,F,,,,George,21,1000,3,USD,,2022-04-08
800,636837,F,,,,Kristen,36,3000,7,USD,,2022-05-16
800,636890,F,,,,Jill,17,3000,9,USD,,2022-05-22
800,637189,F,,,,Fred,22,1000,3,USD,,2022-06-18
800,638753,F,,,,Jack,52,3000,9,USD,,2022-05-18
800,638916,F,,,,Fred,75,1000,3,USD,,2022-02-19
800,640889,F,,,,Jack,12,3000,9,USD,,2022-03-06
800,641145,F,,,,Fred,26,1000,3,USD,,2022-05-22
800,641413,F,,,,Billy,66,1000,1,USD,,2022-06-26
800,641964,F,,,,George,71,1000,3,USD,,2022-01-24
800,642221,F,,,,Sally,62,1000,1,USD,,2022-05-25
800,642342,F,,,,Sara,85,2000,4,USD,,2022-06-05
800,642968,F,,,,Jane,61,1000,1,USD,,2022-06-24
800,645301,F,,,,George,22,1000,3,USD,,2022-01-29
800,648510,F,,,,Jill,11,3000,9,USD,,2022-04-11
800,648778,F,,,,Jack,55,3000,9,USD,,2022-05-07
800,649569,F,,,,Sally,63,1000,1,USD,,2022-02-04
800,650504,F,,,,Fred,26,1000,3,USD,,2022-03-19
800,652999,F,,,,Tom,83,2000,4,USD,,2022-02-03
800,653193,F,,,,Jack,12,3000,9,USD,,2022-04-12
800,653585,F,,,,Todd,34,3000,7,USD,,2022-04-17
800,656710,F,,,,Dave,23,1000,3,USD,,2022-06-11
800,657725,F,,,,Jack,16,3000,9,USD,,2022-04-01
800,659453,F,,,,Fred,72,1000,3,USD,,2022-03-09
800,659931,F,,,,Jack,52,3000,9,USD,,2022-01-24
800,662424,F,,,,George,75,1000,3,USD,,2022-04-05
800,663624,F,,,,Fred,77,1000,3,USD,,2022-02-01
800,664090,F,,,,Jill,51,3000,9,USD,,2022-04-21
800,665891,F,,,,George,72,1000,3,USD,,2022-02-10
800,667592,F,,,,Todd,35,3000,7,USD,,2022-02-11
800,668495,F,,,,George,72,1000,3,USD,,2022-05-22
800,668564,F,,,,Mike,13,3000,9,USD,,2022-05-03
800,668962,F,,,,George,72,1000,3,USD,,2022-04-30
800,668964,F,,,,Jose,37,3000,7,USD,,2022-04-11
800,669331,F,,,,Jack,17,3000,9,USD,,2022-04-25
800,669732,F,,,,Jack,13,3000,9,USD,,2022-06-19
800,669837,F,,,,Jill,57,3000,9,USD,,2022-04-16
800,671574,F,,,,Tom,83,2000,4,USD,,2022-03-22
800,672445,F,,,,Todd,36,3000,7,USD,,2022-05-13
800,672679,F,,,,George,73,1000,3,USD,,2022-03-10
800,673404,F,,,,Jack,54,3000,9,USD,,2022-04-03
800,673563,F,,,,Jack,52,3000,9,USD,,2022-03-24
800,675020,F,,,,Robert,44,2000,6,USD,,2022-03-21
800,675554,F,,,,Tom,84,2000,4,USD,,2022-06-06
800,675724,F,,,,Sara,86,2000,4,USD,,2022-02-08
800,679276,F,,,,Dave,24,1000,3,USD,,2022-02-04
800,682043,F,,,,Jose,35,3000,7,USD,,2022-04-10
800,682161,F,,,,Kristen,35,3000,7,USD,,2022-05-16
800,682873,F,,,,George,73,1000,3,USD,,2022-02-25
800,684789,F,,,,Jack,56,3000,9,USD,,2022-05-12
800,685432,F,,,,Jill,17,3000,9,USD,,2022-04-27
800,686816,F,,,,Jill,11,3000,9,USD,,2022-05-28
800,687213,F,,,,Sally,63,1000,1,USD,,2022-03-11
800,688219,F,,,,Jose,32,3000,7,USD,,2022-02-05
800,689034,F,,,,Dave,27,1000,3,USD,,2022-04-11
800,690134,F,,,,Mike,57,3000,9,USD,,2022-03-05
800,690246,F,,,,Sara,87,2000,4,USD,,2022-04-17
800,690360,F,,,,Fred,22,1000,3,USD,,2022-02-21
800,691011,F,,,,Jane,62,1000,1,USD,,2022-07-09
800,692751,F,,,,Sally,61,1000,1,USD,,2022-05-07
800,695225,F,,,,Fred,27,1000,3,USD,,2022-06-29
800,698608,F,,,,Dave,75,1000,3,USD,,2022-04-30
800,698961,F,,,,Joe,45,2000,6,USD,,2022-03-06
800,699635,F,,,,Frank,83,2000,4,USD,,2022-04-06
800,699771,F,,,,Fred,24,1000,3,USD,,2022-06-07
800,699781,F,,,,Dave,72,1000,3,USD,,2022-07-02
800,702881,F,,,,Jose,37,3000,7,USD,,2022-05-26
800,703202,F,,,,Mike,11,3000,9,USD,,2022-02-23
800,703955,F,,,,Jill,17,3000,9,USD,,2022-04-01
800,704293,F,,,,Sara,88,2000,4,USD,,2022-03-03
800,704371,F,,,,Jill,54,3000,9,USD,,2022-06-21
800,704730,F,,,,Todd,33,3000,7,USD,,2022-05-03
800,705129,F,,,,Sally,67,1000,1,USD,,2022-06-10
800,705906,F,,,,Jack,16,3000,9,USD,,2022-04-15
800,707045,F,,,,Jane,63,1000,1,USD,,2022-05-19
800,708684,F,,,,George,75,1000,3,USD,,2022-03-27
800,708873,F,,,,Fred,23,1000,3,USD,,2022-01-28
800,709115,F,,,,Joe,45,2000,6,USD,,2022-05-25
800,709306,F,,,,Jack,16,3000,9,USD,,2022-05-28
800,713732,F,,,,Tom,82,2000,4,USD,,2022-04-29
800,714718,F,,,,Kristen,31,3000,7,USD,,2022-02-11
800,716462,F,,,,Billy,64,1000,1,USD,,2022-07-10
800,717520,F,,,,Joe,43,2000,6,USD,,2022-02-17
800,718260,F,,,,Fred,73,1000,3,USD,,2022-02-23
800,718714,F,,,,Mike,13,3000,9,USD,,2022-05-24
800,719343,F,,,,Frank,81,2000,4,USD,,2022-03-26
800,719930,F,,,,Jack,57,3000,9,USD,,2022-01-30
800,720481,F,,,,Joe,45,2000,6,USD,,2022-07-08
800,721633,F,,,,Jane,63,1000,1,USD,,2022-06-16
800,723083,F,,,,Fred,25,1000,3,USD,,2022-05-10
800,723087,F,,,,Joe,45,2000,6,USD,,2022-03-31
800,724988,F,,,,Kim,41,2000,6,USD,,2022-01-21
800,726108,F,,,,Kristen,33,3000,7,USD,,2022-02-24
800,726595,F,,,,Fred,75,1000,3,USD,,2022-02-13
800,727166,F,,,,George,27,1000,3,USD,,2022-05-06
800,729893,F,,,,Mike,15,3000,9,USD,,2022-03-23
800,730105,F,,,,Jose,31,3000,7,USD,,2022-05-07
800,730530,F,,,,George,25,1000,3,USD,,2022-02-08
800,730745,F,,,,Jane,62,1000,1,USD,,2022-04-17
800,730921,F,,,,Sara,81,2000,4,USD,,2022-04-25
800,731303,F,,,,Fred,77,1000,3,USD,,2022-06-09
800,732000,F,,,,Billy,65,1000,1,USD,,2022-04-04
800,733008,F,,,,Kim,42,2000,6,USD,,2022-06-26
800,734200,F,,,,Jose,36,3000,7,USD,,2022-06-08
800,734622,F,,,,Mike,15,3000,9,USD,,2022-05-29
800,735446,F,,,,Dave,72,1000,3,USD,,2022-06-25
800,735882,F,,,,George,27,1000,3,USD,,2022-05-08
800,740877,F,,,,Jack,52,3000,9,USD,,2022-07-02
800,741322,F,,,,Jack,53,3000,9,USD,,2022-01-27
800,742629,F,,,,Sally,64,1000,1,USD,,2022-05-26
800,742832,F,,,,Billy,61,1000,1,USD,,2022-04-25
800,743579,F,,,,Jack,53,3000,9,USD,,2022-06-02
800,744035,F,,,,Jill,15,3000,9,USD,,2022-06-26
800,744516,F,,,,George,25,1000,3,USD,,2022-06-16
800,745348,F,,,,Jack,52,3000,9,USD,,2022-05-15
800,747371,F,,,,Mike,52,3000,9,USD,,2022-06-13
800,747555,F,,,,George,21,1000,3,USD,,2022-06-02
800,748194,F,,,,Kim,44,2000,6,USD,,2022-02-10
800,748213,F,,,,Dave,76,1000,3,USD,,2022-06-21
800,749650,F,,,,Jose,31,3000,7,USD,,2022-03-21
800,750230,F,,,,George,22,1000,3,USD,,2022-02-15
800,750353,F,,,,Sara,85,2000,4,USD,,2022-06-25
800,751975,F,,,,Todd,32,3000,7,USD,,2022-03-13
800,754490,F,,,,Fred,23,1000,3,USD,,2022-01-27
800,754951,F,,,,Dave,76,1000,3,USD,,2022-07-10
800,755782,F,,,,Fred,26,1000,3,USD,,2022-02-23
800,756929,F,,,,Dave,76,1000,3,USD,,2022-01-31
800,757457,F,,,,Kristen,33,3000,7,USD,,2022-03-05
800,758828,F,,,,Dave,73,1000,3,USD,,2022-03-13
800,760073,F,,,,Dave,74,1000,3,USD,,2022-01-31
800,761734,F,,,,Jane,64,1000,1,USD,,2022-06-05
800,762337,F,,,,Todd,34,3000,7,USD,,2022-05-14
800,762476,F,,,,Jack,14,3000,9,USD,,2022-02-15
800,762931,F,,,,Jane,67,1000,1,USD,,2022-04-01
800,764529,F,,,,Mike,51,3000,9,USD,,2022-05-03
800,765377,F,,,,Frank,81,2000,4,USD,,2022-04-22
800,768298,F,,,,Kim,44,2000,6,USD,,2022-02-01
800,768932,F,,,,Sara,88,2000,4,USD,,2022-05-29
800,768982,F,,,,Tom,87,2000,4,USD,,2022-03-18
800,769045,F,,,,Jill,57,3000,9,USD,,2022-05-15
800,770639,F,,,,Jack,52,3000,9,USD,,2022-02-09
800,771194,F,,,,Mike,13,3000,9,USD,,2022-02-24
800,771288,F,,,,Jose,31,3000,7,USD,,2022-02-27
800,772529,F,,,,Jill,57,3000,9,USD,,2022-07-04
800,772594,F,,,,Dave,73,1000,3,USD,,2022-04-18
800,772845,F,,,,Jack,55,3000,9,USD,,2022-05-31
800,772868,F,,,,Mike,12,3000,9,USD,,2022-04-08
800,773007,F,,,,Fred,22,1000,3,USD,,2022-07-08
800,774778,F,,,,Fred,21,1000,3,USD,,2022-04-10
800,775382,F,,,,Dave,23,1000,3,USD,,2022-01-21
800,776833,F,,,,Joe,42,2000,6,USD,,2022-06-16
800,777138,F,,,,Billy,63,1000,1,USD,,2022-06-15
800,777479,F,,,,Kristen,36,3000,7,USD,,2022-05-06
800,777596,F,,,,Sara,88,2000,4,USD,,2022-03-22
800,778891,F,,,,Kristen,34,3000,7,USD,,2022-03-29
800,779298,F,,,,Jill,54,3000,9,USD,,2022-03-23
800,780687,F,,,,Tom,85,2000,4,USD,,2022-04-27
800,781134,F,,,,Dave,73,1000,3,USD,,2022-07-04
800,783461,F,,,,George,24,1000,3,USD,,2022-04-23
800,783857,F,,,,Mike,11,3000,9,USD,,2022-04-01
800,784461,F,,,,Billy,63,1000,1,USD,,2022-03-23
800,784926,F,,,,Sara,83,2000,4,USD,,2022-05-18
800,785371,F,,,,Dave,22,1000,3,USD,,2022-05-01
800,785534,F,,,,Billy,64,1000,1,USD,,2022-03-19
800,785934,F,,,,Robert,45,2000,6,USD,,2022-04-04
800,786858,F,,,,Todd,37,3000,7,USD,,2022-02-21
800,787773,F,,,,Jill,13,3000,9,USD,,2022-05-27
800,789239,F,,,,Fred,74,1000,3,USD,,2022-02-06
800,789246,F,,,,Jill,13,3000,9,USD,,2022-03-25
800,789808,F,,,,George,23,1000,3,USD,,2022-04-14
800,794109,F,,,,Mike,51,3000,9,USD,,2022-04-15
800,796729,F,,,,Fred,74,1000,3,USD,,2022-02-27
800,796991,F,,,,Robert,45,2000,6,USD,,2022-06-26
800,797304,F,,,,Jill,51,3000,9,USD,,2022-03-14
800,797839,F,,,,Frank,83,2000,4,USD,,2022-06-28
800,797888,F,,,,Fred,21,1000,3,USD,,2022-02-16
800,798007,F,,,,Dave,27,1000,3,USD,,2022-06-11
800,798382,F,,,,Sally,64,1000,1,USD,,2022-02-28
800,798483,F,,,,Dave,26,1000,3,USD,,2022-03-06
800,800027,F,,,,George,22,1000,3,USD,,2022-05-25
800,800229,F,,,,Sara,84,2000,4,USD,,2022-03-12
800,801268,F,,,,Jack,54,3000,9,USD,,2022-03-07
800,802265,F,,,,Tom,83,2000,4,USD,,2022-03-16
800,803676,F,,,,Dave,73,1000,3,USD,,2022-04-10
800,803810,F,,,,Jill,15,3000,9,USD,,2022-04-11
800,804326,F,,,,Mike,52,3000,9,USD,,2022-06-28
800,805460,F,,,,Dave,25,1000,3,USD,,2022-06-10
800,805689,F,,,,Billy,66,1000,1,USD,,2022-03-18
800,805944,F,,,,George,21,1000,3,USD,,2022-05-24
800,806642,F,,,,Sara,85,2000,4,USD,,2022-04-20
800,809555,F,,,,Joe,45,2000,6,USD,,2022-01-24
800,809569,F,,,,Joe,45,2000,6,USD,,2022-06-01
800,810025,F,,,,George,27,1000,3,USD,,2022-05-15
800,810368,F,,,,Jill,51,3000,9,USD,,2022-07-09
800,811137,F,,,,Jose,32,3000,7,USD,,2022-02-13
800,812963,F,,,,Robert,42,2000,6,USD,,2022-05-27
800,813222,F,,,,Joe,42,2000,6,USD,,2022-04-14
800,813490,F,,,,Sara,83,2000,4,USD,,2022-02-23
800,813533,F,,,,Jack,52,3000,9,USD,,2022-04-10
800,814646,F,,,,Jack,53,3000,9,USD,,2022-02-08
800,817867,F,,,,Jack,15,3000,9,USD,,2022-01-28
800,819739,F,,,,Tom,81,2000,4,USD,,2022-04-05
800,820644,F,,,,Billy,62,1000,1,USD,,2022-05-06
800,820697,F,,,,Jill,14,3000,9,USD,,2022-06-01
800,820863,F,,,,Frank,83,2000,4,USD,,2022-06-21
800,823513,F,,,,Jose,33,3000,7,USD,,2022-03-11
800,824146,F,,,,Todd,32,3000,7,USD,,2022-02-04
800,824977,F,,,,Jack,53,3000,9,USD,,2022-07-07
800,825272,F,,,,Fred,26,1000,3,USD,,2022-03-01
800,825532,F,,,,Todd,32,3000,7,USD,,2022-07-01
800,827765,F,,,,Jack,54,3000,9,USD,,2022-04-26
800,827900,F,,,,Tom,88,2000,4,USD,,2022-01-29
800,828788,F,,,,George,74,1000,3,USD,,2022-03-30
800,830515,F,,,,Jill,11,3000,9,USD,,2022-06-11
800,830603,F,,,,Dave,22,1000,3,USD,,2022-05-08
800,830688,F,,,,Jill,53,3000,9,USD,,2022-07-01
800,831573,F,,,,Mike,57,3000,9,USD,,2022-05-29
800,832151,F,,,,Tom,83,2000,4,USD,,2022-06-24
800,833901,F,,,,Frank,85,2000,4,USD,,2022-06-19
800,834641,F,,,,Kim,44,2000,6,USD,,2022-06-07
800,835168,F,,,,Jill,51,3000,9,USD,,2022-07-05
800,837111,F,,,,Kristen,34,3000,7,USD,,2022-06-29
800,837977,F,,,,Billy,65,1000,1,USD,,2022-06-01
800,839801,F,,,,Robert,42,2000,6,USD,,2022-04-22
800,842028,F,,,,Jack,56,3000,9,USD,,2022-04-01
800,842667,F,,,,Kristen,37,3000,7,USD,,2022-02-04
800,842876,F,,,,George,26,1000,3,USD,,2022-03-27
800,843564,F,,,,Sally,65,1000,1,USD,,2022-02-01
800,844490,F,,,,Fred,77,1000,3,USD,,2022-03-06
800,844524,F,,,,Todd,31,3000,7,USD,,2022-02-11
800,844623,F,,,,Frank,84,2000,4,USD,,2022-03-19
800,845177,F,,,,Fred,74,1000,3,USD,,2022-04-05
800,845636,F,,,,Kristen,35,3000,7,USD,,2022-06-23
800,846158,F,,,,Tom,88,2000,4,USD,,2022-02-07
800,846772,F,,,,Jack,56,3000,9,USD,,2022-02-27
800,848138,F,,,,Billy,63,1000,1,USD,,2022-03-11
800,848393,F,,,,Jack,52,3000,9,USD,,2022-04-02
800,848564,F,,,,Dave,26,1000,3,USD,,2022-06-21
800,849056,F,,,,Kristen,32,3000,7,USD,,2022-05-10
800,851173,F,,,,George,71,1000,3,USD,,2022-05-28
800,851677,F,,,,Dave,71,1000,3,USD,,2022-05-25
800,852768,F,,,,Dave,27,1000,3,USD,,2022-02-15
800,853479,F,,,,Frank,86,2000,4,USD,,2022-02-14
800,853958,F,,,,Kristen,32,3000,7,USD,,2022-05-27
800,856012,F,,,,Kristen,32,3000,7,USD,,2022-04-01
800,856060,F,,,,Jill,13,3000,9,USD,,2022-01-28
800,856781,F,,,,George,25,1000,3,USD,,2022-02-16
800,859755,F,,,,George,22,1000,3,USD,,2022-05-10
800,859846,F,,,,Joe,42,2000,6,USD,,2022-07-08
800,862257,F,,,,Fred,21,1000,3,USD,,2022-05-14
800,864449,F,,,,Fred,73,1000,3,USD,,2022-02-28
800,866440,F,,,,Sara,84,2000,4,USD,,2022-06-12
800,867394,F,,,,Jose,32,3000,7,USD,,2022-01-29
800,867596,F,,,,Frank,86,2000,4,USD,,2022-04-14
800,867957,F,,,,Billy,63,1000,1,USD,,2022-03-02
800,868241,F,,,,Jack,15,3000,9,USD,,2022-05-01
800,869890,F,,,,Dave,22,1000,3,USD,,2022-05-02
800,870464,F,,,,Jill,51,3000,9,USD,,2022-03-20
800,870632,F,,,,George,77,1000,3,USD,,2022-03-05
800,871336,F,,,,Fred,21,1000,3,USD,,2022-05-08
800,872972,F,,,,Fred,21,1000,3,USD,,2022-02-15
800,873185,F,,,,Dave,71,1000,3,USD,,2022-02-04
800,873477,F,,,,Jack,54,3000,9,USD,,2022-02-15
800,873638,F,,,,George,73,1000,3,USD,,2022-06-30
800,876250,F,,,,Tom,87,2000,4,USD,,2022-04-25
800,877337,F,,,,Sally,61,1000,1,USD,,2022-01-23
800,877381,F,,,,Todd,37,3000,7,USD,,2022-02-14
800,878011,F,,,,Sara,81,2000,4,USD,,2022-05-22
800,878888,F,,,,Jose,31,3000,7,USD,,2022-05-24
800,879073,F,,,,George,76,1000,3,USD,,2022-04-10
800,879131,F,,,,Dave,71,1000,3,USD,,2022-04-05
800,879553,F,,,,Tom,85,2000,4,USD,,2022-03-10
800,880508,F,,,,Jill,52,3000,9,USD,,2022-02-17
800,880829,F,,,,Todd,32,3000,7,USD,,2022-04-02
800,881860,F,,,,Kim,42,2000,6,USD,,2022-01-26
800,882482,F,,,,Joe,41,2000,6,USD,,2022-07-01
800,882514,F,,,,George,76,1000,3,USD,,2022-02-24
800,884470,F,,,,George,23,1000,3,USD,,2022-02-22
800,885476,F,,,,Sara,81,2000,4,USD,,2022-05-30
800,885698,F,,,,Billy,61,1000,1,USD,,2022-03-10
800,887628,F,,,,Jack,53,3000,9,USD,,2022-02-08
800,887640,F,,,,Jill,13,3000,9,USD,,2022-03-11
800,889198,F,,,,Fred,25,1000,3,USD,,2022-03-13
800,890209,F,,,,Joe,42,2000,6,USD,,2022-03-25
800,891200,F,,,,George,21,1000,3,USD,,2022-05-27
800,892483,F,,,,Jane,66,1000,1,USD,,2022-03-12
800,892855,F,,,,Fred,73,1000,3,USD,,2022-04-29
800,894263,F,,,,Joe,42,2000,6,USD,,2022-03-05
800,896467,F,,,,Tom,82,2000,4,USD,,2022-01-25
800,896505,F,,,,Mike,16,3000,9,USD,,2022-04-21
800,897020,F,,,,Fred,27,1000,3,USD,,2022-02-15
800,897549,F,,,,Todd,32,3000,7,USD,,2022-05-06
800,897714,F,,,,Mike,13,3000,9,USD,,2022-05-25
800,897791,F,,,,Jose,33,3000,7,USD,,2022-03-27
800,897882,F,,,,Billy,66,1000,1,USD,,2022-05-19
800,898004,F,,,,Dave,71,1000,3,USD,,2022-03-18
800,898638,F,,,,Kim,43,2000,6,USD,,2022-03-11
800,900187,F,,,,Jack,16,3000,9,USD,,2022-04-13
800,902191,F,,,,Sara,82,2000,4,USD,,2022-05-26
800,902341,F,,,,Robert,45,2000,6,USD,,2022-07-06
800,902978,F,,,,Jane,64,1000,1,USD,,2022-01-29
800,903267,F,,,,Joe,42,2000,6,USD,,2022-02-25
800,903674,F,,,,Joe,42,2000,6,USD,,2022-02-19
800,903893,F,,,,Sally,63,1000,1,USD,,2022-05-26
800,904008,F,,,,Frank,86,2000,4,USD,,2022-06-29
800,904152,F,,,,Mike,55,3000,9,USD,,2022-04-07
800,905312,F,,,,Todd,34,3000,7,USD,,2022-06-28
800,906353,F,,,,Mike,14,3000,9,USD,,2022-06-15
800,906554,F,,,,Sara,82,2000,4,USD,,2022-04-01
800,907115,F,,,,Jack,15,3000,9,USD,,2022-03-01
800,907628,F,,,,Kim,45,2000,6,USD,,2022-03-13
800,907831,F,,,,Todd,37,3000,7,USD,,2022-05-08
800,907890,F,,,,Tom,81,2000,4,USD,,2022-02-08
800,908887,F,,,,Billy,65,1000,1,USD,,2022-06-16
800,909710,F,,,,Jill,16,3000,9,USD,,2022-03-12
800,912129,F,,,,George,23,1000,3,USD,,2022-07-05
800,912855,F,,,,Robert,43,2000,6,USD,,2022-02-05
800,913052,F,,,,Jane,66,1000,1,USD,,2022-05-24
800,914427,F,,,,Kim,44,2000,6,USD,,2022-06-13
800,914731,F,,,,Joe,45,2000,6,USD,,2022-06-03
800,916428,F,,,,Fred,73,1000,3,USD,,2022-04-16
800,919474,F,,,,Jill,17,3000,9,USD,,2022-06-30
800,920557,F,,,,Sara,84,2000,4,USD,,2022-03-11
800,921190,F,,,,Dave,23,1000,3,USD,,2022-02-09
800,921477,F,,,,Jose,35,3000,7,USD,,2022-01-26
800,923198,F,,,,Todd,31,3000,7,USD,,2022-03-30
800,923778,F,,,,Fred,75,1000,3,USD,,2022-06-27
800,923898,F,,,,Tom,86,2000,4,USD,,2022-02-11
800,928384,F,,,,Kim,41,2000,6,USD,,2022-01-22
800,929508,F,,,,Joe,45,2000,6,USD,,2022-01-29
800,929832,F,,,,Mike,52,3000,9,USD,,2022-06-23
800,929855,F,,,,Dave,22,1000,3,USD,,2022-06-04
800,931559,F,,,,Jane,63,1000,1,USD,,2022-02-04
800,931719,F,,,,Mike,15,3000,9,USD,,2022-03-10
800,931877,F,,,,George,23,1000,3,USD,,2022-05-04
800,932814,F,,,,Jose,34,3000,7,USD,,2022-06-18
800,932875,F,,,,Jill,54,3000,9,USD,,2022-06-24
800,933133,F,,,,Robert,44,2000,6,USD,,2022-02-09
800,934803,F,,,,Jill,11,3000,9,USD,,2022-06-21
800,934840,F,,,,Mike,12,3000,9,USD,,2022-05-16
800,934869,F,,,,George,27,1000,3,USD,,2022-03-13
800,935930,F,,,,George,22,1000,3,USD,,2022-07-09
800,935986,F,,,,Joe,45,2000,6,USD,,2022-06-05
800,936729,F,,,,Mike,55,3000,9,USD,,2022-06-04
800,937515,F,,,,Jose,32,3000,7,USD,,2022-04-26
800,938365,F,,,,Jack,53,3000,9,USD,,2022-04-16
800,938473,F,,,,Sally,66,1000,1,USD,,2022-06-02
800,939143,F,,,,Dave,22,1000,3,USD,,2022-03-08
800,939898,F,,,,Mike,52,3000,9,USD,,2022-06-24
800,940193,F,,,,Dave,76,1000,3,USD,,2022-06-24
800,940921,F,,,,Dave,72,1000,3,USD,,2022-05-18
800,941385,F,,,,Jill,17,3000,9,USD,,2022-04-10
800,941463,F,,,,Kristen,31,3000,7,USD,,2022-03-13
800,942268,F,,,,Billy,66,1000,1,USD,,2022-02-19
800,942906,F,,,,Sara,87,2000,4,USD,,2022-06-27
800,943780,F,,,,Kim,45,2000,6,USD,,2022-05-07
800,944134,F,,,,Jose,32,3000,7,USD,,2022-02-17
800,945087,F,,,,Sara,85,2000,4,USD,,2022-03-10
800,945370,F,,,,Mike,53,3000,9,USD,,2022-05-06
800,946656,F,,,,Tom,85,2000,4,USD,,2022-02-25
800,948146,F,,,,George,22,1000,3,USD,,2022-04-19
800,949342,F,,,,Todd,31,3000,7,USD,,2022-06-15
800,950601,F,,,,Todd,37,3000,7,USD,,2022-06-05
800,950709,F,,,,Dave,74,1000,3,USD,,2022-02-13
800,955884,F,,,,Frank,87,2000,4,USD,,2022-03-30
800,956149,F,,,,Fred,22,1000,3,USD,,2022-02-02
800,957208,F,,,,Sally,65,1000,1,USD,,2022-01-28
800,957209,F,,,,Kristen,33,3000,7,USD,,2022-03-05
800,957504,F,,,,Fred,74,1000,3,USD,,2022-06-06
800,957535,F,,,,Tom,87,2000,4,USD,,2022-04-11
800,958918,F,,,,Dave,71,1000,3,USD,,2022-06-08
800,959727,F,,,,Jane,66,1000,1,USD,,2022-03-22
800,964234,F,,,,Jill,13,3000,9,USD,,2022-06-14
800,964985,F,,,,Jose,32,3000,7,USD,,2022-03-19
800,964999,F,,,,Jack,14,3000,9,USD,,2022-06-30
800,965047,F,,,,Frank,85,2000,4,USD,,2022-05-25
800,965616,F,,,,Sara,85,2000,4,USD,,2022-03-02
800,965830,F,,,,Fred,27,1000,3,USD,,2022-06-03
800,966134,F,,,,Sally,66,1000,1,USD,,2022-02-13
800,966680,F,,,,Dave,26,1000,3,USD,,2022-02-23
800,968974,F,,,,Mike,14,3000,9,USD,,2022-04-28
800,969081,F,,,,George,76,1000,3,USD,,2022-07-03
800,969567,F,,,,Jane,61,1000,1,USD,,2022-02-19
800,969776,F,,,,Jill,12,3000,9,USD,,2022-03-22
800,970429,F,,,,Mike,52,3000,9,USD,,2022-02-25
800,970823,F,,,,Robert,42,2000,6,USD,,2022-04-23
800,972058,F,,,,Kim,44,2000,6,USD,,2022-05-28
800,972166,F,,,,Frank,82,2000,4,USD,,2022-06-12
800,973032,F,,,,Jane,65,1000,1,USD,,2022-03-23
800,974991,F,,,,Fred,26,1000,3,USD,,2022-05-25
800,976659,F,,,,Sally,64,1000,1,USD,,2022-01-22
800,977831,F,,,,Dave,75,1000,3,USD,,2022-05-24
800,978065,F,,,,George,24,1000,3,USD,,2022-07-05
800,978198,F,,,,Jill,14,3000,9,USD,,2022-06-12
800,978458,F,,,,Tom,85,2000,4,USD,,2022-02-24
800,979245,F,,,,Jill,11,3000,9,USD,,2022-05-20
800,980462,F,,,,Kristen,31,3000,7,USD,,2022-03-06
800,980847,F,,,,Kristen,32,3000,7,USD,,2022-05-06
800,982158,F,,,,Kristen,35,3000,7,USD,,2022-02-19
800,983069,F,,,,George,27,1000,3,USD,,2022-07-01
800,984900,F,,,,Mike,58,3000,9,USD,,2022-06-27
800,985893,F,,,,Dave,71,1000,3,USD,,2022-03-08
800,987048,F,,,,Fred,27,1000,3,USD,,2022-02-10
800,988716,F,,,,Jill,54,3000,9,USD,,2022-02-09
800,989349,F,,,,Fred,73,1000,3,USD,,2022-05-09
800,990270,F,,,,Fred,74,1000,3,USD,,2022-06-04
800,990361,F,,,,George,73,1000,3,USD,,2022-07-09
800,990961,F,,,,Jack,52,3000,9,USD,,2022-03-17
800,993233,F,,,,Jack,12,3000,9,USD,,2022-06-29
800,993954,F,,,,Fred,73,1000,3,USD,,2022-01-30
800,994253,F,,,,Sally,61,1000,1,USD,,2022-04-19
800,995932,F,,,,Frank,84,2000,4,USD,,2022-02-19
800,996301,F,,,,Robert,44,2000,6,USD,,2022-03-25
800,997566,F,,,,Jill,14,3000,9,USD,,2022-02-25
800,998290,F,,,,Jill,12,3000,9,USD,,2022-02-23
800,998756,F,,,,Mike,16,3000,9,USD,,2022-02-10
800,999897,F,,,,Fred,24,1000,3,USD,,2022-06-26
