MANDT,EBELN,EBELP,ETENR,EINDT,SLFDT,MENGE,AMENG,WEMNG,BEDAT,LPEIN,ELDAT,WAMNG
800,102036,10,10,2022-07-14,2022-07-14,16,,16,2022-07-14,,2022-07-14,
800,102619,10,10,2022-07-23,2022-07-23,15,,15,2022-07-23,,2022-07-23,
800,103486,10,10,2022-06-27,2022-06-27,14,,14,2022-06-27,,2022-06-27,
800,103695,10,10,2022-05-16,2022-05-16,1,,1,2022-05-16,,2022-05-16,
800,104620,10,10,2022-08-26,2022-08-26,18,,18,2022-08-26,,2022-08-26,
800,104761,10,10,2022-04-20,2022-04-20,18,,18,2022-04-20,,2022-04-20,
800,106367,10,10,2022-08-25,2022-08-25,5,,5,2022-08-25,,2022-08-25,
800,106456,10,10,2022-03-20,2022-03-20,10,,10,2022-03-20,,2022-03-20,
800,107109,10,10,2022-08-21,2022-08-21,6,,6,2022-08-21,,2022-08-21,
800,107751,10,10,2022-07-13,2022-07-13,9,,9,2022-07-13,,2022-07-13,
800,107769,10,10,2022-03-07,2022-03-07,7,,7,2022-03-07,,2022-03-07,
800,107839,10,10,2022-08-22,2022-08-22,14,,14,2022-08-22,,2022-08-22,
800,108111,10,10,2022-05-28,2022-05-28,14,,14,2022-05-28,,2022-05-28,
800,108256,10,10,2022-05-25,2022-05-25,10,,10,2022-05-25,,2022-05-25,
800,108488,10,10,2022-05-07,2022-05-07,13,,13,2022-05-07,,2022-05-07,
800,110590,10,10,2022-08-22,2022-08-22,13,,13,2022-08-22,,2022-08-22,
800,112597,10,10,2022-05-15,2022-05-15,12,,12,2022-05-15,,2022-05-15,
800,112823,10,10,2022-08-13,2022-08-13,16,,16,2022-08-13,,2022-08-13,
800,113096,10,10,2022-04-21,2022-04-21,16,,16,2022-04-21,,2022-04-21,
800,113599,10,10,2022-05-23,2022-05-23,15,,15,2022-05-23,,2022-05-23,
800,114594,10,10,2022-03-09,2022-03-09,14,,14,2022-03-09,,2022-03-09,
800,114613,10,10,2022-06-17,2022-06-17,16,,16,2022-06-17,,2022-06-17,
800,114905,10,10,2022-08-07,2022-08-07,3,,3,2022-08-07,,2022-08-07,
800,117118,10,10,2022-06-27,2022-06-27,8,,8,2022-06-27,,2022-06-27,
800,117555,10,10,2022-07-25,2022-07-25,10,,10,2022-07-25,,2022-07-25,
800,117786,10,10,2022-08-10,2022-08-10,12,,12,2022-08-10,,2022-08-10,
800,117832,10,10,2022-06-04,2022-06-04,18,,18,2022-06-04,,2022-06-04,
800,120677,10,10,2022-05-05,2022-05-05,7,,7,2022-05-05,,2022-05-05,
800,121071,10,10,2022-06-09,2022-06-09,7,,7,2022-06-09,,2022-06-09,
800,121370,10,10,2022-06-09,2022-06-09,12,,12,2022-06-09,,2022-06-09,
800,122700,10,10,2022-05-21,2022-05-21,13,,13,2022-05-21,,2022-05-21,
800,122941,10,10,2022-03-25,2022-03-25,1,,1,2022-03-25,,2022-03-25,
800,124844,10,10,2022-05-09,2022-05-09,2,,2,2022-05-09,,2022-05-09,
800,126069,10,10,2022-06-15,2022-06-15,2,,2,2022-06-15,,2022-06-15,
800,126078,10,10,2022-03-21,2022-03-21,1,,1,2022-03-21,,2022-03-21,
800,126859,10,10,2022-07-23,2022-07-23,20,,20,2022-07-23,,2022-07-23,
800,130009,10,10,2022-03-08,2022-03-08,1,,1,2022-03-08,,2022-03-08,
800,130247,10,10,2022-03-24,2022-03-24,9,,9,2022-03-24,,2022-03-24,
800,131338,10,10,2022-07-18,2022-07-18,18,,18,2022-07-18,,2022-07-18,
800,131975,10,10,2022-08-22,2022-08-22,13,,13,2022-08-22,,2022-08-22,
800,132638,10,10,2022-07-18,2022-07-18,6,,6,2022-07-18,,2022-07-18,
800,133412,10,10,2022-08-16,2022-08-16,4,,4,2022-08-16,,2022-08-16,
800,133796,10,10,2022-09-24,2022-09-24,18,,18,2022-09-24,,2022-09-24,
800,134397,10,10,2022-09-11,2022-09-11,14,,14,2022-09-11,,2022-09-11,
800,135393,10,10,2022-10-09,2022-10-09,7,,7,2022-10-09,,2022-10-09,
800,136826,10,10,2022-10-11,2022-10-11,7,,7,2022-10-11,,2022-10-11,
800,137413,10,10,2022-05-31,2022-05-31,4,,4,2022-05-31,,2022-05-31,
800,139111,10,10,2022-09-06,2022-09-06,15,,15,2022-09-06,,2022-09-06,
800,140958,10,10,2022-04-20,2022-04-20,18,,18,2022-04-20,,2022-04-20,
800,141351,10,10,2022-07-26,2022-07-26,13,,13,2022-07-26,,2022-07-26,
800,143095,10,10,2022-06-10,2022-06-10,2,,2,2022-06-10,,2022-06-10,
800,143168,10,10,2022-04-29,2022-04-29,8,,8,2022-04-29,,2022-04-29,
800,145312,10,10,2022-08-16,2022-08-16,10,,10,2022-08-16,,2022-08-16,
800,146577,10,10,2022-05-13,2022-05-13,4,,4,2022-05-13,,2022-05-13,
800,149389,10,10,2022-06-15,2022-06-15,1,,1,2022-06-15,,2022-06-15,
800,153645,10,10,2022-10-27,2022-10-27,17,,17,2022-10-27,,2022-10-27,
800,154612,10,10,2022-08-30,2022-08-30,4,,4,2022-08-30,,2022-08-30,
800,155175,10,10,2022-06-25,2022-06-25,18,,18,2022-06-25,,2022-06-25,
800,155665,10,10,2022-08-02,2022-08-02,6,,6,2022-08-02,,2022-08-02,
800,156138,10,10,2022-05-24,2022-05-24,7,,7,2022-05-24,,2022-05-24,
800,156427,10,10,2022-07-18,2022-07-18,4,,4,2022-07-18,,2022-07-18,
800,157519,10,10,2022-10-27,2022-10-27,15,,15,2022-10-27,,2022-10-27,
800,157959,10,10,2022-07-06,2022-07-06,7,,7,2022-07-06,,2022-07-06,
800,158706,10,10,2022-04-27,2022-04-27,10,,10,2022-04-27,,2022-04-27,
800,162621,10,10,2022-05-09,2022-05-09,2,,2,2022-05-09,,2022-05-09,
800,163358,10,10,2022-06-06,2022-06-06,5,,5,2022-06-06,,2022-06-06,
800,165428,10,10,2022-04-16,2022-04-16,16,,16,2022-04-16,,2022-04-16,
800,165461,10,10,2022-08-27,2022-08-27,12,,12,2022-08-27,,2022-08-27,
800,165835,10,10,2022-06-23,2022-06-23,12,,12,2022-06-23,,2022-06-23,
800,167170,10,10,2022-04-06,2022-04-06,12,,12,2022-04-06,,2022-04-06,
800,167188,10,10,2022-07-31,2022-07-31,15,,15,2022-07-31,,2022-07-31,
800,167246,10,10,2022-07-02,2022-07-02,9,,9,2022-07-02,,2022-07-02,
800,168615,10,10,2022-07-06,2022-07-06,19,,19,2022-07-06,,2022-07-06,
800,169488,10,10,2022-03-26,2022-03-26,12,,12,2022-03-26,,2022-03-26,
800,170233,10,10,2022-05-19,2022-05-19,18,,18,2022-05-19,,2022-05-19,
800,174075,10,10,2022-04-11,2022-04-11,12,,12,2022-04-11,,2022-04-11,
800,174233,10,10,2022-07-10,2022-07-10,14,,14,2022-07-10,,2022-07-10,
800,174510,10,10,2022-05-20,2022-05-20,15,,15,2022-05-20,,2022-05-20,
800,175243,10,10,2022-06-27,2022-06-27,9,,9,2022-06-27,,2022-06-27,
800,176688,10,10,2022-08-18,2022-08-18,17,,17,2022-08-18,,2022-08-18,
800,179596,10,10,2022-07-10,2022-07-10,15,,15,2022-07-10,,2022-07-10,
800,179901,10,10,2022-07-08,2022-07-08,8,,8,2022-07-08,,2022-07-08,
800,180686,10,10,2022-03-09,2022-03-09,9,,9,2022-03-09,,2022-03-09,
800,181331,10,10,2022-08-08,2022-08-08,13,,13,2022-08-08,,2022-08-08,
800,181420,10,10,2022-06-08,2022-06-08,17,,17,2022-06-08,,2022-06-08,
800,181859,10,10,2022-08-12,2022-08-12,9,,9,2022-08-12,,2022-08-12,
800,181979,10,10,2022-03-26,2022-03-26,8,,8,2022-03-26,,2022-03-26,
800,182534,10,10,2022-07-14,2022-07-14,13,,13,2022-07-14,,2022-07-14,
800,183611,10,10,2022-05-04,2022-05-04,9,,9,2022-05-04,,2022-05-04,
800,185351,10,10,2022-06-21,2022-06-21,4,,4,2022-06-21,,2022-06-21,
800,185979,10,10,2022-04-26,2022-04-26,6,,6,2022-04-26,,2022-04-26,
800,186808,10,10,2022-05-10,2022-05-10,1,,1,2022-05-10,,2022-05-10,
800,187898,10,10,2022-08-07,2022-08-07,14,,14,2022-08-07,,2022-08-07,
800,188055,10,10,2022-07-24,2022-07-24,2,,2,2022-07-24,,2022-07-24,
800,188343,10,10,2022-04-30,2022-04-30,14,,14,2022-04-30,,2022-04-30,
800,188561,10,10,2022-08-04,2022-08-04,17,,17,2022-08-04,,2022-08-04,
800,188964,10,10,2022-08-14,2022-08-14,14,,14,2022-08-14,,2022-08-14,
800,189829,10,10,2022-08-23,2022-08-23,7,,7,2022-08-23,,2022-08-23,
800,190234,10,10,2022-04-03,2022-04-03,4,,4,2022-04-03,,2022-04-03,
800,190844,10,10,2022-06-24,2022-06-24,5,,5,2022-06-24,,2022-06-24,
800,192155,10,10,2022-07-19,2022-07-19,1,,1,2022-07-19,,2022-07-19,
800,192840,10,10,2022-07-11,2022-07-11,13,,13,2022-07-11,,2022-07-11,
800,193222,10,10,2022-07-18,2022-07-18,20,,20,2022-07-18,,2022-07-18,
800,193928,10,10,2022-04-29,2022-04-29,8,,8,2022-04-29,,2022-04-29,
800,194824,10,10,2022-02-17,2022-02-17,16,,16,2022-02-17,,2022-02-17,
800,195184,10,10,2022-08-11,2022-08-11,8,,8,2022-08-11,,2022-08-11,
800,195786,10,10,2022-04-23,2022-04-23,12,,12,2022-04-23,,2022-04-23,
800,197020,10,10,2022-08-26,2022-08-26,1,,1,2022-08-26,,2022-08-26,
800,197542,10,10,2022-09-11,2022-09-11,2,,2,2022-09-11,,2022-09-11,
800,198260,10,10,2022-10-12,2022-10-12,7,,7,2022-10-12,,2022-10-12,
800,198622,10,10,2022-08-10,2022-08-10,15,,15,2022-08-10,,2022-08-10,
800,198965,10,10,2022-07-05,2022-07-05,13,,13,2022-07-05,,2022-07-05,
800,199390,10,10,2022-08-03,2022-08-03,10,,10,2022-08-03,,2022-08-03,
800,199915,10,10,2022-06-05,2022-06-05,6,,6,2022-06-05,,2022-06-05,
800,201824,10,10,2022-05-11,2022-05-11,16,,16,2022-05-11,,2022-05-11,
800,202251,10,10,2022-08-30,2022-08-30,1,,1,2022-08-30,,2022-08-30,
800,202626,10,10,2022-07-31,2022-07-31,5,,5,2022-07-31,,2022-07-31,
800,203318,10,10,2022-10-07,2022-10-07,15,,15,2022-10-07,,2022-10-07,
800,205449,10,10,2022-08-23,2022-08-23,11,,11,2022-08-23,,2022-08-23,
800,205568,10,10,2022-08-14,2022-08-14,15,,15,2022-08-14,,2022-08-14,
800,207548,10,10,2022-04-24,2022-04-24,15,,15,2022-04-24,,2022-04-24,
800,208333,10,10,2022-06-11,2022-06-11,17,,17,2022-06-11,,2022-06-11,
800,209937,10,10,2022-05-03,2022-05-03,16,,16,2022-05-03,,2022-05-03,
800,212134,10,10,2022-04-24,2022-04-24,3,,3,2022-04-24,,2022-04-24,
800,212277,10,10,2022-05-26,2022-05-26,17,,17,2022-05-26,,2022-05-26,
800,212694,10,10,2022-07-31,2022-07-31,8,,8,2022-07-31,,2022-07-31,
800,213374,10,10,2022-05-12,2022-05-12,18,,18,2022-05-12,,2022-05-12,
800,213552,10,10,2022-07-28,2022-07-28,9,,9,2022-07-28,,2022-07-28,
800,214823,10,10,2022-06-08,2022-06-08,4,,4,2022-06-08,,2022-06-08,
800,215190,10,10,2022-06-10,2022-06-10,5,,5,2022-06-10,,2022-06-10,
800,215813,10,10,2022-04-16,2022-04-16,4,,4,2022-04-16,,2022-04-16,
800,215932,10,10,2022-05-18,2022-05-18,11,,11,2022-05-18,,2022-05-18,
800,217215,10,10,2022-07-07,2022-07-07,17,,17,2022-07-07,,2022-07-07,
800,217669,10,10,2022-07-28,2022-07-28,11,,11,2022-07-28,,2022-07-28,
800,218700,10,10,2022-06-19,2022-06-19,5,,5,2022-06-19,,2022-06-19,
800,219106,10,10,2022-03-03,2022-03-03,7,,7,2022-03-03,,2022-03-03,
800,220320,10,10,2022-07-19,2022-07-19,17,,17,2022-07-19,,2022-07-19,
800,221949,10,10,2022-08-11,2022-08-11,5,,5,2022-08-11,,2022-08-11,
800,222379,10,10,2022-04-27,2022-04-27,7,,7,2022-04-27,,2022-04-27,
800,224624,10,10,2022-04-05,2022-04-05,15,,15,2022-04-05,,2022-04-05,
800,224987,10,10,2022-04-16,2022-04-16,11,,11,2022-04-16,,2022-04-16,
800,225799,10,10,2022-06-15,2022-06-15,3,,3,2022-06-15,,2022-06-15,
800,226190,10,10,2022-10-23,2022-10-23,8,,8,2022-10-23,,2022-10-23,
800,226941,10,10,2022-03-21,2022-03-21,14,,14,2022-03-21,,2022-03-21,
800,227268,10,10,2022-08-08,2022-08-08,16,,16,2022-08-08,,2022-08-08,
800,227556,10,10,2022-09-18,2022-09-18,12,,12,2022-09-18,,2022-09-18,
800,227731,10,10,2022-07-01,2022-07-01,13,,13,2022-07-01,,2022-07-01,
800,228004,10,10,2022-09-09,2022-09-09,13,,13,2022-09-09,,2022-09-09,
800,228238,10,10,2022-07-22,2022-07-22,10,,10,2022-07-22,,2022-07-22,
800,228368,10,10,2022-06-09,2022-06-09,8,,8,2022-06-09,,2022-06-09,
800,229065,10,10,2022-08-05,2022-08-05,17,,17,2022-08-05,,2022-08-05,
800,230273,10,10,2022-07-16,2022-07-16,15,,15,2022-07-16,,2022-07-16,
800,230695,10,10,2022-08-26,2022-08-26,20,,20,2022-08-26,,2022-08-26,
800,231545,10,10,2022-07-29,2022-07-29,2,,2,2022-07-29,,2022-07-29,
800,231625,10,10,2022-07-24,2022-07-24,10,,10,2022-07-24,,2022-07-24,
800,232564,10,10,2022-08-16,2022-08-16,8,,8,2022-08-16,,2022-08-16,
800,233514,10,10,2022-05-12,2022-05-12,15,,15,2022-05-12,,2022-05-12,
800,233961,10,10,2022-09-18,2022-09-18,13,,13,2022-09-18,,2022-09-18,
800,234956,10,10,2022-04-27,2022-04-27,12,,12,2022-04-27,,2022-04-27,
800,235973,10,10,2022-09-26,2022-09-26,13,,13,2022-09-26,,2022-09-26,
800,236436,10,10,2022-06-23,2022-06-23,14,,14,2022-06-23,,2022-06-23,
800,237859,10,10,2022-07-28,2022-07-28,4,,4,2022-07-28,,2022-07-28,
800,240381,10,10,2022-04-26,2022-04-26,17,,17,2022-04-26,,2022-04-26,
800,240637,10,10,2022-09-11,2022-09-11,1,,1,2022-09-11,,2022-09-11,
800,241476,10,10,2022-05-06,2022-05-06,3,,3,2022-05-06,,2022-05-06,
800,242341,10,10,2022-02-28,2022-02-28,14,,14,2022-02-28,,2022-02-28,
800,242959,10,10,2022-05-13,2022-05-13,3,,3,2022-05-13,,2022-05-13,
800,243850,10,10,2022-06-03,2022-06-03,12,,12,2022-06-03,,2022-06-03,
800,244152,10,10,2022-09-06,2022-09-06,2,,2,2022-09-06,,2022-09-06,
800,246300,10,10,2022-05-17,2022-05-17,16,,16,2022-05-17,,2022-05-17,
800,246818,10,10,2022-05-14,2022-05-14,6,,6,2022-05-14,,2022-05-14,
800,247172,10,10,2022-06-24,2022-06-24,8,,8,2022-06-24,,2022-06-24,
800,247192,10,10,2022-08-03,2022-08-03,4,,4,2022-08-03,,2022-08-03,
800,248264,10,10,2022-04-29,2022-04-29,6,,6,2022-04-29,,2022-04-29,
800,248410,10,10,2022-05-14,2022-05-14,10,,10,2022-05-14,,2022-05-14,
800,249930,10,10,2022-02-25,2022-02-25,11,,11,2022-02-25,,2022-02-25,
800,251921,10,10,2022-10-30,2022-10-30,18,,18,2022-10-30,,2022-10-30,
800,252243,10,10,2022-04-10,2022-04-10,9,,9,2022-04-10,,2022-04-10,
800,252914,10,10,2022-06-11,2022-06-11,3,,3,2022-06-11,,2022-06-11,
800,252947,10,10,2022-05-08,2022-05-08,14,,14,2022-05-08,,2022-05-08,
800,253442,10,10,2022-07-07,2022-07-07,14,,14,2022-07-07,,2022-07-07,
800,255417,10,10,2022-09-02,2022-09-02,3,,3,2022-09-02,,2022-09-02,
800,257521,10,10,2022-07-17,2022-07-17,1,,1,2022-07-17,,2022-07-17,
800,257754,10,10,2022-07-28,2022-07-28,15,,15,2022-07-28,,2022-07-28,
800,259840,10,10,2022-05-29,2022-05-29,16,,16,2022-05-29,,2022-05-29,
800,260020,10,10,2022-07-10,2022-07-10,18,,18,2022-07-10,,2022-07-10,
800,261276,10,10,2022-07-12,2022-07-12,8,,8,2022-07-12,,2022-07-12,
800,262229,10,10,2022-07-24,2022-07-24,13,,13,2022-07-24,,2022-07-24,
800,263346,10,10,2022-05-28,2022-05-28,10,,10,2022-05-28,,2022-05-28,
800,264432,10,10,2022-11-10,2022-11-10,2,,2,2022-11-10,,2022-11-10,
800,265598,10,10,2022-07-10,2022-07-10,15,,15,2022-07-10,,2022-07-10,
800,268466,10,10,2022-08-04,2022-08-04,18,,18,2022-08-04,,2022-08-04,
800,268810,10,10,2022-08-11,2022-08-11,15,,15,2022-08-11,,2022-08-11,
800,269964,10,10,2022-06-05,2022-06-05,18,,18,2022-06-05,,2022-06-05,
800,270186,10,10,2022-06-06,2022-06-06,12,,12,2022-06-06,,2022-06-06,
800,272906,10,10,2022-08-26,2022-08-26,9,,9,2022-08-26,,2022-08-26,
800,273214,10,10,2022-08-30,2022-08-30,5,,5,2022-08-30,,2022-08-30,
800,274052,10,10,2022-08-20,2022-08-20,9,,9,2022-08-20,,2022-08-20,
800,274195,10,10,2022-06-03,2022-06-03,10,,10,2022-06-03,,2022-06-03,
800,275648,10,10,2022-07-14,2022-07-14,7,,7,2022-07-14,,2022-07-14,
800,277275,10,10,2022-07-04,2022-07-04,16,,16,2022-07-04,,2022-07-04,
800,279993,10,10,2022-09-09,2022-09-09,17,,17,2022-09-09,,2022-09-09,
800,280748,10,10,2022-07-15,2022-07-15,4,,4,2022-07-15,,2022-07-15,
800,281238,10,10,2022-03-29,2022-03-29,17,,17,2022-03-29,,2022-03-29,
800,281469,10,10,2022-10-02,2022-10-02,10,,10,2022-10-02,,2022-10-02,
800,282281,10,10,2022-09-06,2022-09-06,16,,16,2022-09-06,,2022-09-06,
800,282343,10,10,2022-08-16,2022-08-16,15,,15,2022-08-16,,2022-08-16,
800,283908,10,10,2022-08-31,2022-08-31,10,,10,2022-08-31,,2022-08-31,
800,284576,10,10,2022-06-07,2022-06-07,16,,16,2022-06-07,,2022-06-07,
800,285027,10,10,2022-06-21,2022-06-21,10,,10,2022-06-21,,2022-06-21,
800,285243,10,10,2022-03-16,2022-03-16,18,,18,2022-03-16,,2022-03-16,
800,285409,10,10,2022-04-20,2022-04-20,13,,13,2022-04-20,,2022-04-20,
800,288215,10,10,2022-08-01,2022-08-01,13,,13,2022-08-01,,2022-08-01,
800,289113,10,10,2022-03-11,2022-03-11,18,,18,2022-03-11,,2022-03-11,
800,289765,10,10,2022-06-23,2022-06-23,8,,8,2022-06-23,,2022-06-23,
800,289854,10,10,2022-05-08,2022-05-08,6,,6,2022-05-08,,2022-05-08,
800,291903,10,10,2022-05-02,2022-05-02,13,,13,2022-05-02,,2022-05-02,
800,292703,10,10,2022-08-20,2022-08-20,5,,5,2022-08-20,,2022-08-20,
800,294423,10,10,2022-04-28,2022-04-28,16,,16,2022-04-28,,2022-04-28,
800,294730,10,10,2022-08-27,2022-08-27,19,,19,2022-08-27,,2022-08-27,
800,295508,10,10,2022-07-13,2022-07-13,16,,16,2022-07-13,,2022-07-13,
800,295665,10,10,2022-09-06,2022-09-06,9,,9,2022-09-06,,2022-09-06,
800,296174,10,10,2022-05-22,2022-05-22,7,,7,2022-05-22,,2022-05-22,
800,296908,10,10,2022-05-01,2022-05-01,5,,5,2022-05-01,,2022-05-01,
800,297164,10,10,2022-08-04,2022-08-04,9,,9,2022-08-04,,2022-08-04,
800,297329,10,10,2022-05-30,2022-05-30,15,,15,2022-05-30,,2022-05-30,
800,297496,10,10,2022-05-23,2022-05-23,15,,15,2022-05-23,,2022-05-23,
800,298221,10,10,2022-09-11,2022-09-11,1,,1,2022-09-11,,2022-09-11,
800,299491,10,10,2022-04-12,2022-04-12,2,,2,2022-04-12,,2022-04-12,
800,300478,10,10,2022-08-12,2022-08-12,6,,6,2022-08-12,,2022-08-12,
800,301781,10,10,2022-07-24,2022-07-24,15,,15,2022-07-24,,2022-07-24,
800,301900,10,10,2022-08-28,2022-08-28,15,,15,2022-08-28,,2022-08-28,
800,302293,10,10,2022-08-06,2022-08-06,13,,13,2022-08-06,,2022-08-06,
800,303501,10,10,2022-06-15,2022-06-15,11,,11,2022-06-15,,2022-06-15,
800,304240,10,10,2022-07-14,2022-07-14,2,,2,2022-07-14,,2022-07-14,
800,304504,10,10,2022-07-25,2022-07-25,13,,13,2022-07-25,,2022-07-25,
800,305318,10,10,2022-08-04,2022-08-04,7,,7,2022-08-04,,2022-08-04,
800,305737,10,10,2022-08-04,2022-08-04,2,,2,2022-08-04,,2022-08-04,
800,306377,10,10,2022-06-08,2022-06-08,2,,2,2022-06-08,,2022-06-08,
800,306902,10,10,2022-07-26,2022-07-26,3,,3,2022-07-26,,2022-07-26,
800,306903,10,10,2022-05-08,2022-05-08,14,,14,2022-05-08,,2022-05-08,
800,307168,10,10,2022-08-16,2022-08-16,6,,6,2022-08-16,,2022-08-16,
800,307524,10,10,2022-04-12,2022-04-12,12,,12,2022-04-12,,2022-04-12,
800,307832,10,10,2022-05-20,2022-05-20,14,,14,2022-05-20,,2022-05-20,
800,307885,10,10,2022-05-16,2022-05-16,13,,13,2022-05-16,,2022-05-16,
800,308554,10,10,2022-07-12,2022-07-12,3,,3,2022-07-12,,2022-07-12,
800,311536,10,10,2022-04-28,2022-04-28,12,,12,2022-04-28,,2022-04-28,
800,311906,10,10,2022-04-23,2022-04-23,9,,9,2022-04-23,,2022-04-23,
800,312478,10,10,2022-03-04,2022-03-04,11,,11,2022-03-04,,2022-03-04,
800,312566,10,10,2022-09-13,2022-09-13,17,,17,2022-09-13,,2022-09-13,
800,313443,10,10,2022-03-15,2022-03-15,10,,10,2022-03-15,,2022-03-15,
800,315544,10,10,2022-08-07,2022-08-07,17,,17,2022-08-07,,2022-08-07,
800,316733,10,10,2022-05-14,2022-05-14,9,,9,2022-05-14,,2022-05-14,
800,317920,10,10,2022-10-11,2022-10-11,6,,6,2022-10-11,,2022-10-11,
800,317938,10,10,2022-08-22,2022-08-22,15,,15,2022-08-22,,2022-08-22,
800,318012,10,10,2022-05-18,2022-05-18,16,,16,2022-05-18,,2022-05-18,
800,318132,10,10,2022-05-01,2022-05-01,5,,5,2022-05-01,,2022-05-01,
800,318312,10,10,2022-08-22,2022-08-22,17,,17,2022-08-22,,2022-08-22,
800,320435,10,10,2022-07-26,2022-07-26,7,,7,2022-07-26,,2022-07-26,
800,320474,10,10,2022-08-11,2022-08-11,13,,13,2022-08-11,,2022-08-11,
800,320903,10,10,2022-08-06,2022-08-06,9,,9,2022-08-06,,2022-08-06,
800,320945,10,10,2022-06-02,2022-06-02,5,,5,2022-06-02,,2022-06-02,
800,321295,10,10,2022-08-11,2022-08-11,14,,14,2022-08-11,,2022-08-11,
800,321606,10,10,2022-04-15,2022-04-15,11,,11,2022-04-15,,2022-04-15,
800,322109,10,10,2022-05-02,2022-05-02,16,,16,2022-05-02,,2022-05-02,
800,323063,10,10,2022-05-10,2022-05-10,11,,11,2022-05-10,,2022-05-10,
800,323168,10,10,2022-05-29,2022-05-29,6,,6,2022-05-29,,2022-05-29,
800,324715,10,10,2022-08-09,2022-08-09,19,,19,2022-08-09,,2022-08-09,
800,327302,10,10,2022-07-02,2022-07-02,12,,12,2022-07-02,,2022-07-02,
800,331511,10,10,2022-04-16,2022-04-16,2,,2,2022-04-16,,2022-04-16,
800,333562,10,10,2022-06-17,2022-06-17,2,,2,2022-06-17,,2022-06-17,
800,334833,10,10,2022-05-14,2022-05-14,12,,12,2022-05-14,,2022-05-14,
800,335769,10,10,2022-10-04,2022-10-04,14,,14,2022-10-04,,2022-10-04,
800,336269,10,10,2022-07-01,2022-07-01,13,,13,2022-07-01,,2022-07-01,
800,337525,10,10,2022-10-03,2022-10-03,7,,7,2022-10-03,,2022-10-03,
800,337948,10,10,2022-08-19,2022-08-19,15,,15,2022-08-19,,2022-08-19,
800,342785,10,10,2022-03-17,2022-03-17,5,,5,2022-03-17,,2022-03-17,
800,345540,10,10,2022-08-15,2022-08-15,8,,8,2022-08-15,,2022-08-15,
800,346990,10,10,2022-06-21,2022-06-21,17,,17,2022-06-21,,2022-06-21,
800,347160,10,10,2022-08-16,2022-08-16,10,,10,2022-08-16,,2022-08-16,
800,348616,10,10,2022-04-05,2022-04-05,1,,1,2022-04-05,,2022-04-05,
800,348916,10,10,2022-08-28,2022-08-28,12,,12,2022-08-28,,2022-08-28,
800,349016,10,10,2022-09-30,2022-09-30,18,,18,2022-09-30,,2022-09-30,
800,349770,10,10,2022-09-01,2022-09-01,1,,1,2022-09-01,,2022-09-01,
800,349784,10,10,2022-07-12,2022-07-12,8,,8,2022-07-12,,2022-07-12,
800,351008,10,10,2022-04-26,2022-04-26,15,,15,2022-04-26,,2022-04-26,
800,352329,10,10,2022-05-06,2022-05-06,12,,12,2022-05-06,,2022-05-06,
800,352446,10,10,2022-08-21,2022-08-21,17,,17,2022-08-21,,2022-08-21,
800,353754,10,10,2022-08-07,2022-08-07,12,,12,2022-08-07,,2022-08-07,
800,354688,10,10,2022-04-18,2022-04-18,1,,1,2022-04-18,,2022-04-18,
800,355523,10,10,2022-06-14,2022-06-14,4,,4,2022-06-14,,2022-06-14,
800,357080,10,10,2022-10-04,2022-10-04,14,,14,2022-10-04,,2022-10-04,
800,362290,10,10,2022-03-30,2022-03-30,1,,1,2022-03-30,,2022-03-30,
800,362722,10,10,2022-07-08,2022-07-08,16,,16,2022-07-08,,2022-07-08,
800,363584,10,10,2022-05-07,2022-05-07,4,,4,2022-05-07,,2022-05-07,
800,364417,10,10,2022-04-28,2022-04-28,19,,19,2022-04-28,,2022-04-28,
800,366909,10,10,2022-05-20,2022-05-20,18,,18,2022-05-20,,2022-05-20,
800,367768,10,10,2022-06-04,2022-06-04,16,,16,2022-06-04,,2022-06-04,
800,368032,10,10,2022-08-24,2022-08-24,14,,14,2022-08-24,,2022-08-24,
800,369815,10,10,2022-05-17,2022-05-17,3,,3,2022-05-17,,2022-05-17,
800,373398,10,10,2022-07-30,2022-07-30,19,,19,2022-07-30,,2022-07-30,
800,373489,10,10,2022-05-06,2022-05-06,12,,12,2022-05-06,,2022-05-06,
800,375257,10,10,2022-04-19,2022-04-19,3,,3,2022-04-19,,2022-04-19,
800,376206,10,10,2022-08-05,2022-08-05,20,,20,2022-08-05,,2022-08-05,
800,378036,10,10,2022-05-18,2022-05-18,14,,14,2022-05-18,,2022-05-18,
800,378190,10,10,2022-07-04,2022-07-04,13,,13,2022-07-04,,2022-07-04,
800,379505,10,10,2022-05-19,2022-05-19,9,,9,2022-05-19,,2022-05-19,
800,379762,10,10,2022-07-09,2022-07-09,7,,7,2022-07-09,,2022-07-09,
800,381190,10,10,2022-08-20,2022-08-20,17,,17,2022-08-20,,2022-08-20,
800,382353,10,10,2022-04-08,2022-04-08,7,,7,2022-04-08,,2022-04-08,
800,383512,10,10,2022-07-15,2022-07-15,2,,2,2022-07-15,,2022-07-15,
800,384338,10,10,2022-05-23,2022-05-23,7,,7,2022-05-23,,2022-05-23,
800,387135,10,10,2022-03-22,2022-03-22,7,,7,2022-03-22,,2022-03-22,
800,387187,10,10,2022-03-27,2022-03-27,5,,5,2022-03-27,,2022-03-27,
800,389110,10,10,2022-07-24,2022-07-24,9,,9,2022-07-24,,2022-07-24,
800,391186,10,10,2022-06-25,2022-06-25,12,,12,2022-06-25,,2022-06-25,
800,392099,10,10,2022-07-01,2022-07-01,8,,8,2022-07-01,,2022-07-01,
800,393079,10,10,2022-08-12,2022-08-12,1,,1,2022-08-12,,2022-08-12,
800,393631,10,10,2022-08-09,2022-08-09,10,,10,2022-08-09,,2022-08-09,
800,394796,10,10,2022-05-25,2022-05-25,10,,10,2022-05-25,,2022-05-25,
800,397075,10,10,2022-08-08,2022-08-08,8,,8,2022-08-08,,2022-08-08,
800,397644,10,10,2022-05-14,2022-05-14,3,,3,2022-05-14,,2022-05-14,
800,398328,10,10,2022-05-29,2022-05-29,16,,16,2022-05-29,,2022-05-29,
800,400047,10,10,2022-06-16,2022-06-16,7,,7,2022-06-16,,2022-06-16,
800,401420,10,10,2022-08-07,2022-08-07,9,,9,2022-08-07,,2022-08-07,
800,403373,10,10,2022-06-19,2022-06-19,3,,3,2022-06-19,,2022-06-19,
800,403871,10,10,2022-04-29,2022-04-29,13,,13,2022-04-29,,2022-04-29,
800,404893,10,10,2022-09-11,2022-09-11,14,,14,2022-09-11,,2022-09-11,
800,407910,10,10,2022-07-06,2022-07-06,12,,12,2022-07-06,,2022-07-06,
800,408106,10,10,2022-04-26,2022-04-26,6,,6,2022-04-26,,2022-04-26,
800,408224,10,10,2022-08-22,2022-08-22,16,,16,2022-08-22,,2022-08-22,
800,408462,10,10,2022-06-13,2022-06-13,12,,12,2022-06-13,,2022-06-13,
800,408609,10,10,2022-08-22,2022-08-22,3,,3,2022-08-22,,2022-08-22,
800,409021,10,10,2022-09-05,2022-09-05,3,,3,2022-09-05,,2022-09-05,
800,410619,10,10,2022-06-11,2022-06-11,15,,15,2022-06-11,,2022-06-11,
800,413428,10,10,2022-09-05,2022-09-05,8,,8,2022-09-05,,2022-09-05,
800,413633,10,10,2022-07-08,2022-07-08,11,,11,2022-07-08,,2022-07-08,
800,414366,10,10,2022-07-10,2022-07-10,14,,14,2022-07-10,,2022-07-10,
800,414431,10,10,2022-05-09,2022-05-09,10,,10,2022-05-09,,2022-05-09,
800,416192,10,10,2022-05-21,2022-05-21,11,,11,2022-05-21,,2022-05-21,
800,417086,10,10,2022-06-07,2022-06-07,4,,4,2022-06-07,,2022-06-07,
800,417671,10,10,2022-03-29,2022-03-29,8,,8,2022-03-29,,2022-03-29,
800,417905,10,10,2022-07-26,2022-07-26,13,,13,2022-07-26,,2022-07-26,
800,419369,10,10,2022-06-06,2022-06-06,7,,7,2022-06-06,,2022-06-06,
800,420141,10,10,2022-08-31,2022-08-31,19,,19,2022-08-31,,2022-08-31,
800,420484,10,10,2022-06-22,2022-06-22,5,,5,2022-06-22,,2022-06-22,
800,420537,10,10,2022-09-02,2022-09-02,5,,5,2022-09-02,,2022-09-02,
800,420721,10,10,2022-08-22,2022-08-22,17,,17,2022-08-22,,2022-08-22,
800,422702,10,10,2022-08-27,2022-08-27,4,,4,2022-08-27,,2022-08-27,
800,423102,10,10,2022-07-16,2022-07-16,17,,17,2022-07-16,,2022-07-16,
800,423114,10,10,2022-04-13,2022-04-13,14,,14,2022-04-13,,2022-04-13,
800,424161,10,10,2022-04-14,2022-04-14,17,,17,2022-04-14,,2022-04-14,
800,425728,10,10,2022-07-27,2022-07-27,16,,16,2022-07-27,,2022-07-27,
800,426180,10,10,2022-08-04,2022-08-04,11,,11,2022-08-04,,2022-08-04,
800,428521,10,10,2022-06-20,2022-06-20,1,,1,2022-06-20,,2022-06-20,
800,429680,10,10,2022-03-27,2022-03-27,11,,11,2022-03-27,,2022-03-27,
800,430062,10,10,2022-06-23,2022-06-23,11,,11,2022-06-23,,2022-06-23,
800,430694,10,10,2022-09-28,2022-09-28,11,,11,2022-09-28,,2022-09-28,
800,431367,10,10,2022-07-12,2022-07-12,16,,16,2022-07-12,,2022-07-12,
800,431394,10,10,2022-06-27,2022-06-27,19,,19,2022-06-27,,2022-06-27,
800,432970,10,10,2022-07-16,2022-07-16,11,,11,2022-07-16,,2022-07-16,
800,433371,10,10,2022-07-30,2022-07-30,6,,6,2022-07-30,,2022-07-30,
800,433814,10,10,2022-04-17,2022-04-17,16,,16,2022-04-17,,2022-04-17,
800,434281,10,10,2022-03-17,2022-03-17,19,,19,2022-03-17,,2022-03-17,
800,435724,10,10,2022-07-16,2022-07-16,14,,14,2022-07-16,,2022-07-16,
800,436236,10,10,2022-05-20,2022-05-20,12,,12,2022-05-20,,2022-05-20,
800,436595,10,10,2022-06-23,2022-06-23,17,,17,2022-06-23,,2022-06-23,
800,436995,10,10,2022-07-30,2022-07-30,16,,16,2022-07-30,,2022-07-30,
800,437115,10,10,2022-09-11,2022-09-11,16,,16,2022-09-11,,2022-09-11,
800,437257,10,10,2022-05-05,2022-05-05,8,,8,2022-05-05,,2022-05-05,
800,438149,10,10,2022-07-18,2022-07-18,5,,5,2022-07-18,,2022-07-18,
800,438727,10,10,2022-08-02,2022-08-02,2,,2,2022-08-02,,2022-08-02,
800,438996,10,10,2022-03-26,2022-03-26,4,,4,2022-03-26,,2022-03-26,
800,440770,10,10,2022-11-01,2022-11-01,11,,11,2022-11-01,,2022-11-01,
800,441425,10,10,2022-06-05,2022-06-05,2,,2,2022-06-05,,2022-06-05,
800,441693,10,10,2022-07-12,2022-07-12,1,,1,2022-07-12,,2022-07-12,
800,442413,10,10,2022-06-17,2022-06-17,1,,1,2022-06-17,,2022-06-17,
800,443920,10,10,2022-05-27,2022-05-27,6,,6,2022-05-27,,2022-05-27,
800,445390,10,10,2022-03-20,2022-03-20,15,,15,2022-03-20,,2022-03-20,
800,445626,10,10,2022-09-25,2022-09-25,17,,17,2022-09-25,,2022-09-25,
800,446104,10,10,2022-08-17,2022-08-17,1,,1,2022-08-17,,2022-08-17,
800,447063,10,10,2022-08-03,2022-08-03,7,,7,2022-08-03,,2022-08-03,
800,447095,10,10,2022-06-09,2022-06-09,14,,14,2022-06-09,,2022-06-09,
800,447702,10,10,2022-07-20,2022-07-20,18,,18,2022-07-20,,2022-07-20,
800,448424,10,10,2022-04-13,2022-04-13,11,,11,2022-04-13,,2022-04-13,
800,448927,10,10,2022-10-20,2022-10-20,16,,16,2022-10-20,,2022-10-20,
800,450756,10,10,2022-07-05,2022-07-05,9,,9,2022-07-05,,2022-07-05,
800,451112,10,10,2022-03-31,2022-03-31,16,,16,2022-03-31,,2022-03-31,
800,452486,10,10,2022-08-17,2022-08-17,5,,5,2022-08-17,,2022-08-17,
800,454405,10,10,2022-05-15,2022-05-15,14,,14,2022-05-15,,2022-05-15,
800,454887,10,10,2022-05-20,2022-05-20,9,,9,2022-05-20,,2022-05-20,
800,456738,10,10,2022-07-13,2022-07-13,5,,5,2022-07-13,,2022-07-13,
800,457500,10,10,2022-10-01,2022-10-01,18,,18,2022-10-01,,2022-10-01,
800,457552,10,10,2022-10-26,2022-10-26,20,,20,2022-10-26,,2022-10-26,
800,458232,10,10,2022-10-22,2022-10-22,10,,10,2022-10-22,,2022-10-22,
800,458706,10,10,2022-05-11,2022-05-11,1,,1,2022-05-11,,2022-05-11,
800,459829,10,10,2022-04-22,2022-04-22,17,,17,2022-04-22,,2022-04-22,
800,461393,10,10,2022-09-12,2022-09-12,3,,3,2022-09-12,,2022-09-12,
800,462771,10,10,2022-03-27,2022-03-27,2,,2,2022-03-27,,2022-03-27,
800,463910,10,10,2022-08-08,2022-08-08,8,,8,2022-08-08,,2022-08-08,
800,467362,10,10,2022-10-28,2022-10-28,11,,11,2022-10-28,,2022-10-28,
800,467996,10,10,2022-04-22,2022-04-22,14,,14,2022-04-22,,2022-04-22,
800,468057,10,10,2022-07-28,2022-07-28,8,,8,2022-07-28,,2022-07-28,
800,468308,10,10,2022-10-02,2022-10-02,17,,17,2022-10-02,,2022-10-02,
800,468607,10,10,2022-08-14,2022-08-14,10,,10,2022-08-14,,2022-08-14,
800,469374,10,10,2022-06-03,2022-06-03,2,,2,2022-06-03,,2022-06-03,
800,472508,10,10,2022-07-23,2022-07-23,3,,3,2022-07-23,,2022-07-23,
800,473847,10,10,2022-06-30,2022-06-30,5,,5,2022-06-30,,2022-06-30,
800,475796,10,10,2022-05-26,2022-05-26,12,,12,2022-05-26,,2022-05-26,
800,476382,10,10,2022-09-24,2022-09-24,16,,16,2022-09-24,,2022-09-24,
800,476986,10,10,2022-06-09,2022-06-09,2,,2,2022-06-09,,2022-06-09,
800,477851,10,10,2022-08-04,2022-08-04,7,,7,2022-08-04,,2022-08-04,
800,478568,10,10,2022-07-06,2022-07-06,4,,4,2022-07-06,,2022-07-06,
800,479939,10,10,2022-05-28,2022-05-28,2,,2,2022-05-28,,2022-05-28,
800,480700,10,10,2022-09-01,2022-09-01,6,,6,2022-09-01,,2022-09-01,
800,483343,10,10,2022-04-27,2022-04-27,10,,10,2022-04-27,,2022-04-27,
800,484154,10,10,2022-07-28,2022-07-28,14,,14,2022-07-28,,2022-07-28,
800,484380,10,10,2022-09-02,2022-09-02,5,,5,2022-09-02,,2022-09-02,
800,484617,10,10,2022-07-06,2022-07-06,16,,16,2022-07-06,,2022-07-06,
800,485857,10,10,2022-07-23,2022-07-23,18,,18,2022-07-23,,2022-07-23,
800,488063,10,10,2022-09-08,2022-09-08,13,,13,2022-09-08,,2022-09-08,
800,488675,10,10,2022-06-03,2022-06-03,19,,19,2022-06-03,,2022-06-03,
800,488778,10,10,2022-06-24,2022-06-24,8,,8,2022-06-24,,2022-06-24,
800,489009,10,10,2022-08-06,2022-08-06,13,,13,2022-08-06,,2022-08-06,
800,490571,10,10,2022-06-16,2022-06-16,20,,20,2022-06-16,,2022-06-16,
800,490784,10,10,2022-06-08,2022-06-08,2,,2,2022-06-08,,2022-06-08,
800,491774,10,10,2022-08-27,2022-08-27,4,,4,2022-08-27,,2022-08-27,
800,493902,10,10,2022-08-31,2022-08-31,3,,3,2022-08-31,,2022-08-31,
800,494221,10,10,2022-09-21,2022-09-21,16,,16,2022-09-21,,2022-09-21,
800,494284,10,10,2022-09-05,2022-09-05,4,,4,2022-09-05,,2022-09-05,
800,495159,10,10,2022-08-13,2022-08-13,9,,9,2022-08-13,,2022-08-13,
800,495504,10,10,2022-06-24,2022-06-24,12,,12,2022-06-24,,2022-06-24,
800,498642,10,10,2022-08-21,2022-08-21,20,,20,2022-08-21,,2022-08-21,
800,498734,10,10,2022-08-27,2022-08-27,10,,10,2022-08-27,,2022-08-27,
800,498816,10,10,2022-04-18,2022-04-18,8,,8,2022-04-18,,2022-04-18,
800,499023,10,10,2022-07-05,2022-07-05,7,,7,2022-07-05,,2022-07-05,
800,499039,10,10,2022-07-13,2022-07-13,18,,18,2022-07-13,,2022-07-13,
800,499536,10,10,2022-05-15,2022-05-15,15,,15,2022-05-15,,2022-05-15,
800,500033,10,10,2022-06-28,2022-06-28,6,,6,2022-06-28,,2022-06-28,
800,500079,10,10,2022-09-01,2022-09-01,3,,3,2022-09-01,,2022-09-01,
800,500280,10,10,2022-05-15,2022-05-15,20,,20,2022-05-15,,2022-05-15,
800,500433,10,10,2022-05-08,2022-05-08,17,,17,2022-05-08,,2022-05-08,
800,501200,10,10,2022-07-14,2022-07-14,20,,20,2022-07-14,,2022-07-14,
800,501297,10,10,2022-08-23,2022-08-23,10,,10,2022-08-23,,2022-08-23,
800,502210,10,10,2022-07-08,2022-07-08,4,,4,2022-07-08,,2022-07-08,
800,502835,10,10,2022-04-23,2022-04-23,5,,5,2022-04-23,,2022-04-23,
800,505711,10,10,2022-06-18,2022-06-18,17,,17,2022-06-18,,2022-06-18,
800,507640,10,10,2022-07-29,2022-07-29,15,,15,2022-07-29,,2022-07-29,
800,509468,10,10,2022-05-26,2022-05-26,11,,11,2022-05-26,,2022-05-26,
800,509959,10,10,2022-08-11,2022-08-11,14,,14,2022-08-11,,2022-08-11,
800,510416,10,10,2022-05-27,2022-05-27,9,,9,2022-05-27,,2022-05-27,
800,512192,10,10,2022-05-10,2022-05-10,15,,15,2022-05-10,,2022-05-10,
800,512334,10,10,2022-07-28,2022-07-28,17,,17,2022-07-28,,2022-07-28,
800,513311,10,10,2022-08-20,2022-08-20,10,,10,2022-08-20,,2022-08-20,
800,514218,10,10,2022-07-01,2022-07-01,17,,17,2022-07-01,,2022-07-01,
800,515238,10,10,2022-03-05,2022-03-05,10,,10,2022-03-05,,2022-03-05,
800,516394,10,10,2022-05-22,2022-05-22,16,,16,2022-05-22,,2022-05-22,
800,519842,10,10,2022-06-14,2022-06-14,6,,6,2022-06-14,,2022-06-14,
800,522381,10,10,2022-03-19,2022-03-19,14,,14,2022-03-19,,2022-03-19,
800,523234,10,10,2022-06-14,2022-06-14,4,,4,2022-06-14,,2022-06-14,
800,523771,10,10,2022-03-24,2022-03-24,1,,1,2022-03-24,,2022-03-24,
800,523798,10,10,2022-08-15,2022-08-15,7,,7,2022-08-15,,2022-08-15,
800,525598,10,10,2022-06-28,2022-06-28,12,,12,2022-06-28,,2022-06-28,
800,527015,10,10,2022-10-01,2022-10-01,15,,15,2022-10-01,,2022-10-01,
800,527181,10,10,2022-06-13,2022-06-13,10,,10,2022-06-13,,2022-06-13,
800,527879,10,10,2022-07-30,2022-07-30,3,,3,2022-07-30,,2022-07-30,
800,529000,10,10,2022-06-21,2022-06-21,6,,6,2022-06-21,,2022-06-21,
800,530713,10,10,2022-09-09,2022-09-09,15,,15,2022-09-09,,2022-09-09,
800,530945,10,10,2022-06-24,2022-06-24,10,,10,2022-06-24,,2022-06-24,
800,531165,10,10,2022-07-07,2022-07-07,16,,16,2022-07-07,,2022-07-07,
800,531203,10,10,2022-08-20,2022-08-20,13,,13,2022-08-20,,2022-08-20,
800,532622,10,10,2022-09-10,2022-09-10,5,,5,2022-09-10,,2022-09-10,
800,536613,10,10,2022-02-11,2022-02-11,4,,4,2022-02-11,,2022-02-11,
800,538984,10,10,2022-06-15,2022-06-15,6,,6,2022-06-15,,2022-06-15,
800,539253,10,10,2022-04-18,2022-04-18,11,,11,2022-04-18,,2022-04-18,
800,540382,10,10,2022-07-20,2022-07-20,16,,16,2022-07-20,,2022-07-20,
800,540467,10,10,2022-07-19,2022-07-19,17,,17,2022-07-19,,2022-07-19,
800,542438,10,10,2022-06-11,2022-06-11,6,,6,2022-06-11,,2022-06-11,
800,542820,10,10,2022-09-06,2022-09-06,5,,5,2022-09-06,,2022-09-06,
800,542953,10,10,2022-10-22,2022-10-22,9,,9,2022-10-22,,2022-10-22,
800,545169,10,10,2022-05-03,2022-05-03,6,,6,2022-05-03,,2022-05-03,
800,545535,10,10,2022-08-17,2022-08-17,4,,4,2022-08-17,,2022-08-17,
800,545634,10,10,2022-03-20,2022-03-20,3,,3,2022-03-20,,2022-03-20,
800,548249,10,10,2022-03-30,2022-03-30,10,,10,2022-03-30,,2022-03-30,
800,549230,10,10,2022-05-26,2022-05-26,9,,9,2022-05-26,,2022-05-26,
800,549962,10,10,2022-05-14,2022-05-14,4,,4,2022-05-14,,2022-05-14,
800,550425,10,10,2022-06-07,2022-06-07,18,,18,2022-06-07,,2022-06-07,
800,552498,10,10,2022-05-13,2022-05-13,2,,2,2022-05-13,,2022-05-13,
800,552815,10,10,2022-05-23,2022-05-23,13,,13,2022-05-23,,2022-05-23,
800,554582,10,10,2022-06-24,2022-06-24,15,,15,2022-06-24,,2022-06-24,
800,555505,10,10,2022-04-07,2022-04-07,7,,7,2022-04-07,,2022-04-07,
800,555677,10,10,2022-07-25,2022-07-25,10,,10,2022-07-25,,2022-07-25,
800,555834,10,10,2022-08-23,2022-08-23,8,,8,2022-08-23,,2022-08-23,
800,557669,10,10,2022-07-15,2022-07-15,4,,4,2022-07-15,,2022-07-15,
800,560366,10,10,2022-09-25,2022-09-25,1,,1,2022-09-25,,2022-09-25,
800,560528,10,10,2022-05-02,2022-05-02,12,,12,2022-05-02,,2022-05-02,
800,563269,10,10,2022-05-16,2022-05-16,9,,9,2022-05-16,,2022-05-16,
800,563560,10,10,2022-06-14,2022-06-14,10,,10,2022-06-14,,2022-06-14,
800,564384,10,10,2022-04-10,2022-04-10,13,,13,2022-04-10,,2022-04-10,
800,565257,10,10,2022-10-04,2022-10-04,4,,4,2022-10-04,,2022-10-04,
800,565647,10,10,2022-07-15,2022-07-15,16,,16,2022-07-15,,2022-07-15,
800,566878,10,10,2022-10-17,2022-10-17,17,,17,2022-10-17,,2022-10-17,
800,567462,10,10,2022-10-03,2022-10-03,13,,13,2022-10-03,,2022-10-03,
800,567759,10,10,2022-07-13,2022-07-13,3,,3,2022-07-13,,2022-07-13,
800,567825,10,10,2022-09-05,2022-09-05,14,,14,2022-09-05,,2022-09-05,
800,572565,10,10,2022-10-04,2022-10-04,14,,14,2022-10-04,,2022-10-04,
800,573138,10,10,2022-06-04,2022-06-04,5,,5,2022-06-04,,2022-06-04,
800,575227,10,10,2022-05-01,2022-05-01,14,,14,2022-05-01,,2022-05-01,
800,575573,10,10,2022-05-14,2022-05-14,13,,13,2022-05-14,,2022-05-14,
800,576058,10,10,2022-07-09,2022-07-09,13,,13,2022-07-09,,2022-07-09,
800,576363,10,10,2022-09-26,2022-09-26,12,,12,2022-09-26,,2022-09-26,
800,578054,10,10,2022-08-02,2022-08-02,17,,17,2022-08-02,,2022-08-02,
800,581482,10,10,2022-07-23,2022-07-23,8,,8,2022-07-23,,2022-07-23,
800,581820,10,10,2022-04-01,2022-04-01,6,,6,2022-04-01,,2022-04-01,
800,583527,10,10,2022-08-30,2022-08-30,17,,17,2022-08-30,,2022-08-30,
800,583839,10,10,2022-10-13,2022-10-13,12,,12,2022-10-13,,2022-10-13,
800,584019,10,10,2022-08-23,2022-08-23,3,,3,2022-08-23,,2022-08-23,
800,584406,10,10,2022-07-16,2022-07-16,18,,18,2022-07-16,,2022-07-16,
800,584543,10,10,2022-10-04,2022-10-04,4,,4,2022-10-04,,2022-10-04,
800,586632,10,10,2022-03-24,2022-03-24,6,,6,2022-03-24,,2022-03-24,
800,587726,10,10,2022-05-16,2022-05-16,2,,2,2022-05-16,,2022-05-16,
800,588596,10,10,2022-08-28,2022-08-28,6,,6,2022-08-28,,2022-08-28,
800,589246,10,10,2022-04-15,2022-04-15,16,,16,2022-04-15,,2022-04-15,
800,590545,10,10,2022-07-26,2022-07-26,15,,15,2022-07-26,,2022-07-26,
800,590659,10,10,2022-08-13,2022-08-13,16,,16,2022-08-13,,2022-08-13,
800,590995,10,10,2022-10-11,2022-10-11,15,,15,2022-10-11,,2022-10-11,
800,591638,10,10,2022-09-04,2022-09-04,12,,12,2022-09-04,,2022-09-04,
800,592050,10,10,2022-06-04,2022-06-04,15,,15,2022-06-04,,2022-06-04,
800,593170,10,10,2022-07-12,2022-07-12,16,,16,2022-07-12,,2022-07-12,
800,595373,10,10,2022-07-01,2022-07-01,11,,11,2022-07-01,,2022-07-01,
800,596749,10,10,2022-05-24,2022-05-24,16,,16,2022-05-24,,2022-05-24,
800,597598,10,10,2022-09-15,2022-09-15,5,,5,2022-09-15,,2022-09-15,
800,598554,10,10,2022-05-16,2022-05-16,15,,15,2022-05-16,,2022-05-16,
800,599341,10,10,2022-11-09,2022-11-09,10,,10,2022-11-09,,2022-11-09,
800,600036,10,10,2022-08-27,2022-08-27,6,,6,2022-08-27,,2022-08-27,
800,601423,10,10,2022-06-24,2022-06-24,16,,16,2022-06-24,,2022-06-24,
800,602780,10,10,2022-10-12,2022-10-12,5,,5,2022-10-12,,2022-10-12,
800,604094,10,10,2022-07-31,2022-07-31,17,,17,2022-07-31,,2022-07-31,
800,604131,10,10,2022-07-15,2022-07-15,13,,13,2022-07-15,,2022-07-15,
800,604597,10,10,2022-07-10,2022-07-10,20,,20,2022-07-10,,2022-07-10,
800,604880,10,10,2022-06-03,2022-06-03,17,,17,2022-06-03,,2022-06-03,
800,605598,10,10,2022-02-20,2022-02-20,15,,15,2022-02-20,,2022-02-20,
800,605907,10,10,2022-03-26,2022-03-26,6,,6,2022-03-26,,2022-03-26,
800,606940,10,10,2022-06-23,2022-06-23,7,,7,2022-06-23,,2022-06-23,
800,607449,10,10,2022-03-06,2022-03-06,8,,8,2022-03-06,,2022-03-06,
800,607874,10,10,2022-06-06,2022-06-06,3,,3,2022-06-06,,2022-06-06,
800,608247,10,10,2022-06-29,2022-06-29,4,,4,2022-06-29,,2022-06-29,
800,609215,10,10,2022-06-24,2022-06-24,8,,8,2022-06-24,,2022-06-24,
800,609774,10,10,2022-10-24,2022-10-24,2,,2,2022-10-24,,2022-10-24,
800,610661,10,10,2022-07-30,2022-07-30,8,,8,2022-07-30,,2022-07-30,
800,611322,10,10,2022-08-19,2022-08-19,19,,19,2022-08-19,,2022-08-19,
800,611515,10,10,2022-06-11,2022-06-11,15,,15,2022-06-11,,2022-06-11,
800,611518,10,10,2022-04-07,2022-04-07,6,,6,2022-04-07,,2022-04-07,
800,613307,10,10,2022-08-29,2022-08-29,9,,9,2022-08-29,,2022-08-29,
800,613984,10,10,2022-03-14,2022-03-14,9,,9,2022-03-14,,2022-03-14,
800,614867,10,10,2022-04-24,2022-04-24,13,,13,2022-04-24,,2022-04-24,
800,614985,10,10,2022-03-17,2022-03-17,3,,3,2022-03-17,,2022-03-17,
800,617153,10,10,2022-06-05,2022-06-05,14,,14,2022-06-05,,2022-06-05,
800,618350,10,10,2022-09-13,2022-09-13,8,,8,2022-09-13,,2022-09-13,
800,618922,10,10,2022-04-14,2022-04-14,17,,17,2022-04-14,,2022-04-14,
800,620067,10,10,2022-09-11,2022-09-11,7,,7,2022-09-11,,2022-09-11,
800,621322,10,10,2022-06-08,2022-06-08,15,,15,2022-06-08,,2022-06-08,
800,621477,10,10,2022-10-30,2022-10-30,18,,18,2022-10-30,,2022-10-30,
800,621494,10,10,2022-06-23,2022-06-23,13,,13,2022-06-23,,2022-06-23,
800,621699,10,10,2022-05-01,2022-05-01,5,,5,2022-05-01,,2022-05-01,
800,622409,10,10,2022-10-09,2022-10-09,17,,17,2022-10-09,,2022-10-09,
800,622597,10,10,2022-07-06,2022-07-06,17,,17,2022-07-06,,2022-07-06,
800,623234,10,10,2022-05-27,2022-05-27,6,,6,2022-05-27,,2022-05-27,
800,623452,10,10,2022-08-11,2022-08-11,3,,3,2022-08-11,,2022-08-11,
800,626402,10,10,2022-05-31,2022-05-31,11,,11,2022-05-31,,2022-05-31,
800,626726,10,10,2022-04-02,2022-04-02,9,,9,2022-04-02,,2022-04-02,
800,628233,10,10,2022-04-23,2022-04-23,10,,10,2022-04-23,,2022-04-23,
800,630053,10,10,2022-07-13,2022-07-13,5,,5,2022-07-13,,2022-07-13,
800,630180,10,10,2022-03-20,2022-03-20,12,,12,2022-03-20,,2022-03-20,
800,631114,10,10,2022-06-14,2022-06-14,18,,18,2022-06-14,,2022-06-14,
800,631942,10,10,2022-06-17,2022-06-17,3,,3,2022-06-17,,2022-06-17,
800,633160,10,10,2022-05-26,2022-05-26,7,,7,2022-05-26,,2022-05-26,
800,633711,10,10,2022-07-27,2022-07-27,8,,8,2022-07-27,,2022-07-27,
800,634480,10,10,2022-06-26,2022-06-26,19,,19,2022-06-26,,2022-06-26,
800,635019,10,10,2022-06-15,2022-06-15,15,,15,2022-06-15,,2022-06-15,
800,635046,10,10,2022-06-27,2022-06-27,16,,16,2022-06-27,,2022-06-27,
800,635274,10,10,2022-06-24,2022-06-24,17,,17,2022-06-24,,2022-06-24,
800,635588,10,10,2022-05-06,2022-05-06,18,,18,2022-05-06,,2022-05-06,
800,636128,10,10,2022-07-15,2022-07-15,11,,11,2022-07-15,,2022-07-15,
800,636837,10,10,2022-08-27,2022-08-27,3,,3,2022-08-27,,2022-08-27,
800,636890,10,10,2022-07-22,2022-07-22,1,,1,2022-07-22,,2022-07-22,
800,637189,10,10,2022-08-07,2022-08-07,2,,2,2022-08-07,,2022-08-07,
800,638753,10,10,2022-08-01,2022-08-01,15,,15,2022-08-01,,2022-08-01,
800,638916,10,10,2022-06-21,2022-06-21,8,,8,2022-06-21,,2022-06-21,
800,640889,10,10,2022-03-28,2022-03-28,4,,4,2022-03-28,,2022-03-28,
800,641145,10,10,2022-07-19,2022-07-19,14,,14,2022-07-19,,2022-07-19,
800,641413,10,10,2022-08-14,2022-08-14,2,,2,2022-08-14,,2022-08-14,
800,641964,10,10,2022-05-31,2022-05-31,3,,3,2022-05-31,,2022-05-31,
800,642221,10,10,2022-09-04,2022-09-04,8,,8,2022-09-04,,2022-09-04,
800,642342,10,10,2022-08-19,2022-08-19,9,,9,2022-08-19,,2022-08-19,
800,642968,10,10,2022-08-23,2022-08-23,19,,19,2022-08-23,,2022-08-23,
800,645301,10,10,2022-05-11,2022-05-11,1,,1,2022-05-11,,2022-05-11,
800,648510,10,10,2022-07-26,2022-07-26,2,,2,2022-07-26,,2022-07-26,
800,648778,10,10,2022-06-08,2022-06-08,2,,2,2022-06-08,,2022-06-08,
800,649569,10,10,2022-03-14,2022-03-14,7,,7,2022-03-14,,2022-03-14,
800,650504,10,10,2022-07-02,2022-07-02,1,,1,2022-07-02,,2022-07-02,
800,652999,10,10,2022-05-12,2022-05-12,9,,9,2022-05-12,,2022-05-12,
800,653193,10,10,2022-07-09,2022-07-09,4,,4,2022-07-09,,2022-07-09,
800,653585,10,10,2022-05-05,2022-05-05,1,,1,2022-05-05,,2022-05-05,
800,656710,10,10,2022-08-04,2022-08-04,8,,8,2022-08-04,,2022-08-04,
800,657725,10,10,2022-05-09,2022-05-09,5,,5,2022-05-09,,2022-05-09,
800,659453,10,10,2022-05-20,2022-05-20,11,,11,2022-05-20,,2022-05-20,
800,659931,10,10,2022-05-19,2022-05-19,7,,7,2022-05-19,,2022-05-19,
800,662424,10,10,2022-05-17,2022-05-17,5,,5,2022-05-17,,2022-05-17,
800,663624,10,10,2022-03-06,2022-03-06,2,,2,2022-03-06,,2022-03-06,
800,664090,10,10,2022-07-21,2022-07-21,14,,14,2022-07-21,,2022-07-21,
800,665891,10,10,2022-06-08,2022-06-08,10,,10,2022-06-08,,2022-06-08,
800,667592,10,10,2022-05-18,2022-05-18,7,,7,2022-05-18,,2022-05-18,
800,668495,10,10,2022-08-21,2022-08-21,7,,7,2022-08-21,,2022-08-21,
800,668564,10,10,2022-07-07,2022-07-07,18,,18,2022-07-07,,2022-07-07,
800,668962,10,10,2022-06-08,2022-06-08,5,,5,2022-06-08,,2022-06-08,
800,668964,10,10,2022-05-03,2022-05-03,13,,13,2022-05-03,,2022-05-03,
800,669331,10,10,2022-06-25,2022-06-25,10,,10,2022-06-25,,2022-06-25,
800,669732,10,10,2022-09-01,2022-09-01,11,,11,2022-09-01,,2022-09-01,
800,669837,10,10,2022-05-17,2022-05-17,12,,12,2022-05-17,,2022-05-17,
800,671574,10,10,2022-06-12,2022-06-12,19,,19,2022-06-12,,2022-06-12,
800,672445,10,10,2022-09-06,2022-09-06,16,,16,2022-09-06,,2022-09-06,
800,672679,10,10,2022-06-13,2022-06-13,6,,6,2022-06-13,,2022-06-13,
800,673404,10,10,2022-06-14,2022-06-14,17,,17,2022-06-14,,2022-06-14,
800,673563,10,10,2022-06-29,2022-06-29,15,,15,2022-06-29,,2022-06-29,
800,675020,10,10,2022-07-30,2022-07-30,4,,4,2022-07-30,,2022-07-30,
800,675554,10,10,2022-07-31,2022-07-31,7,,7,2022-07-31,,2022-07-31,
800,675724,10,10,2022-05-23,2022-05-23,3,,3,2022-05-23,,2022-05-23,
800,679276,10,10,2022-03-01,2022-03-01,3,,3,2022-03-01,,2022-03-01,
800,682043,10,10,2022-05-30,2022-05-30,2,,2,2022-05-30,,2022-05-30,
800,682161,10,10,2022-07-28,2022-07-28,16,,16,2022-07-28,,2022-07-28,
800,682873,10,10,2022-04-10,2022-04-10,14,,14,2022-04-10,,2022-04-10,
800,684789,10,10,2022-08-10,2022-08-10,3,,3,2022-08-10,,2022-08-10,
800,685432,10,10,2022-06-17,2022-06-17,7,,7,2022-06-17,,2022-06-17,
800,686816,10,10,2022-08-13,2022-08-13,17,,17,2022-08-13,,2022-08-13,
800,687213,10,10,2022-05-02,2022-05-02,16,,16,2022-05-02,,2022-05-02,
800,688219,10,10,2022-03-06,2022-03-06,7,,7,2022-03-06,,2022-03-06,
800,689034,10,10,2022-06-11,2022-06-11,16,,16,2022-06-11,,2022-06-11,
800,690134,10,10,2022-04-04,2022-04-04,11,,11,2022-04-04,,2022-04-04,
800,690246,10,10,2022-06-22,2022-06-22,9,,9,2022-06-22,,2022-06-22,
800,690360,10,10,2022-06-11,2022-06-11,12,,12,2022-06-11,,2022-06-11,
800,691011,10,10,2022-11-01,2022-11-01,7,,7,2022-11-01,,2022-11-01,
800,692751,10,10,2022-09-02,2022-09-02,17,,17,2022-09-02,,2022-09-02,
800,695225,10,10,2022-07-29,2022-07-29,2,,2,2022-07-29,,2022-07-29,
800,698608,10,10,2022-07-23,2022-07-23,17,,17,2022-07-23,,2022-07-23,
800,698961,10,10,2022-07-02,2022-07-02,14,,14,2022-07-02,,2022-07-02,
800,699635,10,10,2022-05-23,2022-05-23,10,,10,2022-05-23,,2022-05-23,
800,699771,10,10,2022-08-28,2022-08-28,3,,3,2022-08-28,,2022-08-28,
800,699781,10,10,2022-09-23,2022-09-23,16,,16,2022-09-23,,2022-09-23,
800,702881,10,10,2022-06-25,2022-06-25,11,,11,2022-06-25,,2022-06-25,
800,703202,10,10,2022-03-22,2022-03-22,5,,5,2022-03-22,,2022-03-22,
800,703955,10,10,2022-05-30,2022-05-30,9,,9,2022-05-30,,2022-05-30,
800,704293,10,10,2022-06-25,2022-06-25,12,,12,2022-06-25,,2022-06-25,
800,704371,10,10,2022-07-18,2022-07-18,14,,14,2022-07-18,,2022-07-18,
800,704730,10,10,2022-07-01,2022-07-01,16,,16,2022-07-01,,2022-07-01,
800,705129,10,10,2022-07-29,2022-07-29,14,,14,2022-07-29,,2022-07-29,
800,705906,10,10,2022-05-29,2022-05-29,14,,14,2022-05-29,,2022-05-29,
800,707045,10,10,2022-08-24,2022-08-24,11,,11,2022-08-24,,2022-08-24,
800,708684,10,10,2022-07-17,2022-07-17,19,,19,2022-07-17,,2022-07-17,
800,708873,10,10,2022-04-14,2022-04-14,9,,9,2022-04-14,,2022-04-14,
800,709115,10,10,2022-07-28,2022-07-28,11,,11,2022-07-28,,2022-07-28,
800,709306,10,10,2022-08-03,2022-08-03,9,,9,2022-08-03,,2022-08-03,
800,713732,10,10,2022-08-12,2022-08-12,1,,1,2022-08-12,,2022-08-12,
800,714718,10,10,2022-06-12,2022-06-12,11,,11,2022-06-12,,2022-06-12,
800,716462,10,10,2022-11-02,2022-11-02,8,,8,2022-11-02,,2022-11-02,
800,717520,10,10,2022-03-09,2022-03-09,9,,9,2022-03-09,,2022-03-09,
800,718260,10,10,2022-04-25,2022-04-25,5,,5,2022-04-25,,2022-04-25,
800,718714,10,10,2022-08-13,2022-08-13,16,,16,2022-08-13,,2022-08-13,
800,719343,10,10,2022-04-26,2022-04-26,10,,10,2022-04-26,,2022-04-26,
800,719930,10,10,2022-03-30,2022-03-30,8,,8,2022-03-30,,2022-03-30,
800,720481,10,10,2022-09-01,2022-09-01,2,,2,2022-09-01,,2022-09-01,
800,721633,10,10,2022-09-13,2022-09-13,8,,8,2022-09-13,,2022-09-13,
800,723083,10,10,2022-05-30,2022-05-30,1,,1,2022-05-30,,2022-05-30,
800,723087,10,10,2022-06-15,2022-06-15,7,,7,2022-06-15,,2022-06-15,
800,724988,10,10,2022-05-11,2022-05-11,1,,1,2022-05-11,,2022-05-11,
800,726108,10,10,2022-04-20,2022-04-20,2,,2,2022-04-20,,2022-04-20,
800,726595,10,10,2022-04-19,2022-04-19,13,,13,2022-04-19,,2022-04-19,
800,727166,10,10,2022-07-22,2022-07-22,17,,17,2022-07-22,,2022-07-22,
800,729893,10,10,2022-06-02,2022-06-02,14,,14,2022-06-02,,2022-06-02,
800,730105,10,10,2022-08-12,2022-08-12,13,,13,2022-08-12,,2022-08-12,
800,730530,10,10,2022-03-21,2022-03-21,6,,6,2022-03-21,,2022-03-21,
800,730745,10,10,2022-06-16,2022-06-16,10,,10,2022-06-16,,2022-06-16,
800,730921,10,10,2022-06-30,2022-06-30,5,,5,2022-06-30,,2022-06-30,
800,731303,10,10,2022-08-28,2022-08-28,6,,6,2022-08-28,,2022-08-28,
800,732000,10,10,2022-04-25,2022-04-25,10,,10,2022-04-25,,2022-04-25,
800,733008,10,10,2022-09-05,2022-09-05,2,,2,2022-09-05,,2022-09-05,
800,734200,10,10,2022-08-21,2022-08-21,1,,1,2022-08-21,,2022-08-21,
800,734622,10,10,2022-06-20,2022-06-20,11,,11,2022-06-20,,2022-06-20,
800,735446,10,10,2022-08-19,2022-08-19,12,,12,2022-08-19,,2022-08-19,
800,735882,10,10,2022-07-29,2022-07-29,10,,10,2022-07-29,,2022-07-29,
800,740877,10,10,2022-10-22,2022-10-22,6,,6,2022-10-22,,2022-10-22,
800,741322,10,10,2022-03-08,2022-03-08,16,,16,2022-03-08,,2022-03-08,
800,742629,10,10,2022-09-20,2022-09-20,13,,13,2022-09-20,,2022-09-20,
800,742832,10,10,2022-08-04,2022-08-04,14,,14,2022-08-04,,2022-08-04,
800,743579,10,10,2022-07-04,2022-07-04,8,,8,2022-07-04,,2022-07-04,
800,744035,10,10,2022-10-13,2022-10-13,18,,18,2022-10-13,,2022-10-13,
800,744516,10,10,2022-07-10,2022-07-10,13,,13,2022-07-10,,2022-07-10,
800,745348,10,10,2022-09-07,2022-09-07,15,,15,2022-09-07,,2022-09-07,
800,747371,10,10,2022-09-12,2022-09-12,8,,8,2022-09-12,,2022-09-12,
800,747555,10,10,2022-08-11,2022-08-11,1,,1,2022-08-11,,2022-08-11,
800,748194,10,10,2022-03-11,2022-03-11,17,,17,2022-03-11,,2022-03-11,
800,748213,10,10,2022-10-13,2022-10-13,4,,4,2022-10-13,,2022-10-13,
800,749650,10,10,2022-06-08,2022-06-08,15,,15,2022-06-08,,2022-06-08,
800,750230,10,10,2022-03-23,2022-03-23,18,,18,2022-03-23,,2022-03-23,
800,750353,10,10,2022-09-21,2022-09-21,5,,5,2022-09-21,,2022-09-21,
800,751975,10,10,2022-05-04,2022-05-04,3,,3,2022-05-04,,2022-05-04,
800,754490,10,10,2022-04-15,2022-04-15,9,,9,2022-04-15,,2022-04-15,
800,754951,10,10,2022-09-06,2022-09-06,4,,4,2022-09-06,,2022-09-06,
800,755782,10,10,2022-06-08,2022-06-08,17,,17,2022-06-08,,2022-06-08,
800,756929,10,10,2022-05-01,2022-05-01,12,,12,2022-05-01,,2022-05-01,
800,757457,10,10,2022-06-17,2022-06-17,1,,1,2022-06-17,,2022-06-17,
800,758828,10,10,2022-04-16,2022-04-16,7,,7,2022-04-16,,2022-04-16,
800,760073,10,10,2022-03-28,2022-03-28,19,,19,2022-03-28,,2022-03-28,
800,761734,10,10,2022-08-30,2022-08-30,15,,15,2022-08-30,,2022-08-30,
800,762337,10,10,2022-07-26,2022-07-26,9,,9,2022-07-26,,2022-07-26,
800,762476,10,10,2022-03-28,2022-03-28,10,,10,2022-03-28,,2022-03-28,
800,762931,10,10,2022-05-31,2022-05-31,8,,8,2022-05-31,,2022-05-31,
800,764529,10,10,2022-08-05,2022-08-05,9,,9,2022-08-05,,2022-08-05,
800,765377,10,10,2022-06-04,2022-06-04,1,,1,2022-06-04,,2022-06-04,
800,768298,10,10,2022-05-30,2022-05-30,14,,14,2022-05-30,,2022-05-30,
800,768932,10,10,2022-08-16,2022-08-16,9,,9,2022-08-16,,2022-08-16,
800,768982,10,10,2022-07-11,2022-07-11,12,,12,2022-07-11,,2022-07-11,
800,769045,10,10,2022-08-26,2022-08-26,14,,14,2022-08-26,,2022-08-26,
800,770639,10,10,2022-05-17,2022-05-17,11,,11,2022-05-17,,2022-05-17,
800,771194,10,10,2022-04-04,2022-04-04,15,,15,2022-04-04,,2022-04-04,
800,771288,10,10,2022-04-23,2022-04-23,14,,14,2022-04-23,,2022-04-23,
800,772529,10,10,2022-08-15,2022-08-15,7,,7,2022-08-15,,2022-08-15,
800,772594,10,10,2022-07-08,2022-07-08,16,,16,2022-07-08,,2022-07-08,
800,772845,10,10,2022-08-05,2022-08-05,4,,4,2022-08-05,,2022-08-05,
800,772868,10,10,2022-08-01,2022-08-01,3,,3,2022-08-01,,2022-08-01,
800,773007,10,10,2022-07-31,2022-07-31,7,,7,2022-07-31,,2022-07-31,
800,774778,10,10,2022-06-21,2022-06-21,11,,11,2022-06-21,,2022-06-21,
800,775382,10,10,2022-03-14,2022-03-14,7,,7,2022-03-14,,2022-03-14,
800,776833,10,10,2022-09-04,2022-09-04,18,,18,2022-09-04,,2022-09-04,
800,777138,10,10,2022-07-30,2022-07-30,6,,6,2022-07-30,,2022-07-30,
800,777479,10,10,2022-06-06,2022-06-06,15,,15,2022-06-06,,2022-06-06,
800,777596,10,10,2022-05-06,2022-05-06,18,,18,2022-05-06,,2022-05-06,
800,778891,10,10,2022-05-04,2022-05-04,12,,12,2022-05-04,,2022-05-04,
800,779298,10,10,2022-06-10,2022-06-10,4,,4,2022-06-10,,2022-06-10,
800,780687,10,10,2022-07-24,2022-07-24,15,,15,2022-07-24,,2022-07-24,
800,781134,10,10,2022-10-02,2022-10-02,11,,11,2022-10-02,,2022-10-02,
800,783461,10,10,2022-05-31,2022-05-31,3,,3,2022-05-31,,2022-05-31,
800,783857,10,10,2022-06-20,2022-06-20,17,,17,2022-06-20,,2022-06-20,
800,784461,10,10,2022-05-16,2022-05-16,5,,5,2022-05-16,,2022-05-16,
800,784926,10,10,2022-07-12,2022-07-12,4,,4,2022-07-12,,2022-07-12,
800,785371,10,10,2022-05-25,2022-05-25,1,,1,2022-05-25,,2022-05-25,
800,785534,10,10,2022-05-05,2022-05-05,12,,12,2022-05-05,,2022-05-05,
800,785934,10,10,2022-06-01,2022-06-01,9,,9,2022-06-01,,2022-06-01,
800,786858,10,10,2022-06-14,2022-06-14,1,,1,2022-06-14,,2022-06-14,
800,787773,10,10,2022-08-29,2022-08-29,15,,15,2022-08-29,,2022-08-29,
800,789239,10,10,2022-04-24,2022-04-24,14,,14,2022-04-24,,2022-04-24,
800,789246,10,10,2022-05-11,2022-05-11,12,,12,2022-05-11,,2022-05-11,
800,789808,10,10,2022-07-28,2022-07-28,11,,11,2022-07-28,,2022-07-28,
800,794109,10,10,2022-05-26,2022-05-26,1,,1,2022-05-26,,2022-05-26,
800,796729,10,10,2022-06-12,2022-06-12,8,,8,2022-06-12,,2022-06-12,
800,796991,10,10,2022-10-21,2022-10-21,17,,17,2022-10-21,,2022-10-21,
800,797304,10,10,2022-06-20,2022-06-20,3,,3,2022-06-20,,2022-06-20,
800,797839,10,10,2022-07-31,2022-07-31,16,,16,2022-07-31,,2022-07-31,
800,797888,10,10,2022-05-17,2022-05-17,12,,12,2022-05-17,,2022-05-17,
800,798007,10,10,2022-09-02,2022-09-02,5,,5,2022-09-02,,2022-09-02,
800,798382,10,10,2022-03-18,2022-03-18,6,,6,2022-03-18,,2022-03-18,
800,798483,10,10,2022-06-16,2022-06-16,7,,7,2022-06-16,,2022-06-16,
800,800027,10,10,2022-09-09,2022-09-09,7,,7,2022-09-09,,2022-09-09,
800,800229,10,10,2022-06-19,2022-06-19,16,,16,2022-06-19,,2022-06-19,
800,801268,10,10,2022-05-21,2022-05-21,1,,1,2022-05-21,,2022-05-21,
800,802265,10,10,2022-04-15,2022-04-15,14,,14,2022-04-15,,2022-04-15,
800,803676,10,10,2022-07-03,2022-07-03,14,,14,2022-07-03,,2022-07-03,
800,803810,10,10,2022-07-11,2022-07-11,15,,15,2022-07-11,,2022-07-11,
800,804326,10,10,2022-09-24,2022-09-24,15,,15,2022-09-24,,2022-09-24,
800,805460,10,10,2022-10-21,2022-10-21,4,,4,2022-10-21,,2022-10-21,
800,805689,10,10,2022-05-10,2022-05-10,11,,11,2022-05-10,,2022-05-10,
800,805944,10,10,2022-08-30,2022-08-30,6,,6,2022-08-30,,2022-08-30,
800,806642,10,10,2022-06-14,2022-06-14,6,,6,2022-06-14,,2022-06-14,
800,809555,10,10,2022-05-04,2022-05-04,2,,2,2022-05-04,,2022-05-04,
800,809569,10,10,2022-09-05,2022-09-05,15,,15,2022-09-05,,2022-09-05,
800,810025,10,10,2022-08-10,2022-08-10,13,,13,2022-08-10,,2022-08-10,
800,810368,10,10,2022-07-29,2022-07-29,14,,14,2022-07-29,,2022-07-29,
800,811137,10,10,2022-05-20,2022-05-20,17,,17,2022-05-20,,2022-05-20,
800,812963,10,10,2022-09-15,2022-09-15,2,,2,2022-09-15,,2022-09-15,
800,813222,10,10,2022-05-05,2022-05-05,5,,5,2022-05-05,,2022-05-05,
800,813490,10,10,2022-04-24,2022-04-24,5,,5,2022-04-24,,2022-04-24,
800,813533,10,10,2022-07-27,2022-07-27,15,,15,2022-07-27,,2022-07-27,
800,814646,10,10,2022-05-09,2022-05-09,3,,3,2022-05-09,,2022-05-09,
800,817867,10,10,2022-02-20,2022-02-20,10,,10,2022-02-20,,2022-02-20,
800,819739,10,10,2022-07-08,2022-07-08,15,,15,2022-07-08,,2022-07-08,
800,820644,10,10,2022-07-25,2022-07-25,5,,5,2022-07-25,,2022-07-25,
800,820697,10,10,2022-07-22,2022-07-22,10,,10,2022-07-22,,2022-07-22,
800,820863,10,10,2022-08-13,2022-08-13,5,,5,2022-08-13,,2022-08-13,
800,823513,10,10,2022-06-28,2022-06-28,4,,4,2022-06-28,,2022-06-28,
800,824146,10,10,2022-04-28,2022-04-28,4,,4,2022-04-28,,2022-04-28,
800,824977,10,10,2022-08-21,2022-08-21,17,,17,2022-08-21,,2022-08-21,
800,825272,10,10,2022-06-14,2022-06-14,9,,9,2022-06-14,,2022-06-14,
800,825532,10,10,2022-09-03,2022-09-03,4,,4,2022-09-03,,2022-09-03,
800,827765,10,10,2022-08-24,2022-08-24,19,,19,2022-08-24,,2022-08-24,
800,827900,10,10,2022-04-10,2022-04-10,1,,1,2022-04-10,,2022-04-10,
800,828788,10,10,2022-07-15,2022-07-15,11,,11,2022-07-15,,2022-07-15,
800,830515,10,10,2022-06-30,2022-06-30,12,,12,2022-06-30,,2022-06-30,
800,830603,10,10,2022-07-26,2022-07-26,12,,12,2022-07-26,,2022-07-26,
800,830688,10,10,2022-07-21,2022-07-21,11,,11,2022-07-21,,2022-07-21,
800,831573,10,10,2022-08-26,2022-08-26,10,,10,2022-08-26,,2022-08-26,
800,832151,10,10,2022-07-13,2022-07-13,11,,11,2022-07-13,,2022-07-13,
800,833901,10,10,2022-08-08,2022-08-08,15,,15,2022-08-08,,2022-08-08,
800,834641,10,10,2022-08-03,2022-08-03,13,,13,2022-08-03,,2022-08-03,
800,835168,10,10,2022-08-14,2022-08-14,13,,13,2022-08-14,,2022-08-14,
800,837111,10,10,2022-09-05,2022-09-05,4,,4,2022-09-05,,2022-09-05,
800,837977,10,10,2022-07-12,2022-07-12,8,,8,2022-07-12,,2022-07-12,
800,839801,10,10,2022-07-26,2022-07-26,9,,9,2022-07-26,,2022-07-26,
800,842028,10,10,2022-05-12,2022-05-12,10,,10,2022-05-12,,2022-05-12,
800,842667,10,10,2022-03-31,2022-03-31,7,,7,2022-03-31,,2022-03-31,
800,842876,10,10,2022-06-26,2022-06-26,18,,18,2022-06-26,,2022-06-26,
800,843564,10,10,2022-03-31,2022-03-31,9,,9,2022-03-31,,2022-03-31,
800,844490,10,10,2022-04-13,2022-04-13,16,,16,2022-04-13,,2022-04-13,
800,844524,10,10,2022-05-15,2022-05-15,17,,17,2022-05-15,,2022-05-15,
800,844623,10,10,2022-06-15,2022-06-15,15,,15,2022-06-15,,2022-06-15,
800,845177,10,10,2022-07-26,2022-07-26,6,,6,2022-07-26,,2022-07-26,
800,845636,10,10,2022-07-30,2022-07-30,3,,3,2022-07-30,,2022-07-30,
800,846158,10,10,2022-04-05,2022-04-05,13,,13,2022-04-05,,2022-04-05,
800,846772,10,10,2022-04-01,2022-04-01,17,,17,2022-04-01,,2022-04-01,
800,848138,10,10,2022-06-29,2022-06-29,9,,9,2022-06-29,,2022-06-29,
800,848393,10,10,2022-06-22,2022-06-22,5,,5,2022-06-22,,2022-06-22,
800,848564,10,10,2022-09-05,2022-09-05,14,,14,2022-09-05,,2022-09-05,
800,849056,10,10,2022-06-22,2022-06-22,1,,1,2022-06-22,,2022-06-22,
800,851173,10,10,2022-08-13,2022-08-13,13,,13,2022-08-13,,2022-08-13,
800,851677,10,10,2022-08-30,2022-08-30,1,,1,2022-08-30,,2022-08-30,
800,852768,10,10,2022-05-06,2022-05-06,14,,14,2022-05-06,,2022-05-06,
800,853479,10,10,2022-04-12,2022-04-12,5,,5,2022-04-12,,2022-04-12,
800,853958,10,10,2022-09-02,2022-09-02,20,,20,2022-09-02,,2022-09-02,
800,856012,10,10,2022-04-29,2022-04-29,10,,10,2022-04-29,,2022-04-29,
800,856060,10,10,2022-05-15,2022-05-15,11,,11,2022-05-15,,2022-05-15,
800,856781,10,10,2022-06-22,2022-06-22,10,,10,2022-06-22,,2022-06-22,
800,859755,10,10,2022-06-14,2022-06-14,9,,9,2022-06-14,,2022-06-14,
800,859846,10,10,2022-10-24,2022-10-24,3,,3,2022-10-24,,2022-10-24,
800,862257,10,10,2022-06-19,2022-06-19,9,,9,2022-06-19,,2022-06-19,
800,864449,10,10,2022-04-13,2022-04-13,18,,18,2022-04-13,,2022-04-13,
800,866440,10,10,2022-09-03,2022-09-03,17,,17,2022-09-03,,2022-09-03,
800,867394,10,10,2022-03-24,2022-03-24,14,,14,2022-03-24,,2022-03-24,
800,867596,10,10,2022-06-10,2022-06-10,10,,10,2022-06-10,,2022-06-10,
800,867957,10,10,2022-04-02,2022-04-02,14,,14,2022-04-02,,2022-04-02,
800,868241,10,10,2022-07-24,2022-07-24,3,,3,2022-07-24,,2022-07-24,
800,869890,10,10,2022-08-13,2022-08-13,14,,14,2022-08-13,,2022-08-13,
800,870464,10,10,2022-04-11,2022-04-11,13,,13,2022-04-11,,2022-04-11,
800,870632,10,10,2022-05-03,2022-05-03,17,,17,2022-05-03,,2022-05-03,
800,871336,10,10,2022-06-28,2022-06-28,17,,17,2022-06-28,,2022-06-28,
800,872972,10,10,2022-05-02,2022-05-02,18,,18,2022-05-02,,2022-05-02,
800,873185,10,10,2022-04-23,2022-04-23,6,,6,2022-04-23,,2022-04-23,
800,873477,10,10,2022-04-29,2022-04-29,6,,6,2022-04-29,,2022-04-29,
800,873638,10,10,2022-10-02,2022-10-02,18,,18,2022-10-02,,2022-10-02,
800,876250,10,10,2022-07-27,2022-07-27,15,,15,2022-07-27,,2022-07-27,
800,877337,10,10,2022-04-13,2022-04-13,4,,4,2022-04-13,,2022-04-13,
800,877381,10,10,2022-05-25,2022-05-25,2,,2,2022-05-25,,2022-05-25,
800,878011,10,10,2022-09-05,2022-09-05,10,,10,2022-09-05,,2022-09-05,
800,878888,10,10,2022-09-05,2022-09-05,10,,10,2022-09-05,,2022-09-05,
800,879073,10,10,2022-07-20,2022-07-20,14,,14,2022-07-20,,2022-07-20,
800,879131,10,10,2022-05-13,2022-05-13,2,,2,2022-05-13,,2022-05-13,
800,879553,10,10,2022-05-24,2022-05-24,10,,10,2022-05-24,,2022-05-24,
800,880508,10,10,2022-03-19,2022-03-19,17,,17,2022-03-19,,2022-03-19,
800,880829,10,10,2022-06-04,2022-06-04,13,,13,2022-06-04,,2022-06-04,
800,881860,10,10,2022-04-29,2022-04-29,11,,11,2022-04-29,,2022-04-29,
800,882482,10,10,2022-09-16,2022-09-16,4,,4,2022-09-16,,2022-09-16,
800,882514,10,10,2022-04-03,2022-04-03,16,,16,2022-04-03,,2022-04-03,
800,884470,10,10,2022-06-06,2022-06-06,17,,17,2022-06-06,,2022-06-06,
800,885476,10,10,2022-09-06,2022-09-06,6,,6,2022-09-06,,2022-09-06,
800,885698,10,10,2022-06-29,2022-06-29,17,,17,2022-06-29,,2022-06-29,
800,887628,10,10,2022-03-20,2022-03-20,10,,10,2022-03-20,,2022-03-20,
800,887640,10,10,2022-06-18,2022-06-18,17,,17,2022-06-18,,2022-06-18,
800,889198,10,10,2022-04-28,2022-04-28,9,,9,2022-04-28,,2022-04-28,
800,890209,10,10,2022-05-01,2022-05-01,6,,6,2022-05-01,,2022-05-01,
800,891200,10,10,2022-06-30,2022-06-30,10,,10,2022-06-30,,2022-06-30,
800,892483,10,10,2022-06-13,2022-06-13,12,,12,2022-06-13,,2022-06-13,
800,892855,10,10,2022-06-16,2022-06-16,9,,9,2022-06-16,,2022-06-16,
800,894263,10,10,2022-06-23,2022-06-23,12,,12,2022-06-23,,2022-06-23,
800,896467,10,10,2022-05-11,2022-05-11,15,,15,2022-05-11,,2022-05-11,
800,896505,10,10,2022-07-25,2022-07-25,17,,17,2022-07-25,,2022-07-25,
800,897020,10,10,2022-06-11,2022-06-11,1,,1,2022-06-11,,2022-06-11,
800,897549,10,10,2022-08-18,2022-08-18,2,,2,2022-08-18,,2022-08-18,
800,897714,10,10,2022-08-17,2022-08-17,2,,2,2022-08-17,,2022-08-17,
800,897791,10,10,2022-05-26,2022-05-26,11,,11,2022-05-26,,2022-05-26,
800,897882,10,10,2022-07-26,2022-07-26,16,,16,2022-07-26,,2022-07-26,
800,898004,10,10,2022-06-05,2022-06-05,8,,8,2022-06-05,,2022-06-05,
800,898638,10,10,2022-05-08,2022-05-08,17,,17,2022-05-08,,2022-05-08,
800,900187,10,10,2022-06-15,2022-06-15,15,,15,2022-06-15,,2022-06-15,
800,902191,10,10,2022-08-18,2022-08-18,16,,16,2022-08-18,,2022-08-18,
800,902341,10,10,2022-09-08,2022-09-08,17,,17,2022-09-08,,2022-09-08,
800,902978,10,10,2022-02-25,2022-02-25,3,,3,2022-02-25,,2022-02-25,
800,903267,10,10,2022-06-20,2022-06-20,7,,7,2022-06-20,,2022-06-20,
800,903674,10,10,2022-05-23,2022-05-23,6,,6,2022-05-23,,2022-05-23,
800,903893,10,10,2022-07-14,2022-07-14,12,,12,2022-07-14,,2022-07-14,
800,904008,10,10,2022-09-02,2022-09-02,16,,16,2022-09-02,,2022-09-02,
800,904152,10,10,2022-07-10,2022-07-10,18,,18,2022-07-10,,2022-07-10,
800,905312,10,10,2022-09-23,2022-09-23,17,,17,2022-09-23,,2022-09-23,
800,906353,10,10,2022-09-13,2022-09-13,10,,10,2022-09-13,,2022-09-13,
800,906554,10,10,2022-06-04,2022-06-04,5,,5,2022-06-04,,2022-06-04,
800,907115,10,10,2022-06-19,2022-06-19,1,,1,2022-06-19,,2022-06-19,
800,907628,10,10,2022-07-03,2022-07-03,1,,1,2022-07-03,,2022-07-03,
800,907831,10,10,2022-07-14,2022-07-14,16,,16,2022-07-14,,2022-07-14,
800,907890,10,10,2022-05-07,2022-05-07,13,,13,2022-05-07,,2022-05-07,
800,908887,10,10,2022-09-16,2022-09-16,4,,4,2022-09-16,,2022-09-16,
800,909710,10,10,2022-06-13,2022-06-13,8,,8,2022-06-13,,2022-06-13,
800,912129,10,10,2022-10-22,2022-10-22,14,,14,2022-10-22,,2022-10-22,
800,912855,10,10,2022-05-16,2022-05-16,4,,4,2022-05-16,,2022-05-16,
800,913052,10,10,2022-09-06,2022-09-06,7,,7,2022-09-06,,2022-09-06,
800,914427,10,10,2022-09-17,2022-09-17,19,,19,2022-09-17,,2022-09-17,
800,914731,10,10,2022-07-25,2022-07-25,4,,4,2022-07-25,,2022-07-25,
800,916428,10,10,2022-08-03,2022-08-03,4,,4,2022-08-03,,2022-08-03,
800,919474,10,10,2022-10-23,2022-10-23,3,,3,2022-10-23,,2022-10-23,
800,920557,10,10,2022-06-20,2022-06-20,7,,7,2022-06-20,,2022-06-20,
800,921190,10,10,2022-06-18,2022-06-18,18,,18,2022-06-18,,2022-06-18,
800,921477,10,10,2022-03-25,2022-03-25,14,,14,2022-03-25,,2022-03-25,
800,923198,10,10,2022-06-23,2022-06-23,3,,3,2022-06-23,,2022-06-23,
800,923778,10,10,2022-09-03,2022-09-03,10,,10,2022-09-03,,2022-09-03,
800,923898,10,10,2022-04-16,2022-04-16,14,,14,2022-04-16,,2022-04-16,
800,928384,10,10,2022-03-19,2022-03-19,3,,3,2022-03-19,,2022-03-19,
800,929508,10,10,2022-06-08,2022-06-08,14,,14,2022-06-08,,2022-06-08,
800,929832,10,10,2022-09-17,2022-09-17,7,,7,2022-09-17,,2022-09-17,
800,929855,10,10,2022-09-12,2022-09-12,12,,12,2022-09-12,,2022-09-12,
800,931559,10,10,2022-03-30,2022-03-30,16,,16,2022-03-30,,2022-03-30,
800,931719,10,10,2022-04-21,2022-04-21,12,,12,2022-04-21,,2022-04-21,
800,931877,10,10,2022-06-07,2022-06-07,3,,3,2022-06-07,,2022-06-07,
800,932814,10,10,2022-07-26,2022-07-26,8,,8,2022-07-26,,2022-07-26,
800,932875,10,10,2022-08-03,2022-08-03,8,,8,2022-08-03,,2022-08-03,
800,933133,10,10,2022-04-25,2022-04-25,1,,1,2022-04-25,,2022-04-25,
800,934803,10,10,2022-08-25,2022-08-25,18,,18,2022-08-25,,2022-08-25,
800,934840,10,10,2022-09-03,2022-09-03,10,,10,2022-09-03,,2022-09-03,
800,934869,10,10,2022-05-24,2022-05-24,13,,13,2022-05-24,,2022-05-24,
800,935930,10,10,2022-09-03,2022-09-03,13,,13,2022-09-03,,2022-09-03,
800,935986,10,10,2022-08-28,2022-08-28,17,,17,2022-08-28,,2022-08-28,
800,936729,10,10,2022-07-10,2022-07-10,10,,10,2022-07-10,,2022-07-10,
800,937515,10,10,2022-06-11,2022-06-11,14,,14,2022-06-11,,2022-06-11,
800,938365,10,10,2022-06-23,2022-06-23,13,,13,2022-06-23,,2022-06-23,
800,938473,10,10,2022-06-23,2022-06-23,16,,16,2022-06-23,,2022-06-23,
800,939143,10,10,2022-04-28,2022-04-28,7,,7,2022-04-28,,2022-04-28,
800,939898,10,10,2022-09-05,2022-09-05,7,,7,2022-09-05,,2022-09-05,
800,940193,10,10,2022-08-03,2022-08-03,12,,12,2022-08-03,,2022-08-03,
800,940921,10,10,2022-08-29,2022-08-29,19,,19,2022-08-29,,2022-08-29,
800,941385,10,10,2022-08-09,2022-08-09,3,,3,2022-08-09,,2022-08-09,
800,941463,10,10,2022-04-06,2022-04-06,12,,12,2022-04-06,,2022-04-06,
800,942268,10,10,2022-05-09,2022-05-09,6,,6,2022-05-09,,2022-05-09,
800,942906,10,10,2022-10-10,2022-10-10,5,,5,2022-10-10,,2022-10-10,
800,943780,10,10,2022-08-05,2022-08-05,4,,4,2022-08-05,,2022-08-05,
800,944134,10,10,2022-05-31,2022-05-31,13,,13,2022-05-31,,2022-05-31,
800,945087,10,10,2022-05-24,2022-05-24,8,,8,2022-05-24,,2022-05-24,
800,945370,10,10,2022-07-06,2022-07-06,15,,15,2022-07-06,,2022-07-06,
800,946656,10,10,2022-05-05,2022-05-05,5,,5,2022-05-05,,2022-05-05,
800,948146,10,10,2022-08-25,2022-08-25,6,,6,2022-08-25,,2022-08-25,
800,949342,10,10,2022-07-30,2022-07-30,10,,10,2022-07-30,,2022-07-30,
800,950601,10,10,2022-09-04,2022-09-04,5,,5,2022-09-04,,2022-09-04,
800,950709,10,10,2022-03-19,2022-03-19,8,,8,2022-03-19,,2022-03-19,
800,955884,10,10,2022-08-06,2022-08-06,7,,7,2022-08-06,,2022-08-06,
800,956149,10,10,2022-03-17,2022-03-17,12,,12,2022-03-17,,2022-03-17,
800,957208,10,10,2022-03-09,2022-03-09,11,,11,2022-03-09,,2022-03-09,
800,957209,10,10,2022-04-26,2022-04-26,1,,1,2022-04-26,,2022-04-26,
800,957504,10,10,2022-08-30,2022-08-30,9,,9,2022-08-30,,2022-08-30,
800,957535,10,10,2022-07-02,2022-07-02,11,,11,2022-07-02,,2022-07-02,
800,958918,10,10,2022-09-18,2022-09-18,3,,3,2022-09-18,,2022-09-18,
800,959727,10,10,2022-05-06,2022-05-06,19,,19,2022-05-06,,2022-05-06,
800,964234,10,10,2022-07-02,2022-07-02,9,,9,2022-07-02,,2022-07-02,
800,964985,10,10,2022-04-26,2022-04-26,14,,14,2022-04-26,,2022-04-26,
800,964999,10,10,2022-09-19,2022-09-19,19,,19,2022-09-19,,2022-09-19,
800,965047,10,10,2022-06-15,2022-06-15,6,,6,2022-06-15,,2022-06-15,
800,965616,10,10,2022-04-22,2022-04-22,13,,13,2022-04-22,,2022-04-22,
800,965830,10,10,2022-07-31,2022-07-31,8,,8,2022-07-31,,2022-07-31,
800,966134,10,10,2022-04-18,2022-04-18,14,,14,2022-04-18,,2022-04-18,
800,966680,10,10,2022-04-07,2022-04-07,5,,5,2022-04-07,,2022-04-07,
800,968974,10,10,2022-07-02,2022-07-02,9,,9,2022-07-02,,2022-07-02,
800,969081,10,10,2022-10-17,2022-10-17,16,,16,2022-10-17,,2022-10-17,
800,969567,10,10,2022-06-04,2022-06-04,1,,1,2022-06-04,,2022-06-04,
800,969776,10,10,2022-06-19,2022-06-19,7,,7,2022-06-19,,2022-06-19,
800,970429,10,10,2022-03-17,2022-03-17,14,,14,2022-03-17,,2022-03-17,
800,970823,10,10,2022-06-27,2022-06-27,17,,17,2022-06-27,,2022-06-27,
800,972058,10,10,2022-08-22,2022-08-22,16,,16,2022-08-22,,2022-08-22,
800,972166,10,10,2022-07-14,2022-07-14,7,,7,2022-07-14,,2022-07-14,
800,973032,10,10,2022-05-03,2022-05-03,6,,6,2022-05-03,,2022-05-03,
800,974991,10,10,2022-08-23,2022-08-23,4,,4,2022-08-23,,2022-08-23,
800,976659,10,10,2022-04-14,2022-04-14,1,,1,2022-04-14,,2022-04-14,
800,977831,10,10,2022-08-17,2022-08-17,10,,10,2022-08-17,,2022-08-17,
800,978065,10,10,2022-09-04,2022-09-04,20,,20,2022-09-04,,2022-09-04,
800,978198,10,10,2022-07-29,2022-07-29,10,,10,2022-07-29,,2022-07-29,
800,978458,10,10,2022-04-04,2022-04-04,12,,12,2022-04-04,,2022-04-04,
800,979245,10,10,2022-08-10,2022-08-10,16,,16,2022-08-10,,2022-08-10,
800,980462,10,10,2022-05-28,2022-05-28,10,,10,2022-05-28,,2022-05-28,
800,980847,10,10,2022-08-26,2022-08-26,14,,14,2022-08-26,,2022-08-26,
800,982158,10,10,2022-05-04,2022-05-04,13,,13,2022-05-04,,2022-05-04,
800,983069,10,10,2022-10-12,2022-10-12,10,,10,2022-10-12,,2022-10-12,
800,984900,10,10,2022-07-30,2022-07-30,8,,8,2022-07-30,,2022-07-30,
800,985893,10,10,2022-04-26,2022-04-26,10,,10,2022-04-26,,2022-04-26,
800,987048,10,10,2022-05-20,2022-05-20,20,,20,2022-05-20,,2022-05-20,
800,988716,10,10,2022-04-09,2022-04-09,12,,12,2022-04-09,,2022-04-09,
800,989349,10,10,2022-06-27,2022-06-27,16,,16,2022-06-27,,2022-06-27,
800,990270,10,10,2022-06-25,2022-06-25,9,,9,2022-06-25,,2022-06-25,
800,990361,10,10,2022-09-19,2022-09-19,3,,3,2022-09-19,,2022-09-19,
800,990961,10,10,2022-04-07,2022-04-07,3,,3,2022-04-07,,2022-04-07,
800,993233,10,10,2022-10-09,2022-10-09,1,,1,2022-10-09,,2022-10-09,
800,993954,10,10,2022-04-21,2022-04-21,5,,5,2022-04-21,,2022-04-21,
800,994253,10,10,2022-08-02,2022-08-02,3,,3,2022-08-02,,2022-08-02,
800,995932,10,10,2022-04-15,2022-04-15,14,,14,2022-04-15,,2022-04-15,
800,996301,10,10,2022-05-26,2022-05-26,18,,18,2022-05-26,,2022-05-26,
800,997566,10,10,2022-04-18,2022-04-18,13,,13,2022-04-18,,2022-04-18,
800,998290,10,10,2022-05-20,2022-05-20,10,,10,2022-05-20,,2022-05-20,
800,998756,10,10,2022-03-22,2022-03-22,13,,13,2022-03-22,,2022-03-22,
800,999897,10,10,2022-08-10,2022-08-10,3,,3,2022-08-10,,2022-08-10,
