MANDT,EBELN,EBELP,ZEKKN,VGABE,GJAHR,BELNR,BUZEI,BEWTP,BWART,BUDAT,MENGE,BPMNG,DMBTR,WRBTR,WAERS,ELIKZ,MATNR,WERKS,EMATN,BAMNG,CPUDT,BLDAT
800,102036,10,0,1,,112050,10,,101,2022-07-11,16,,,,,0,,,,,2022-07-11,2022-07-11
800,102619,10,0,1,,112633,10,,101,2022-07-26,15,,,,,0,,,,,2022-07-26,2022-07-26
800,103486,10,0,1,,113502,10,,101,2022-06-20,14,,,,,0,,,,,2022-06-20,2022-06-20
800,103695,10,0,1,,113696,10,,101,2022-05-01,1,,,,,1,,,,,2022-05-01,2022-05-01
800,104620,10,0,1,,114638,10,,101,2022-08-22,18,,,,,1,,,,,2022-08-22,2022-08-22
800,104761,10,0,1,,114781,10,,101,2022-05-02,18,,,,,1,,,,,2022-05-02,2022-05-02
800,106367,10,0,1,,116372,10,,101,2022-08-17,5,,,,,1,,,,,2022-08-17,2022-08-17
800,106456,10,0,1,,116466,10,,101,2022-03-14,10,,,,,1,,,,,2022-03-14,2022-03-14
800,107109,10,0,1,,117115,10,,101,2022-08-08,6,,,,,1,,,,,2022-08-08,2022-08-08
800,107751,10,0,1,,117759,10,,101,2022-07-22,9,,,,,0,,,,,2022-07-22,2022-07-22
800,107769,10,0,1,,117775,10,,101,2022-02-24,7,,,,,0,,,,,2022-02-24,2022-02-24
800,107839,10,0,1,,117852,10,,101,2022-09-03,14,,,,,0,,,,,2022-09-03,2022-09-03
800,108111,10,0,1,,118128,10,,101,2022-06-07,14,,,,,1,,,,,2022-06-07,2022-06-07
800,108256,10,0,1,,118267,10,,101,2022-06-02,10,,,,,0,,,,,2022-06-02,2022-06-02
800,108488,10,0,1,,118501,10,,101,2022-05-08,13,,,,,1,,,,,2022-05-08,2022-05-08
800,110590,10,0,1,,120602,10,,101,2022-08-08,13,,,,,0,,,,,2022-08-08,2022-08-08
800,112597,10,0,1,,122607,10,,101,2022-05-02,12,,,,,0,,,,,2022-05-02,2022-05-02
800,112823,10,0,1,,122842,10,,101,2022-08-26,16,,,,,0,,,,,2022-08-26,2022-08-26
800,113096,10,0,1,,123111,10,,101,2022-04-07,16,,,,,0,,,,,2022-04-07,2022-04-07
800,113599,10,0,1,,123614,10,,101,2022-05-24,15,,,,,1,,,,,2022-05-24,2022-05-24
800,114594,10,0,1,,124606,10,,101,2022-03-17,14,,,,,0,,,,,2022-03-17,2022-03-17
800,114613,10,0,1,,124629,10,,101,2022-06-22,16,,,,,0,,,,,2022-06-22,2022-06-22
800,114905,10,0,1,,124908,10,,101,2022-08-12,3,,,,,1,,,,,2022-08-12,2022-08-12
800,117118,10,0,1,,127126,10,,101,2022-06-25,8,,,,,1,,,,,2022-06-25,2022-06-25
800,117555,10,0,1,,127565,10,,101,2022-07-13,10,,,,,1,,,,,2022-07-13,2022-07-13
800,117786,10,0,1,,127799,10,,101,2022-07-30,12,,,,,0,,,,,2022-07-30,2022-07-30
800,117832,10,0,1,,127848,10,,101,2022-06-17,18,,,,,0,,,,,2022-06-17,2022-06-17
800,120677,10,0,1,,130683,10,,101,2022-05-10,7,,,,,0,,,,,2022-05-10,2022-05-10
800,121071,10,0,1,,131078,10,,101,2022-06-01,7,,,,,1,,,,,2022-06-01,2022-06-01
800,121370,10,0,1,,131381,10,,101,2022-06-08,12,,,,,0,,,,,2022-06-08,2022-06-08
800,122700,10,0,1,,132716,10,,101,2022-05-31,13,,,,,1,,,,,2022-05-31,2022-05-31
800,122941,10,0,1,,132942,10,,101,2022-03-10,1,,,,,1,,,,,2022-03-10,2022-03-10
800,124844,10,0,1,,134846,10,,101,2022-05-17,2,,,,,1,,,,,2022-05-17,2022-05-17
800,126069,10,0,1,,136071,10,,101,2022-06-17,2,,,,,1,,,,,2022-06-17,2022-06-17
800,126078,10,0,1,,136079,10,,101,2022-03-06,1,,,,,1,,,,,2022-03-06,2022-03-06
800,126859,10,0,1,,136878,10,,101,2022-07-29,20,,,,,0,,,,,2022-07-29,2022-07-29
800,130009,10,0,1,,140010,10,,101,2022-02-25,1,,,,,1,,,,,2022-02-25,2022-02-25
800,130247,10,0,1,,140256,10,,101,2022-03-20,9,,,,,1,,,,,2022-03-20,2022-03-20
800,131338,10,0,1,,141356,10,,101,2022-07-05,18,,,,,0,,,,,2022-07-05,2022-07-05
800,131975,10,0,1,,141988,10,,101,2022-08-21,13,,,,,0,,,,,2022-08-21,2022-08-21
800,132638,10,0,1,,142645,10,,101,2022-07-31,6,,,,,1,,,,,2022-07-31,2022-07-31
800,133412,10,0,1,,143416,10,,101,2022-08-02,4,,,,,1,,,,,2022-08-02,2022-08-02
800,133796,10,0,1,,143811,10,,101,2022-10-09,18,,,,,0,,,,,2022-10-09,2022-10-09
800,134397,10,0,1,,144412,10,,101,2022-09-09,14,,,,,1,,,,,2022-09-09,2022-09-09
800,135393,10,0,1,,145399,10,,101,2022-09-29,7,,,,,0,,,,,2022-09-29,2022-09-29
800,136826,10,0,1,,146834,10,,101,2022-10-07,7,,,,,1,,,,,2022-10-07,2022-10-07
800,137413,10,0,1,,147417,10,,101,2022-05-25,4,,,,,1,,,,,2022-05-25,2022-05-25
800,139111,10,0,1,,149126,10,,101,2022-09-20,15,,,,,1,,,,,2022-09-20,2022-09-20
800,140958,10,0,1,,150976,10,,101,2022-04-24,18,,,,,1,,,,,2022-04-24,2022-04-24
800,141351,10,0,1,,151363,10,,101,2022-07-21,13,,,,,0,,,,,2022-07-21,2022-07-21
800,143095,10,0,1,,153097,10,,101,2022-06-04,2,,,,,1,,,,,2022-06-04,2022-06-04
800,143168,10,0,1,,153176,10,,101,2022-04-28,8,,,,,1,,,,,2022-04-28,2022-04-28
800,145312,10,0,1,,155321,10,,101,2022-08-02,10,,,,,0,,,,,2022-08-02,2022-08-02
800,146577,10,0,1,,156581,10,,101,2022-05-25,4,,,,,1,,,,,2022-05-25,2022-05-25
800,149389,10,0,1,,159390,10,,101,2022-06-17,1,,,,,1,,,,,2022-06-17,2022-06-17
800,153645,10,0,1,,163664,10,,101,2022-10-18,17,,,,,0,,,,,2022-10-18,2022-10-18
800,154612,10,0,1,,164616,10,,101,2022-08-30,4,,,,,1,,,,,2022-08-30,2022-08-30
800,155175,10,0,1,,165193,10,,101,2022-06-12,18,,,,,0,,,,,2022-06-12,2022-06-12
800,155665,10,0,1,,165671,10,,101,2022-07-20,6,,,,,1,,,,,2022-07-20,2022-07-20
800,156138,10,0,1,,166145,10,,101,2022-06-05,7,,,,,1,,,,,2022-06-05,2022-06-05
800,156427,10,0,1,,166431,10,,101,2022-07-19,4,,,,,1,,,,,2022-07-19,2022-07-19
800,157519,10,0,1,,167533,10,,101,2022-10-15,15,,,,,0,,,,,2022-10-15,2022-10-15
800,157959,10,0,1,,167966,10,,101,2022-07-17,7,,,,,1,,,,,2022-07-17,2022-07-17
800,158706,10,0,1,,168716,10,,101,2022-05-06,10,,,,,0,,,,,2022-05-06,2022-05-06
800,162621,10,0,1,,172623,10,,101,2022-05-13,2,,,,,1,,,,,2022-05-13,2022-05-13
800,163358,10,0,1,,173363,10,,101,2022-06-05,5,,,,,1,,,,,2022-06-05,2022-06-05
800,165428,10,0,1,,175444,10,,101,2022-04-03,16,,,,,1,,,,,2022-04-03,2022-04-03
800,165461,10,0,1,,175472,10,,101,2022-09-03,12,,,,,0,,,,,2022-09-03,2022-09-03
800,165835,10,0,1,,175849,10,,101,2022-07-08,12,,,,,1,,,,,2022-07-08,2022-07-08
800,167170,10,0,1,,177181,10,,101,2022-04-12,12,,,,,0,,,,,2022-04-12,2022-04-12
800,167188,10,0,1,,177203,10,,101,2022-07-20,15,,,,,0,,,,,2022-07-20,2022-07-20
800,167246,10,0,1,,177256,10,,101,2022-06-20,9,,,,,1,,,,,2022-06-20,2022-06-20
800,168615,10,0,1,,178631,10,,101,2022-07-14,19,,,,,0,,,,,2022-07-14,2022-07-14
800,169488,10,0,1,,179502,10,,101,2022-04-08,12,,,,,1,,,,,2022-04-08,2022-04-08
800,170233,10,0,1,,180249,10,,101,2022-05-18,18,,,,,0,,,,,2022-05-18,2022-05-18
800,174075,10,0,1,,184086,10,,101,2022-03-31,12,,,,,0,,,,,2022-03-31,2022-03-31
800,174233,10,0,1,,184248,10,,101,2022-07-13,14,,,,,1,,,,,2022-07-13,2022-07-13
800,174510,10,0,1,,184525,10,,101,2022-05-13,15,,,,,1,,,,,2022-05-13,2022-05-13
800,175243,10,0,1,,185252,10,,101,2022-06-28,9,,,,,1,,,,,2022-06-28,2022-06-28
800,176688,10,0,1,,186708,10,,101,2022-08-19,17,,,,,1,,,,,2022-08-19,2022-08-19
800,179596,10,0,1,,189612,10,,101,2022-07-06,15,,,,,0,,,,,2022-07-06,2022-07-06
800,179901,10,0,1,,189909,10,,101,2022-07-19,8,,,,,1,,,,,2022-07-19,2022-07-19
800,180686,10,0,1,,190695,10,,101,2022-02-24,9,,,,,1,,,,,2022-02-24,2022-02-24
800,181331,10,0,1,,191344,10,,101,2022-07-28,13,,,,,0,,,,,2022-07-28,2022-07-28
800,181420,10,0,1,,191438,10,,101,2022-06-11,17,,,,,0,,,,,2022-06-11,2022-06-11
800,181859,10,0,1,,191868,10,,101,2022-07-30,9,,,,,0,,,,,2022-07-30,2022-07-30
800,181979,10,0,1,,191987,10,,101,2022-03-22,8,,,,,1,,,,,2022-03-22,2022-03-22
800,182534,10,0,1,,192548,10,,101,2022-07-29,13,,,,,1,,,,,2022-07-29,2022-07-29
800,183611,10,0,1,,193621,10,,101,2022-04-25,9,,,,,1,,,,,2022-04-25,2022-04-25
800,185351,10,0,1,,195355,10,,101,2022-06-10,4,,,,,1,,,,,2022-06-10,2022-06-10
800,185979,10,0,1,,195985,10,,101,2022-05-08,6,,,,,1,,,,,2022-05-08,2022-05-08
800,186808,10,0,1,,196809,10,,101,2022-05-01,1,,,,,1,,,,,2022-05-01,2022-05-01
800,187898,10,0,1,,197912,10,,101,2022-08-05,14,,,,,1,,,,,2022-08-05,2022-08-05
800,188055,10,0,1,,198057,10,,101,2022-07-13,2,,,,,1,,,,,2022-07-13,2022-07-13
800,188343,10,0,1,,198358,10,,101,2022-04-17,14,,,,,1,,,,,2022-04-17,2022-04-17
800,188561,10,0,1,,198576,10,,101,2022-08-19,17,,,,,0,,,,,2022-08-19,2022-08-19
800,188964,10,0,1,,198979,10,,101,2022-08-20,14,,,,,1,,,,,2022-08-20,2022-08-20
800,189829,10,0,1,,199836,10,,101,2022-08-13,7,,,,,1,,,,,2022-08-13,2022-08-13
800,190234,10,0,1,,200238,10,,101,2022-03-20,4,,,,,1,,,,,2022-03-20,2022-03-20
800,190844,10,0,1,,200849,10,,101,2022-06-21,5,,,,,1,,,,,2022-06-21,2022-06-21
800,192155,10,0,1,,202156,10,,101,2022-07-24,1,,,,,1,,,,,2022-07-24,2022-07-24
800,192840,10,0,1,,202854,10,,101,2022-07-16,13,,,,,1,,,,,2022-07-16,2022-07-16
800,193222,10,0,1,,203240,10,,101,2022-07-06,20,,,,,0,,,,,2022-07-06,2022-07-06
800,193928,10,0,1,,203935,10,,101,2022-05-01,8,,,,,0,,,,,2022-05-01,2022-05-01
800,194824,10,0,1,,204838,10,,101,2022-02-27,16,,,,,0,,,,,2022-02-27,2022-02-27
800,195184,10,0,1,,205191,10,,101,2022-07-30,8,,,,,0,,,,,2022-07-30,2022-07-30
800,195786,10,0,1,,205797,10,,101,2022-04-13,12,,,,,0,,,,,2022-04-13,2022-04-13
800,197020,10,0,1,,207021,10,,101,2022-09-04,1,,,,,1,,,,,2022-09-04,2022-09-04
800,197542,10,0,1,,207544,10,,101,2022-08-29,2,,,,,1,,,,,2022-08-29,2022-08-29
800,198260,10,0,1,,208266,10,,101,2022-10-24,7,,,,,0,,,,,2022-10-24,2022-10-24
800,198622,10,0,1,,208636,10,,101,2022-08-15,15,,,,,0,,,,,2022-08-15,2022-08-15
800,198965,10,0,1,,208977,10,,101,2022-07-09,13,,,,,0,,,,,2022-07-09,2022-07-09
800,199390,10,0,1,,209399,10,,101,2022-07-20,10,,,,,0,,,,,2022-07-20,2022-07-20
800,199915,10,0,1,,209921,10,,101,2022-05-26,6,,,,,1,,,,,2022-05-26,2022-05-26
800,201824,10,0,1,,211840,10,,101,2022-05-16,16,,,,,1,,,,,2022-05-16,2022-05-16
800,202251,10,0,1,,212252,10,,101,2022-08-21,1,,,,,1,,,,,2022-08-21,2022-08-21
800,202626,10,0,1,,212632,10,,101,2022-07-30,5,,,,,1,,,,,2022-07-30,2022-07-30
800,203318,10,0,1,,213333,10,,101,2022-10-04,15,,,,,1,,,,,2022-10-04,2022-10-04
800,205449,10,0,1,,215461,10,,101,2022-09-04,11,,,,,0,,,,,2022-09-04,2022-09-04
800,205568,10,0,1,,215585,10,,101,2022-08-07,15,,,,,1,,,,,2022-08-07,2022-08-07
800,207548,10,0,1,,217564,10,,101,2022-04-09,15,,,,,1,,,,,2022-04-09,2022-04-09
800,208333,10,0,1,,218350,10,,101,2022-06-11,17,,,,,0,,,,,2022-06-11,2022-06-11
800,209937,10,0,1,,219953,10,,101,2022-05-12,16,,,,,1,,,,,2022-05-12,2022-05-12
800,212134,10,0,1,,222137,10,,101,2022-05-06,3,,,,,1,,,,,2022-05-06,2022-05-06
800,212277,10,0,1,,222295,10,,101,2022-05-25,17,,,,,0,,,,,2022-05-25,2022-05-25
800,212694,10,0,1,,222702,10,,101,2022-08-09,8,,,,,1,,,,,2022-08-09,2022-08-09
800,213374,10,0,1,,223390,10,,101,2022-05-26,18,,,,,0,,,,,2022-05-26,2022-05-26
800,213552,10,0,1,,223561,10,,101,2022-07-14,9,,,,,0,,,,,2022-07-14,2022-07-14
800,214823,10,0,1,,224827,10,,101,2022-05-24,4,,,,,1,,,,,2022-05-24,2022-05-24
800,215190,10,0,1,,225195,10,,101,2022-06-13,5,,,,,1,,,,,2022-06-13,2022-06-13
800,215813,10,0,1,,225817,10,,101,2022-04-20,4,,,,,1,,,,,2022-04-20,2022-04-20
800,215932,10,0,1,,225945,10,,101,2022-05-06,11,,,,,1,,,,,2022-05-06,2022-05-06
800,217215,10,0,1,,227232,10,,101,2022-07-15,17,,,,,1,,,,,2022-07-15,2022-07-15
800,217669,10,0,1,,227681,10,,101,2022-07-23,11,,,,,1,,,,,2022-07-23,2022-07-23
800,218700,10,0,1,,228706,10,,101,2022-06-17,5,,,,,1,,,,,2022-06-17,2022-06-17
800,219106,10,0,1,,229114,10,,101,2022-03-08,7,,,,,1,,,,,2022-03-08,2022-03-08
800,220320,10,0,1,,230335,10,,101,2022-07-23,17,,,,,0,,,,,2022-07-23,2022-07-23
800,221949,10,0,1,,231954,10,,101,2022-08-05,5,,,,,1,,,,,2022-08-05,2022-08-05
800,222379,10,0,1,,232386,10,,101,2022-04-17,7,,,,,0,,,,,2022-04-17,2022-04-17
800,224624,10,0,1,,234638,10,,101,2022-03-30,15,,,,,0,,,,,2022-03-30,2022-03-30
800,224987,10,0,1,,234998,10,,101,2022-04-16,11,,,,,0,,,,,2022-04-16,2022-04-16
800,225799,10,0,1,,235802,10,,101,2022-06-25,3,,,,,1,,,,,2022-06-25,2022-06-25
800,226190,10,0,1,,236199,10,,101,2022-11-02,8,,,,,1,,,,,2022-11-02,2022-11-02
800,226941,10,0,1,,236954,10,,101,2022-04-02,14,,,,,0,,,,,2022-04-02,2022-04-02
800,227268,10,0,1,,237283,10,,101,2022-07-29,16,,,,,0,,,,,2022-07-29,2022-07-29
800,227556,10,0,1,,237568,10,,101,2022-10-01,12,,,,,1,,,,,2022-10-01,2022-10-01
800,227731,10,0,1,,237745,10,,101,2022-06-27,13,,,,,0,,,,,2022-06-27,2022-06-27
800,228004,10,0,1,,238016,10,,101,2022-09-11,13,,,,,0,,,,,2022-09-11,2022-09-11
800,228238,10,0,1,,238247,10,,101,2022-07-10,10,,,,,0,,,,,2022-07-10,2022-07-10
800,228368,10,0,1,,238376,10,,101,2022-06-10,8,,,,,0,,,,,2022-06-10,2022-06-10
800,229065,10,0,1,,239082,10,,101,2022-07-25,17,,,,,0,,,,,2022-07-25,2022-07-25
800,230273,10,0,1,,240286,10,,101,2022-07-29,15,,,,,0,,,,,2022-07-29,2022-07-29
800,230695,10,0,1,,240712,10,,101,2022-09-03,20,,,,,0,,,,,2022-09-03,2022-09-03
800,231545,10,0,1,,241547,10,,101,2022-07-25,2,,,,,1,,,,,2022-07-25,2022-07-25
800,231625,10,0,1,,241634,10,,101,2022-07-13,10,,,,,0,,,,,2022-07-13,2022-07-13
800,232564,10,0,1,,242571,10,,101,2022-08-23,8,,,,,0,,,,,2022-08-23,2022-08-23
800,233514,10,0,1,,243531,10,,101,2022-04-29,15,,,,,0,,,,,2022-04-29,2022-04-29
800,233961,10,0,1,,243974,10,,101,2022-09-16,13,,,,,0,,,,,2022-09-16,2022-09-16
800,234956,10,0,1,,244968,10,,101,2022-04-22,12,,,,,0,,,,,2022-04-22,2022-04-22
800,235973,10,0,1,,245986,10,,101,2022-09-29,13,,,,,1,,,,,2022-09-29,2022-09-29
800,236436,10,0,1,,246451,10,,101,2022-06-30,14,,,,,1,,,,,2022-06-30,2022-06-30
800,237859,10,0,1,,247863,10,,101,2022-07-29,4,,,,,1,,,,,2022-07-29,2022-07-29
800,240381,10,0,1,,250398,10,,101,2022-04-26,17,,,,,0,,,,,2022-04-26,2022-04-26
800,240637,10,0,1,,250638,10,,101,2022-08-28,1,,,,,1,,,,,2022-08-28,2022-08-28
800,241476,10,0,1,,251479,10,,101,2022-04-29,3,,,,,1,,,,,2022-04-29,2022-04-29
800,242341,10,0,1,,252354,10,,101,2022-02-24,14,,,,,0,,,,,2022-02-24,2022-02-24
800,242959,10,0,1,,252962,10,,101,2022-05-21,3,,,,,1,,,,,2022-05-21,2022-05-21
800,243850,10,0,1,,253863,10,,101,2022-05-24,12,,,,,0,,,,,2022-05-24,2022-05-24
800,244152,10,0,1,,254154,10,,101,2022-09-02,2,,,,,1,,,,,2022-09-02,2022-09-02
800,246300,10,0,1,,256319,10,,101,2022-05-04,16,,,,,1,,,,,2022-05-04,2022-05-04
800,246818,10,0,1,,256824,10,,101,2022-05-25,6,,,,,1,,,,,2022-05-25,2022-05-25
800,247172,10,0,1,,257181,10,,101,2022-06-27,8,,,,,1,,,,,2022-06-27,2022-06-27
800,247192,10,0,1,,257196,10,,101,2022-07-26,4,,,,,1,,,,,2022-07-26,2022-07-26
800,248264,10,0,1,,258270,10,,101,2022-05-05,6,,,,,1,,,,,2022-05-05,2022-05-05
800,248410,10,0,1,,258421,10,,101,2022-05-22,10,,,,,1,,,,,2022-05-22,2022-05-22
800,249930,10,0,1,,259942,10,,101,2022-03-09,11,,,,,0,,,,,2022-03-09,2022-03-09
800,251921,10,0,1,,261939,10,,101,2022-10-23,18,,,,,1,,,,,2022-10-23,2022-10-23
800,252243,10,0,1,,262252,10,,101,2022-04-11,9,,,,,0,,,,,2022-04-11,2022-04-11
800,252914,10,0,1,,262917,10,,101,2022-06-14,3,,,,,1,,,,,2022-06-14,2022-06-14
800,252947,10,0,1,,262960,10,,101,2022-04-27,14,,,,,0,,,,,2022-04-27,2022-04-27
800,253442,10,0,1,,263457,10,,101,2022-06-22,14,,,,,0,,,,,2022-06-22,2022-06-22
800,255417,10,0,1,,265420,10,,101,2022-08-27,3,,,,,1,,,,,2022-08-27,2022-08-27
800,257521,10,0,1,,267522,10,,101,2022-07-15,1,,,,,1,,,,,2022-07-15,2022-07-15
800,257754,10,0,1,,267768,10,,101,2022-08-10,15,,,,,0,,,,,2022-08-10,2022-08-10
800,259840,10,0,1,,269858,10,,101,2022-05-29,16,,,,,1,,,,,2022-05-29,2022-05-29
800,260020,10,0,1,,270037,10,,101,2022-07-11,18,,,,,0,,,,,2022-07-11,2022-07-11
800,261276,10,0,1,,271283,10,,101,2022-07-18,8,,,,,0,,,,,2022-07-18,2022-07-18
800,262229,10,0,1,,272242,10,,101,2022-07-24,13,,,,,0,,,,,2022-07-24,2022-07-24
800,263346,10,0,1,,273355,10,,101,2022-05-19,10,,,,,0,,,,,2022-05-19,2022-05-19
800,264432,10,0,1,,274434,10,,101,2022-10-27,2,,,,,1,,,,,2022-10-27,2022-10-27
800,265598,10,0,1,,275614,10,,101,2022-07-02,15,,,,,0,,,,,2022-07-02,2022-07-02
800,268466,10,0,1,,278484,10,,101,2022-08-05,18,,,,,1,,,,,2022-08-05,2022-08-05
800,268810,10,0,1,,278827,10,,101,2022-08-15,15,,,,,1,,,,,2022-08-15,2022-08-15
800,269964,10,0,1,,279982,10,,101,2022-06-06,18,,,,,0,,,,,2022-06-06,2022-06-06
800,270186,10,0,1,,280198,10,,101,2022-05-29,12,,,,,0,,,,,2022-05-29,2022-05-29
800,272906,10,0,1,,282915,10,,101,2022-08-13,9,,,,,1,,,,,2022-08-13,2022-08-13
800,273214,10,0,1,,283219,10,,101,2022-08-21,5,,,,,1,,,,,2022-08-21,2022-08-21
800,274052,10,0,1,,284061,10,,101,2022-08-26,9,,,,,1,,,,,2022-08-26,2022-08-26
800,274195,10,0,1,,284205,10,,101,2022-06-09,10,,,,,1,,,,,2022-06-09,2022-06-09
800,275648,10,0,1,,285655,10,,101,2022-07-28,7,,,,,1,,,,,2022-07-28,2022-07-28
800,277275,10,0,1,,287292,10,,101,2022-07-17,16,,,,,0,,,,,2022-07-17,2022-07-17
800,279993,10,0,1,,290011,10,,101,2022-09-04,17,,,,,0,,,,,2022-09-04,2022-09-04
800,280748,10,0,1,,290752,10,,101,2022-07-27,4,,,,,1,,,,,2022-07-27,2022-07-27
800,281238,10,0,1,,291255,10,,101,2022-04-08,17,,,,,0,,,,,2022-04-08,2022-04-08
800,281469,10,0,1,,291481,10,,101,2022-09-20,10,,,,,1,,,,,2022-09-20,2022-09-20
800,282281,10,0,1,,292294,10,,101,2022-09-14,16,,,,,0,,,,,2022-09-14,2022-09-14
800,282343,10,0,1,,292358,10,,101,2022-08-16,15,,,,,0,,,,,2022-08-16,2022-08-16
800,283908,10,0,1,,293920,10,,101,2022-08-30,10,,,,,1,,,,,2022-08-30,2022-08-30
800,284576,10,0,1,,294592,10,,101,2022-06-06,16,,,,,1,,,,,2022-06-06,2022-06-06
800,285027,10,0,1,,295038,10,,101,2022-06-09,10,,,,,1,,,,,2022-06-09,2022-06-09
800,285243,10,0,1,,295260,10,,101,2022-03-13,18,,,,,0,,,,,2022-03-13,2022-03-13
800,285409,10,0,1,,295421,10,,101,2022-04-08,13,,,,,0,,,,,2022-04-08,2022-04-08
800,288215,10,0,1,,298229,10,,101,2022-07-29,13,,,,,1,,,,,2022-07-29,2022-07-29
800,289113,10,0,1,,299133,10,,101,2022-03-20,18,,,,,1,,,,,2022-03-20,2022-03-20
800,289765,10,0,1,,299773,10,,101,2022-06-20,8,,,,,1,,,,,2022-06-20,2022-06-20
800,289854,10,0,1,,299859,10,,101,2022-05-18,6,,,,,0,,,,,2022-05-18,2022-05-18
800,291903,10,0,1,,301915,10,,101,2022-04-21,13,,,,,0,,,,,2022-04-21,2022-04-21
800,292703,10,0,1,,302708,10,,101,2022-09-02,5,,,,,1,,,,,2022-09-02,2022-09-02
800,294423,10,0,1,,304438,10,,101,2022-04-26,16,,,,,0,,,,,2022-04-26,2022-04-26
800,294730,10,0,1,,304749,10,,101,2022-09-06,19,,,,,0,,,,,2022-09-06,2022-09-06
800,295508,10,0,1,,305524,10,,101,2022-07-05,16,,,,,0,,,,,2022-07-05,2022-07-05
800,295665,10,0,1,,305674,10,,101,2022-09-01,9,,,,,1,,,,,2022-09-01,2022-09-01
800,296174,10,0,1,,306182,10,,101,2022-05-10,7,,,,,1,,,,,2022-05-10,2022-05-10
800,296908,10,0,1,,306913,10,,101,2022-05-05,5,,,,,1,,,,,2022-05-05,2022-05-05
800,297164,10,0,1,,307173,10,,101,2022-07-21,9,,,,,1,,,,,2022-07-21,2022-07-21
800,297329,10,0,1,,307343,10,,101,2022-06-01,15,,,,,0,,,,,2022-06-01,2022-06-01
800,297496,10,0,1,,307510,10,,101,2022-05-25,15,,,,,0,,,,,2022-05-25,2022-05-25
800,298221,10,0,1,,308222,10,,101,2022-09-15,1,,,,,1,,,,,2022-09-15,2022-09-15
800,299491,10,0,1,,309493,10,,101,2022-03-31,2,,,,,1,,,,,2022-03-31,2022-03-31
800,300478,10,0,1,,310485,10,,101,2022-08-05,6,,,,,1,,,,,2022-08-05,2022-08-05
800,301781,10,0,1,,311796,10,,101,2022-07-28,15,,,,,0,,,,,2022-07-28,2022-07-28
800,301900,10,0,1,,311914,10,,101,2022-09-04,15,,,,,0,,,,,2022-09-04,2022-09-04
800,302293,10,0,1,,312307,10,,101,2022-08-01,13,,,,,1,,,,,2022-08-01,2022-08-01
800,303501,10,0,1,,313514,10,,101,2022-06-21,11,,,,,1,,,,,2022-06-21,2022-06-21
800,304240,10,0,1,,314242,10,,101,2022-07-27,2,,,,,1,,,,,2022-07-27,2022-07-27
800,304504,10,0,1,,314518,10,,101,2022-08-06,13,,,,,1,,,,,2022-08-06,2022-08-06
800,305318,10,0,1,,315325,10,,101,2022-08-15,7,,,,,1,,,,,2022-08-15,2022-08-15
800,305737,10,0,1,,315739,10,,101,2022-08-08,2,,,,,1,,,,,2022-08-08,2022-08-08
800,306377,10,0,1,,316379,10,,101,2022-05-29,2,,,,,1,,,,,2022-05-29,2022-05-29
800,306902,10,0,1,,316905,10,,101,2022-07-27,3,,,,,1,,,,,2022-07-27,2022-07-27
800,306903,10,0,1,,316916,10,,101,2022-05-20,14,,,,,0,,,,,2022-05-20,2022-05-20
800,307168,10,0,1,,317174,10,,101,2022-08-09,6,,,,,1,,,,,2022-08-09,2022-08-09
800,307524,10,0,1,,317535,10,,101,2022-04-07,12,,,,,0,,,,,2022-04-07,2022-04-07
800,307832,10,0,1,,317845,10,,101,2022-05-18,14,,,,,0,,,,,2022-05-18,2022-05-18
800,307885,10,0,1,,317898,10,,101,2022-05-12,13,,,,,0,,,,,2022-05-12,2022-05-12
800,308554,10,0,1,,318557,10,,101,2022-07-15,3,,,,,1,,,,,2022-07-15,2022-07-15
800,311536,10,0,1,,321549,10,,101,2022-04-27,12,,,,,0,,,,,2022-04-27,2022-04-27
800,311906,10,0,1,,321915,10,,101,2022-04-12,9,,,,,0,,,,,2022-04-12,2022-04-12
800,312478,10,0,1,,322490,10,,101,2022-03-08,11,,,,,1,,,,,2022-03-08,2022-03-08
800,312566,10,0,1,,322583,10,,101,2022-09-03,17,,,,,1,,,,,2022-09-03,2022-09-03
800,313443,10,0,1,,323452,10,,101,2022-03-11,10,,,,,0,,,,,2022-03-11,2022-03-11
800,315544,10,0,1,,325563,10,,101,2022-07-23,17,,,,,0,,,,,2022-07-23,2022-07-23
800,316733,10,0,1,,326743,10,,101,2022-05-08,9,,,,,0,,,,,2022-05-08,2022-05-08
800,317920,10,0,1,,327926,10,,101,2022-10-20,6,,,,,1,,,,,2022-10-20,2022-10-20
800,317938,10,0,1,,327952,10,,101,2022-08-14,15,,,,,0,,,,,2022-08-14,2022-08-14
800,318012,10,0,1,,328026,10,,101,2022-05-25,16,,,,,0,,,,,2022-05-25,2022-05-25
800,318132,10,0,1,,328137,10,,101,2022-04-27,5,,,,,1,,,,,2022-04-27,2022-04-27
800,318312,10,0,1,,328329,10,,101,2022-08-23,17,,,,,0,,,,,2022-08-23,2022-08-23
800,320435,10,0,1,,330441,10,,101,2022-07-17,7,,,,,0,,,,,2022-07-17,2022-07-17
800,320474,10,0,1,,330488,10,,101,2022-08-05,13,,,,,0,,,,,2022-08-05,2022-08-05
800,320903,10,0,1,,330911,10,,101,2022-07-27,9,,,,,0,,,,,2022-07-27,2022-07-27
800,320945,10,0,1,,330950,10,,101,2022-05-31,5,,,,,1,,,,,2022-05-31,2022-05-31
800,321295,10,0,1,,331311,10,,101,2022-08-26,14,,,,,1,,,,,2022-08-26,2022-08-26
800,321606,10,0,1,,331618,10,,101,2022-04-12,11,,,,,0,,,,,2022-04-12,2022-04-12
800,322109,10,0,1,,332125,10,,101,2022-04-19,16,,,,,1,,,,,2022-04-19,2022-04-19
800,323063,10,0,1,,333074,10,,101,2022-04-28,11,,,,,0,,,,,2022-04-28,2022-04-28
800,323168,10,0,1,,333174,10,,101,2022-05-29,6,,,,,1,,,,,2022-05-29,2022-05-29
800,324715,10,0,1,,334732,10,,101,2022-08-03,19,,,,,0,,,,,2022-08-03,2022-08-03
800,327302,10,0,1,,337314,10,,101,2022-07-07,12,,,,,1,,,,,2022-07-07,2022-07-07
800,331511,10,0,1,,341513,10,,101,2022-04-22,2,,,,,1,,,,,2022-04-22,2022-04-22
800,333562,10,0,1,,343564,10,,101,2022-06-13,2,,,,,1,,,,,2022-06-13,2022-06-13
800,334833,10,0,1,,344845,10,,101,2022-05-16,12,,,,,1,,,,,2022-05-16,2022-05-16
800,335769,10,0,1,,345784,10,,101,2022-09-23,14,,,,,0,,,,,2022-09-23,2022-09-23
800,336269,10,0,1,,346284,10,,101,2022-07-13,13,,,,,1,,,,,2022-07-13,2022-07-13
800,337525,10,0,1,,347532,10,,101,2022-09-20,7,,,,,1,,,,,2022-09-20,2022-09-20
800,337948,10,0,1,,347964,10,,101,2022-08-06,15,,,,,0,,,,,2022-08-06,2022-08-06
800,342785,10,0,1,,352790,10,,101,2022-03-25,5,,,,,1,,,,,2022-03-25,2022-03-25
800,345540,10,0,1,,355547,10,,101,2022-08-06,8,,,,,0,,,,,2022-08-06,2022-08-06
800,346990,10,0,1,,357008,10,,101,2022-06-23,17,,,,,1,,,,,2022-06-23,2022-06-23
800,347160,10,0,1,,357170,10,,101,2022-08-26,10,,,,,0,,,,,2022-08-26,2022-08-26
800,348616,10,0,1,,358617,10,,101,2022-03-24,1,,,,,1,,,,,2022-03-24,2022-03-24
800,348916,10,0,1,,358927,10,,101,2022-09-01,12,,,,,0,,,,,2022-09-01,2022-09-01
800,349016,10,0,1,,359034,10,,101,2022-09-18,18,,,,,0,,,,,2022-09-18,2022-09-18
800,349770,10,0,1,,359771,10,,101,2022-09-03,1,,,,,1,,,,,2022-09-03,2022-09-03
800,349784,10,0,1,,359792,10,,101,2022-06-30,8,,,,,1,,,,,2022-06-30,2022-06-30
800,351008,10,0,1,,361023,10,,101,2022-04-29,15,,,,,0,,,,,2022-04-29,2022-04-29
800,352329,10,0,1,,362341,10,,101,2022-05-04,12,,,,,0,,,,,2022-05-04,2022-05-04
800,352446,10,0,1,,362461,10,,101,2022-08-21,17,,,,,0,,,,,2022-08-21,2022-08-21
800,353754,10,0,1,,363768,10,,101,2022-08-18,12,,,,,1,,,,,2022-08-18,2022-08-18
800,354688,10,0,1,,364689,10,,101,2022-05-03,1,,,,,1,,,,,2022-05-03,2022-05-03
800,355523,10,0,1,,365527,10,,101,2022-06-18,4,,,,,1,,,,,2022-06-18,2022-06-18
800,357080,10,0,1,,367094,10,,101,2022-10-02,14,,,,,1,,,,,2022-10-02,2022-10-02
800,362290,10,0,1,,372291,10,,101,2022-03-22,1,,,,,1,,,,,2022-03-22,2022-03-22
800,362722,10,0,1,,372737,10,,101,2022-06-24,16,,,,,0,,,,,2022-06-24,2022-06-24
800,363584,10,0,1,,373588,10,,101,2022-05-14,4,,,,,1,,,,,2022-05-14,2022-05-14
800,364417,10,0,1,,374435,10,,101,2022-04-19,19,,,,,0,,,,,2022-04-19,2022-04-19
800,366909,10,0,1,,376927,10,,101,2022-05-27,18,,,,,0,,,,,2022-05-27,2022-05-27
800,367768,10,0,1,,377784,10,,101,2022-06-11,16,,,,,1,,,,,2022-06-11,2022-06-11
800,368032,10,0,1,,378047,10,,101,2022-08-20,14,,,,,0,,,,,2022-08-20,2022-08-20
800,369815,10,0,1,,379818,10,,101,2022-05-20,3,,,,,1,,,,,2022-05-20,2022-05-20
800,373398,10,0,1,,383418,10,,101,2022-07-27,19,,,,,1,,,,,2022-07-27,2022-07-27
800,373489,10,0,1,,383503,10,,101,2022-05-18,12,,,,,1,,,,,2022-05-18,2022-05-18
800,375257,10,0,1,,385260,10,,101,2022-04-09,3,,,,,1,,,,,2022-04-09,2022-04-09
800,376206,10,0,1,,386223,10,,101,2022-07-25,20,,,,,0,,,,,2022-07-25,2022-07-25
800,378036,10,0,1,,388050,10,,101,2022-05-13,14,,,,,0,,,,,2022-05-13,2022-05-13
800,378190,10,0,1,,388202,10,,101,2022-07-05,13,,,,,0,,,,,2022-07-05,2022-07-05
800,379505,10,0,1,,389514,10,,101,2022-05-26,9,,,,,1,,,,,2022-05-26,2022-05-26
800,379762,10,0,1,,389769,10,,101,2022-06-27,7,,,,,0,,,,,2022-06-27,2022-06-27
800,381190,10,0,1,,391206,10,,101,2022-08-23,17,,,,,0,,,,,2022-08-23,2022-08-23
800,382353,10,0,1,,392360,10,,101,2022-03-26,7,,,,,1,,,,,2022-03-26,2022-03-26
800,383512,10,0,1,,393514,10,,101,2022-07-04,2,,,,,1,,,,,2022-07-04,2022-07-04
800,384338,10,0,1,,394345,10,,101,2022-05-15,7,,,,,1,,,,,2022-05-15,2022-05-15
800,387135,10,0,1,,397142,10,,101,2022-04-06,7,,,,,1,,,,,2022-04-06,2022-04-06
800,387187,10,0,1,,397192,10,,101,2022-04-02,5,,,,,1,,,,,2022-04-02,2022-04-02
800,389110,10,0,1,,399118,10,,101,2022-07-17,9,,,,,0,,,,,2022-07-17,2022-07-17
800,391186,10,0,1,,401198,10,,101,2022-06-29,12,,,,,1,,,,,2022-06-29,2022-06-29
800,392099,10,0,1,,402107,10,,101,2022-07-11,8,,,,,1,,,,,2022-07-11,2022-07-11
800,393079,10,0,1,,403080,10,,101,2022-08-16,1,,,,,1,,,,,2022-08-16,2022-08-16
800,393631,10,0,1,,403641,10,,101,2022-08-07,10,,,,,1,,,,,2022-08-07,2022-08-07
800,394796,10,0,1,,404808,10,,101,2022-06-06,10,,,,,1,,,,,2022-06-06,2022-06-06
800,397075,10,0,1,,407083,10,,101,2022-07-30,8,,,,,0,,,,,2022-07-30,2022-07-30
800,397644,10,0,1,,407647,10,,101,2022-05-23,3,,,,,1,,,,,2022-05-23,2022-05-23
800,398328,10,0,1,,408344,10,,101,2022-06-01,16,,,,,1,,,,,2022-06-01,2022-06-01
800,400047,10,0,1,,410053,10,,101,2022-06-20,7,,,,,0,,,,,2022-06-20,2022-06-20
800,401420,10,0,1,,411431,10,,101,2022-08-16,9,,,,,1,,,,,2022-08-16,2022-08-16
800,403373,10,0,1,,413376,10,,101,2022-06-11,3,,,,,1,,,,,2022-06-11,2022-06-11
800,403871,10,0,1,,413884,10,,101,2022-04-21,13,,,,,0,,,,,2022-04-21,2022-04-21
800,404893,10,0,1,,414906,10,,101,2022-09-22,14,,,,,0,,,,,2022-09-22,2022-09-22
800,407910,10,0,1,,417922,10,,101,2022-07-07,12,,,,,0,,,,,2022-07-07,2022-07-07
800,408106,10,0,1,,418111,10,,101,2022-04-26,6,,,,,0,,,,,2022-04-26,2022-04-26
800,408224,10,0,1,,418241,10,,101,2022-08-17,16,,,,,1,,,,,2022-08-17,2022-08-17
800,408462,10,0,1,,418475,10,,101,2022-06-17,12,,,,,1,,,,,2022-06-17,2022-06-17
800,408609,10,0,1,,418612,10,,101,2022-09-06,3,,,,,1,,,,,2022-09-06,2022-09-06
800,409021,10,0,1,,419024,10,,101,2022-08-28,3,,,,,1,,,,,2022-08-28,2022-08-28
800,410619,10,0,1,,420634,10,,101,2022-06-22,15,,,,,1,,,,,2022-06-22,2022-06-22
800,413428,10,0,1,,423437,10,,101,2022-09-04,8,,,,,1,,,,,2022-09-04,2022-09-04
800,413633,10,0,1,,423644,10,,101,2022-07-01,11,,,,,1,,,,,2022-07-01,2022-07-01
800,414366,10,0,1,,424379,10,,101,2022-07-06,14,,,,,0,,,,,2022-07-06,2022-07-06
800,414431,10,0,1,,424442,10,,101,2022-04-30,10,,,,,1,,,,,2022-04-30,2022-04-30
800,416192,10,0,1,,426203,10,,101,2022-06-03,11,,,,,1,,,,,2022-06-03,2022-06-03
800,417086,10,0,1,,427090,10,,101,2022-05-25,4,,,,,1,,,,,2022-05-25,2022-05-25
800,417671,10,0,1,,427679,10,,101,2022-03-30,8,,,,,0,,,,,2022-03-30,2022-03-30
800,417905,10,0,1,,427919,10,,101,2022-08-03,13,,,,,1,,,,,2022-08-03,2022-08-03
800,419369,10,0,1,,429376,10,,101,2022-06-15,7,,,,,0,,,,,2022-06-15,2022-06-15
800,420141,10,0,1,,430159,10,,101,2022-08-24,19,,,,,0,,,,,2022-08-24,2022-08-24
800,420484,10,0,1,,430489,10,,101,2022-06-26,5,,,,,1,,,,,2022-06-26,2022-06-26
800,420537,10,0,1,,430543,10,,101,2022-08-29,5,,,,,1,,,,,2022-08-29,2022-08-29
800,420721,10,0,1,,430739,10,,101,2022-08-17,17,,,,,1,,,,,2022-08-17,2022-08-17
800,422702,10,0,1,,432706,10,,101,2022-08-30,4,,,,,1,,,,,2022-08-30,2022-08-30
800,423102,10,0,1,,433120,10,,101,2022-07-09,17,,,,,1,,,,,2022-07-09,2022-07-09
800,423114,10,0,1,,433126,10,,101,2022-04-20,14,,,,,0,,,,,2022-04-20,2022-04-20
800,424161,10,0,1,,434180,10,,101,2022-04-22,17,,,,,1,,,,,2022-04-22,2022-04-22
800,425728,10,0,1,,435742,10,,101,2022-07-31,16,,,,,0,,,,,2022-07-31,2022-07-31
800,426180,10,0,1,,436191,10,,101,2022-07-26,11,,,,,0,,,,,2022-07-26,2022-07-26
800,428521,10,0,1,,438522,10,,101,2022-06-07,1,,,,,1,,,,,2022-06-07,2022-06-07
800,429680,10,0,1,,439693,10,,101,2022-03-28,11,,,,,1,,,,,2022-03-28,2022-03-28
800,430062,10,0,1,,440072,10,,101,2022-06-19,11,,,,,0,,,,,2022-06-19,2022-06-19
800,430694,10,0,1,,440706,10,,101,2022-10-04,11,,,,,1,,,,,2022-10-04,2022-10-04
800,431367,10,0,1,,441383,10,,101,2022-07-23,16,,,,,0,,,,,2022-07-23,2022-07-23
800,431394,10,0,1,,441412,10,,101,2022-06-13,19,,,,,0,,,,,2022-06-13,2022-06-13
800,432970,10,0,1,,442982,10,,101,2022-07-09,11,,,,,0,,,,,2022-07-09,2022-07-09
800,433371,10,0,1,,443376,10,,101,2022-07-28,6,,,,,0,,,,,2022-07-28,2022-07-28
800,433814,10,0,1,,443834,10,,101,2022-04-06,16,,,,,1,,,,,2022-04-06,2022-04-06
800,434281,10,0,1,,444299,10,,101,2022-03-10,19,,,,,0,,,,,2022-03-10,2022-03-10
800,435724,10,0,1,,445738,10,,101,2022-07-24,14,,,,,1,,,,,2022-07-24,2022-07-24
800,436236,10,0,1,,446247,10,,101,2022-05-19,12,,,,,0,,,,,2022-05-19,2022-05-19
800,436595,10,0,1,,446614,10,,101,2022-07-08,17,,,,,1,,,,,2022-07-08,2022-07-08
800,436995,10,0,1,,447010,10,,101,2022-07-29,16,,,,,0,,,,,2022-07-29,2022-07-29
800,437115,10,0,1,,447131,10,,101,2022-09-06,16,,,,,0,,,,,2022-09-06,2022-09-06
800,437257,10,0,1,,447265,10,,101,2022-04-27,8,,,,,1,,,,,2022-04-27,2022-04-27
800,438149,10,0,1,,448154,10,,101,2022-07-20,5,,,,,1,,,,,2022-07-20,2022-07-20
800,438727,10,0,1,,448729,10,,101,2022-07-28,2,,,,,1,,,,,2022-07-28,2022-07-28
800,438996,10,0,1,,449000,10,,101,2022-03-17,4,,,,,1,,,,,2022-03-17,2022-03-17
800,440770,10,0,1,,450781,10,,101,2022-10-28,11,,,,,1,,,,,2022-10-28,2022-10-28
800,441425,10,0,1,,451427,10,,101,2022-06-08,2,,,,,1,,,,,2022-06-08,2022-06-08
800,441693,10,0,1,,451694,10,,101,2022-07-15,1,,,,,1,,,,,2022-07-15,2022-07-15
800,442413,10,0,1,,452414,10,,101,2022-06-14,1,,,,,1,,,,,2022-06-14,2022-06-14
800,443920,10,0,1,,453926,10,,101,2022-05-17,6,,,,,1,,,,,2022-05-17,2022-05-17
800,445390,10,0,1,,455405,10,,101,2022-03-27,15,,,,,1,,,,,2022-03-27,2022-03-27
800,445626,10,0,1,,455644,10,,101,2022-09-18,17,,,,,1,,,,,2022-09-18,2022-09-18
800,446104,10,0,1,,456105,10,,101,2022-08-07,1,,,,,1,,,,,2022-08-07,2022-08-07
800,447063,10,0,1,,457070,10,,101,2022-08-08,7,,,,,0,,,,,2022-08-08,2022-08-08
800,447095,10,0,1,,457107,10,,101,2022-05-27,14,,,,,0,,,,,2022-05-27,2022-05-27
800,447702,10,0,1,,457719,10,,101,2022-07-11,18,,,,,0,,,,,2022-07-11,2022-07-11
800,448424,10,0,1,,458433,10,,101,2022-04-25,11,,,,,0,,,,,2022-04-25,2022-04-25
800,448927,10,0,1,,458943,10,,101,2022-10-19,16,,,,,0,,,,,2022-10-19,2022-10-19
800,450756,10,0,1,,460764,10,,101,2022-06-29,9,,,,,0,,,,,2022-06-29,2022-06-29
800,451112,10,0,1,,461128,10,,101,2022-04-14,16,,,,,1,,,,,2022-04-14,2022-04-14
800,452486,10,0,1,,462491,10,,101,2022-08-29,5,,,,,1,,,,,2022-08-29,2022-08-29
800,454405,10,0,1,,464419,10,,101,2022-05-05,14,,,,,0,,,,,2022-05-05,2022-05-05
800,454887,10,0,1,,464895,10,,101,2022-05-16,9,,,,,0,,,,,2022-05-16,2022-05-16
800,456738,10,0,1,,466742,10,,101,2022-07-07,5,,,,,0,,,,,2022-07-07,2022-07-07
800,457500,10,0,1,,467518,10,,101,2022-09-27,18,,,,,0,,,,,2022-09-27,2022-09-27
800,457552,10,0,1,,467570,10,,101,2022-10-26,20,,,,,0,,,,,2022-10-26,2022-10-26
800,458232,10,0,1,,468243,10,,101,2022-10-18,10,,,,,1,,,,,2022-10-18,2022-10-18
800,458706,10,0,1,,468707,10,,101,2022-05-16,1,,,,,1,,,,,2022-05-16,2022-05-16
800,459829,10,0,1,,469843,10,,101,2022-04-16,17,,,,,0,,,,,2022-04-16,2022-04-16
800,461393,10,0,1,,471396,10,,101,2022-09-20,3,,,,,1,,,,,2022-09-20,2022-09-20
800,462771,10,0,1,,472773,10,,101,2022-03-26,2,,,,,1,,,,,2022-03-26,2022-03-26
800,463910,10,0,1,,473918,10,,101,2022-07-28,8,,,,,1,,,,,2022-07-28,2022-07-28
800,467362,10,0,1,,477373,10,,101,2022-10-17,11,,,,,0,,,,,2022-10-17,2022-10-17
800,467996,10,0,1,,478009,10,,101,2022-05-05,14,,,,,0,,,,,2022-05-05,2022-05-05
800,468057,10,0,1,,478064,10,,101,2022-07-27,8,,,,,0,,,,,2022-07-27,2022-07-27
800,468308,10,0,1,,478325,10,,101,2022-09-18,17,,,,,0,,,,,2022-09-18,2022-09-18
800,468607,10,0,1,,478617,10,,101,2022-08-19,10,,,,,1,,,,,2022-08-19,2022-08-19
800,469374,10,0,1,,479376,10,,101,2022-06-11,2,,,,,1,,,,,2022-06-11,2022-06-11
800,472508,10,0,1,,482511,10,,101,2022-07-13,3,,,,,1,,,,,2022-07-13,2022-07-13
800,473847,10,0,1,,483852,10,,101,2022-06-16,5,,,,,1,,,,,2022-06-16,2022-06-16
800,475796,10,0,1,,485810,10,,101,2022-06-05,12,,,,,1,,,,,2022-06-05,2022-06-05
800,476382,10,0,1,,486397,10,,101,2022-09-19,16,,,,,0,,,,,2022-09-19,2022-09-19
800,476986,10,0,1,,486988,10,,101,2022-06-24,2,,,,,1,,,,,2022-06-24,2022-06-24
800,477851,10,0,1,,487858,10,,101,2022-08-14,7,,,,,1,,,,,2022-08-14,2022-08-14
800,478568,10,0,1,,488572,10,,101,2022-07-04,4,,,,,1,,,,,2022-07-04,2022-07-04
800,479939,10,0,1,,489941,10,,101,2022-06-02,2,,,,,1,,,,,2022-06-02,2022-06-02
800,480700,10,0,1,,490705,10,,101,2022-09-08,6,,,,,0,,,,,2022-09-08,2022-09-08
800,483343,10,0,1,,493352,10,,101,2022-05-06,10,,,,,0,,,,,2022-05-06,2022-05-06
800,484154,10,0,1,,494169,10,,101,2022-08-02,14,,,,,1,,,,,2022-08-02,2022-08-02
800,484380,10,0,1,,494385,10,,101,2022-09-01,5,,,,,1,,,,,2022-09-01,2022-09-01
800,484617,10,0,1,,494633,10,,101,2022-06-25,16,,,,,0,,,,,2022-06-25,2022-06-25
800,485857,10,0,1,,495874,10,,101,2022-07-21,18,,,,,0,,,,,2022-07-21,2022-07-21
800,488063,10,0,1,,498077,10,,101,2022-08-31,13,,,,,0,,,,,2022-08-31,2022-08-31
800,488675,10,0,1,,498694,10,,101,2022-05-31,19,,,,,0,,,,,2022-05-31,2022-05-31
800,488778,10,0,1,,498786,10,,101,2022-07-09,8,,,,,0,,,,,2022-07-09,2022-07-09
800,489009,10,0,1,,499022,10,,101,2022-08-19,13,,,,,0,,,,,2022-08-19,2022-08-19
800,490571,10,0,1,,500588,10,,101,2022-06-21,20,,,,,0,,,,,2022-06-21,2022-06-21
800,490784,10,0,1,,500786,10,,101,2022-06-11,2,,,,,1,,,,,2022-06-11,2022-06-11
800,491774,10,0,1,,501778,10,,101,2022-08-16,4,,,,,1,,,,,2022-08-16,2022-08-16
800,493902,10,0,1,,503905,10,,101,2022-08-29,3,,,,,1,,,,,2022-08-29,2022-08-29
800,494221,10,0,1,,504238,10,,101,2022-09-21,16,,,,,0,,,,,2022-09-21,2022-09-21
800,494284,10,0,1,,504288,10,,101,2022-09-01,4,,,,,1,,,,,2022-09-01,2022-09-01
800,495159,10,0,1,,505168,10,,101,2022-08-06,9,,,,,1,,,,,2022-08-06,2022-08-06
800,495504,10,0,1,,505516,10,,101,2022-06-19,12,,,,,1,,,,,2022-06-19,2022-06-19
800,498642,10,0,1,,508661,10,,101,2022-08-07,20,,,,,0,,,,,2022-08-07,2022-08-07
800,498734,10,0,1,,508744,10,,101,2022-08-13,10,,,,,0,,,,,2022-08-13,2022-08-13
800,498816,10,0,1,,508825,10,,101,2022-04-18,8,,,,,1,,,,,2022-04-18,2022-04-18
800,499023,10,0,1,,509030,10,,101,2022-07-12,7,,,,,1,,,,,2022-07-12,2022-07-12
800,499039,10,0,1,,509057,10,,101,2022-07-20,18,,,,,0,,,,,2022-07-20,2022-07-20
800,499536,10,0,1,,509553,10,,101,2022-05-02,15,,,,,1,,,,,2022-05-02,2022-05-02
800,500033,10,0,1,,510040,10,,101,2022-06-22,6,,,,,1,,,,,2022-06-22,2022-06-22
800,500079,10,0,1,,510082,10,,101,2022-09-12,3,,,,,1,,,,,2022-09-12,2022-09-12
800,500280,10,0,1,,510300,10,,101,2022-04-30,20,,,,,1,,,,,2022-04-30,2022-04-30
800,500433,10,0,1,,510452,10,,101,2022-05-10,17,,,,,1,,,,,2022-05-10,2022-05-10
800,501200,10,0,1,,511219,10,,101,2022-07-26,20,,,,,0,,,,,2022-07-26,2022-07-26
800,501297,10,0,1,,511306,10,,101,2022-08-10,10,,,,,0,,,,,2022-08-10,2022-08-10
800,502210,10,0,1,,512214,10,,101,2022-07-03,4,,,,,1,,,,,2022-07-03,2022-07-03
800,502835,10,0,1,,512840,10,,101,2022-04-14,5,,,,,1,,,,,2022-04-14,2022-04-14
800,505711,10,0,1,,515727,10,,101,2022-06-10,17,,,,,0,,,,,2022-06-10,2022-06-10
800,507640,10,0,1,,517655,10,,101,2022-07-22,15,,,,,1,,,,,2022-07-22,2022-07-22
800,509468,10,0,1,,519479,10,,101,2022-06-04,11,,,,,1,,,,,2022-06-04,2022-06-04
800,509959,10,0,1,,519972,10,,101,2022-08-01,14,,,,,0,,,,,2022-08-01,2022-08-01
800,510416,10,0,1,,520424,10,,101,2022-05-24,9,,,,,0,,,,,2022-05-24,2022-05-24
800,512192,10,0,1,,522210,10,,101,2022-04-26,15,,,,,1,,,,,2022-04-26,2022-04-26
800,512334,10,0,1,,522350,10,,101,2022-07-16,17,,,,,0,,,,,2022-07-16,2022-07-16
800,513311,10,0,1,,523322,10,,101,2022-08-28,10,,,,,0,,,,,2022-08-28,2022-08-28
800,514218,10,0,1,,524237,10,,101,2022-07-05,17,,,,,0,,,,,2022-07-05,2022-07-05
800,515238,10,0,1,,525248,10,,101,2022-03-04,10,,,,,1,,,,,2022-03-04,2022-03-04
800,516394,10,0,1,,526412,10,,101,2022-05-09,16,,,,,1,,,,,2022-05-09,2022-05-09
800,519842,10,0,1,,529848,10,,101,2022-06-19,6,,,,,1,,,,,2022-06-19,2022-06-19
800,522381,10,0,1,,532397,10,,101,2022-03-22,14,,,,,1,,,,,2022-03-22,2022-03-22
800,523234,10,0,1,,533238,10,,101,2022-06-04,4,,,,,1,,,,,2022-06-04,2022-06-04
800,523771,10,0,1,,533772,10,,101,2022-03-30,1,,,,,1,,,,,2022-03-30,2022-03-30
800,523798,10,0,1,,533805,10,,101,2022-08-18,7,,,,,0,,,,,2022-08-18,2022-08-18
800,525598,10,0,1,,535611,10,,101,2022-06-20,12,,,,,1,,,,,2022-06-20,2022-06-20
800,527015,10,0,1,,537029,10,,101,2022-09-17,15,,,,,0,,,,,2022-09-17,2022-09-17
800,527181,10,0,1,,537193,10,,101,2022-06-07,10,,,,,1,,,,,2022-06-07,2022-06-07
800,527879,10,0,1,,537882,10,,101,2022-08-10,3,,,,,1,,,,,2022-08-10,2022-08-10
800,529000,10,0,1,,539006,10,,101,2022-06-22,6,,,,,1,,,,,2022-06-22,2022-06-22
800,530713,10,0,1,,540727,10,,101,2022-09-06,15,,,,,0,,,,,2022-09-06,2022-09-06
800,530945,10,0,1,,540954,10,,101,2022-06-29,10,,,,,0,,,,,2022-06-29,2022-06-29
800,531165,10,0,1,,541180,10,,101,2022-06-26,16,,,,,0,,,,,2022-06-26,2022-06-26
800,531203,10,0,1,,541215,10,,101,2022-09-01,13,,,,,0,,,,,2022-09-01,2022-09-01
800,532622,10,0,1,,542627,10,,101,2022-09-22,5,,,,,1,,,,,2022-09-22,2022-09-22
800,536613,10,0,1,,546617,10,,101,2022-02-21,4,,,,,1,,,,,2022-02-21,2022-02-21
800,538984,10,0,1,,548990,10,,101,2022-06-04,6,,,,,1,,,,,2022-06-04,2022-06-04
800,539253,10,0,1,,549264,10,,101,2022-04-20,11,,,,,0,,,,,2022-04-20,2022-04-20
800,540382,10,0,1,,550397,10,,101,2022-07-17,16,,,,,0,,,,,2022-07-17,2022-07-17
800,540467,10,0,1,,550484,10,,101,2022-07-04,17,,,,,0,,,,,2022-07-04,2022-07-04
800,542438,10,0,1,,552444,10,,101,2022-06-20,6,,,,,0,,,,,2022-06-20,2022-06-20
800,542820,10,0,1,,552826,10,,101,2022-08-26,5,,,,,1,,,,,2022-08-26,2022-08-26
800,542953,10,0,1,,552961,10,,101,2022-10-07,9,,,,,0,,,,,2022-10-07,2022-10-07
800,545169,10,0,1,,555176,10,,101,2022-04-30,6,,,,,1,,,,,2022-04-30,2022-04-30
800,545535,10,0,1,,555539,10,,101,2022-08-09,4,,,,,1,,,,,2022-08-09,2022-08-09
800,545634,10,0,1,,555637,10,,101,2022-04-04,3,,,,,1,,,,,2022-04-04,2022-04-04
800,548249,10,0,1,,558259,10,,101,2022-03-23,10,,,,,1,,,,,2022-03-23,2022-03-23
800,549230,10,0,1,,559239,10,,101,2022-05-25,9,,,,,1,,,,,2022-05-25,2022-05-25
800,549962,10,0,1,,559966,10,,101,2022-05-24,4,,,,,1,,,,,2022-05-24,2022-05-24
800,550425,10,0,1,,560442,10,,101,2022-05-26,18,,,,,0,,,,,2022-05-26,2022-05-26
800,552498,10,0,1,,562500,10,,101,2022-05-23,2,,,,,1,,,,,2022-05-23,2022-05-23
800,552815,10,0,1,,562827,10,,101,2022-05-11,13,,,,,0,,,,,2022-05-11,2022-05-11
800,554582,10,0,1,,564594,10,,101,2022-06-16,15,,,,,0,,,,,2022-06-16,2022-06-16
800,555505,10,0,1,,565511,10,,101,2022-04-03,7,,,,,0,,,,,2022-04-03,2022-04-03
800,555677,10,0,1,,565686,10,,101,2022-07-18,10,,,,,0,,,,,2022-07-18,2022-07-18
800,555834,10,0,1,,565842,10,,101,2022-08-17,8,,,,,0,,,,,2022-08-17,2022-08-17
800,557669,10,0,1,,567673,10,,101,2022-07-30,4,,,,,1,,,,,2022-07-30,2022-07-30
800,560366,10,0,1,,570367,10,,101,2022-09-25,1,,,,,1,,,,,2022-09-25,2022-09-25
800,560528,10,0,1,,570539,10,,101,2022-05-16,12,,,,,0,,,,,2022-05-16,2022-05-16
800,563269,10,0,1,,573279,10,,101,2022-05-02,9,,,,,1,,,,,2022-05-02,2022-05-02
800,563560,10,0,1,,573570,10,,101,2022-06-03,10,,,,,0,,,,,2022-06-03,2022-06-03
800,564384,10,0,1,,574397,10,,101,2022-04-01,13,,,,,1,,,,,2022-04-01,2022-04-01
800,565257,10,0,1,,575261,10,,101,2022-10-18,4,,,,,1,,,,,2022-10-18,2022-10-18
800,565647,10,0,1,,575662,10,,101,2022-07-04,16,,,,,0,,,,,2022-07-04,2022-07-04
800,566878,10,0,1,,576895,10,,101,2022-10-27,17,,,,,1,,,,,2022-10-27,2022-10-27
800,567462,10,0,1,,577478,10,,101,2022-09-22,13,,,,,1,,,,,2022-09-22,2022-09-22
800,567759,10,0,1,,577762,10,,101,2022-07-09,3,,,,,1,,,,,2022-07-09,2022-07-09
800,567825,10,0,1,,577839,10,,101,2022-09-16,14,,,,,0,,,,,2022-09-16,2022-09-16
800,572565,10,0,1,,582580,10,,101,2022-09-27,14,,,,,1,,,,,2022-09-27,2022-09-27
800,573138,10,0,1,,583143,10,,101,2022-05-21,5,,,,,1,,,,,2022-05-21,2022-05-21
800,575227,10,0,1,,585239,10,,101,2022-05-07,14,,,,,0,,,,,2022-05-07,2022-05-07
800,575573,10,0,1,,585588,10,,101,2022-05-17,13,,,,,1,,,,,2022-05-17,2022-05-17
800,576058,10,0,1,,586069,10,,101,2022-06-24,13,,,,,0,,,,,2022-06-24,2022-06-24
800,576363,10,0,1,,586375,10,,101,2022-09-12,12,,,,,0,,,,,2022-09-12,2022-09-12
800,578054,10,0,1,,588071,10,,101,2022-08-02,17,,,,,0,,,,,2022-08-02,2022-08-02
800,581482,10,0,1,,591490,10,,101,2022-07-12,8,,,,,1,,,,,2022-07-12,2022-07-12
800,581820,10,0,1,,591827,10,,101,2022-03-25,6,,,,,1,,,,,2022-03-25,2022-03-25
800,583527,10,0,1,,593544,10,,101,2022-08-25,17,,,,,0,,,,,2022-08-25,2022-08-25
800,583839,10,0,1,,593849,10,,101,2022-10-05,12,,,,,0,,,,,2022-10-05,2022-10-05
800,584019,10,0,1,,594022,10,,101,2022-08-31,3,,,,,1,,,,,2022-08-31,2022-08-31
800,584406,10,0,1,,594422,10,,101,2022-07-26,18,,,,,0,,,,,2022-07-26,2022-07-26
800,584543,10,0,1,,594547,10,,101,2022-09-21,4,,,,,1,,,,,2022-09-21,2022-09-21
800,586632,10,0,1,,596639,10,,101,2022-04-01,6,,,,,1,,,,,2022-04-01,2022-04-01
800,587726,10,0,1,,597728,10,,101,2022-05-18,2,,,,,1,,,,,2022-05-18,2022-05-18
800,588596,10,0,1,,598602,10,,101,2022-08-26,6,,,,,1,,,,,2022-08-26,2022-08-26
800,589246,10,0,1,,599265,10,,101,2022-04-19,16,,,,,1,,,,,2022-04-19,2022-04-19
800,590545,10,0,1,,600559,10,,101,2022-07-30,15,,,,,0,,,,,2022-07-30,2022-07-30
800,590659,10,0,1,,600673,10,,101,2022-08-27,16,,,,,0,,,,,2022-08-27,2022-08-27
800,590995,10,0,1,,601011,10,,101,2022-10-14,15,,,,,1,,,,,2022-10-14,2022-10-14
800,591638,10,0,1,,601650,10,,101,2022-09-13,12,,,,,0,,,,,2022-09-13,2022-09-13
800,592050,10,0,1,,602066,10,,101,2022-06-03,15,,,,,0,,,,,2022-06-03,2022-06-03
800,593170,10,0,1,,603185,10,,101,2022-07-18,16,,,,,0,,,,,2022-07-18,2022-07-18
800,595373,10,0,1,,605384,10,,101,2022-06-25,11,,,,,0,,,,,2022-06-25,2022-06-25
800,596749,10,0,1,,606764,10,,101,2022-05-19,16,,,,,0,,,,,2022-05-19,2022-05-19
800,597598,10,0,1,,607603,10,,101,2022-09-21,5,,,,,1,,,,,2022-09-21,2022-09-21
800,598554,10,0,1,,608568,10,,101,2022-05-28,15,,,,,0,,,,,2022-05-28,2022-05-28
800,599341,10,0,1,,609351,10,,101,2022-10-28,10,,,,,1,,,,,2022-10-28,2022-10-28
800,600036,10,0,1,,610042,10,,101,2022-09-05,6,,,,,1,,,,,2022-09-05,2022-09-05
800,601423,10,0,1,,611442,10,,101,2022-06-22,16,,,,,1,,,,,2022-06-22,2022-06-22
800,602780,10,0,1,,612785,10,,101,2022-10-12,5,,,,,1,,,,,2022-10-12,2022-10-12
800,604094,10,0,1,,614109,10,,101,2022-07-19,17,,,,,0,,,,,2022-07-19,2022-07-19
800,604131,10,0,1,,614146,10,,101,2022-07-04,13,,,,,0,,,,,2022-07-04,2022-07-04
800,604597,10,0,1,,614616,10,,101,2022-07-14,20,,,,,0,,,,,2022-07-14,2022-07-14
800,604880,10,0,1,,614896,10,,101,2022-05-25,17,,,,,0,,,,,2022-05-25,2022-05-25
800,605598,10,0,1,,615615,10,,101,2022-03-05,15,,,,,1,,,,,2022-03-05,2022-03-05
800,605907,10,0,1,,615913,10,,101,2022-03-24,6,,,,,1,,,,,2022-03-24,2022-03-24
800,606940,10,0,1,,616947,10,,101,2022-06-09,7,,,,,1,,,,,2022-06-09,2022-06-09
800,607449,10,0,1,,617459,10,,101,2022-03-18,8,,,,,1,,,,,2022-03-18,2022-03-18
800,607874,10,0,1,,617877,10,,101,2022-06-11,3,,,,,1,,,,,2022-06-11,2022-06-11
800,608247,10,0,1,,618251,10,,101,2022-06-24,4,,,,,1,,,,,2022-06-24,2022-06-24
800,609215,10,0,1,,619224,10,,101,2022-07-07,8,,,,,1,,,,,2022-07-07,2022-07-07
800,609774,10,0,1,,619776,10,,101,2022-10-26,2,,,,,1,,,,,2022-10-26,2022-10-26
800,610661,10,0,1,,620668,10,,101,2022-07-18,8,,,,,0,,,,,2022-07-18,2022-07-18
800,611322,10,0,1,,621342,10,,101,2022-09-01,19,,,,,1,,,,,2022-09-01,2022-09-01
800,611515,10,0,1,,621530,10,,101,2022-06-16,15,,,,,1,,,,,2022-06-16,2022-06-16
800,611518,10,0,1,,621524,10,,101,2022-04-13,6,,,,,1,,,,,2022-04-13,2022-04-13
800,613307,10,0,1,,623317,10,,101,2022-08-25,9,,,,,1,,,,,2022-08-25,2022-08-25
800,613984,10,0,1,,623993,10,,101,2022-03-27,9,,,,,0,,,,,2022-03-27,2022-03-27
800,614867,10,0,1,,624879,10,,101,2022-04-11,13,,,,,0,,,,,2022-04-11,2022-04-11
800,614985,10,0,1,,624988,10,,101,2022-03-21,3,,,,,1,,,,,2022-03-21,2022-03-21
800,617153,10,0,1,,627167,10,,101,2022-06-11,14,,,,,1,,,,,2022-06-11,2022-06-11
800,618350,10,0,1,,628358,10,,101,2022-09-27,8,,,,,1,,,,,2022-09-27,2022-09-27
800,618922,10,0,1,,628939,10,,101,2022-04-08,17,,,,,0,,,,,2022-04-08,2022-04-08
800,620067,10,0,1,,630074,10,,101,2022-09-17,7,,,,,1,,,,,2022-09-17,2022-09-17
800,621322,10,0,1,,631336,10,,101,2022-06-15,15,,,,,0,,,,,2022-06-15,2022-06-15
800,621477,10,0,1,,631493,10,,101,2022-11-02,18,,,,,0,,,,,2022-11-02,2022-11-02
800,621494,10,0,1,,631507,10,,101,2022-06-29,13,,,,,0,,,,,2022-06-29,2022-06-29
800,621699,10,0,1,,631704,10,,101,2022-04-25,5,,,,,1,,,,,2022-04-25,2022-04-25
800,622409,10,0,1,,632427,10,,101,2022-10-18,17,,,,,0,,,,,2022-10-18,2022-10-18
800,622597,10,0,1,,632615,10,,101,2022-06-23,17,,,,,1,,,,,2022-06-23,2022-06-23
800,623234,10,0,1,,633240,10,,101,2022-05-19,6,,,,,1,,,,,2022-05-19,2022-05-19
800,623452,10,0,1,,633455,10,,101,2022-08-19,3,,,,,1,,,,,2022-08-19,2022-08-19
800,626402,10,0,1,,636412,10,,101,2022-05-25,11,,,,,0,,,,,2022-05-25,2022-05-25
800,626726,10,0,1,,636735,10,,101,2022-03-28,9,,,,,1,,,,,2022-03-28,2022-03-28
800,628233,10,0,1,,638243,10,,101,2022-05-04,10,,,,,0,,,,,2022-05-04,2022-05-04
800,630053,10,0,1,,640058,10,,101,2022-07-11,5,,,,,1,,,,,2022-07-11,2022-07-11
800,630180,10,0,1,,640193,10,,101,2022-03-11,12,,,,,1,,,,,2022-03-11,2022-03-11
800,631114,10,0,1,,641132,10,,101,2022-06-24,18,,,,,1,,,,,2022-06-24,2022-06-24
800,631942,10,0,1,,641945,10,,101,2022-06-30,3,,,,,1,,,,,2022-06-30,2022-06-30
800,633160,10,0,1,,643167,10,,101,2022-05-24,7,,,,,1,,,,,2022-05-24,2022-05-24
800,633711,10,0,1,,643719,10,,101,2022-08-06,8,,,,,0,,,,,2022-08-06,2022-08-06
800,634480,10,0,1,,644496,10,,101,2022-06-11,19,,,,,0,,,,,2022-06-11,2022-06-11
800,635019,10,0,1,,645034,10,,101,2022-06-25,15,,,,,1,,,,,2022-06-25,2022-06-25
800,635046,10,0,1,,645061,10,,101,2022-07-04,16,,,,,0,,,,,2022-07-04,2022-07-04
800,635274,10,0,1,,645290,10,,101,2022-07-07,17,,,,,0,,,,,2022-07-07,2022-07-07
800,635588,10,0,1,,645603,10,,101,2022-05-14,18,,,,,0,,,,,2022-05-14,2022-05-14
800,636128,10,0,1,,646140,10,,101,2022-07-30,11,,,,,1,,,,,2022-07-30,2022-07-30
800,636837,10,0,1,,646840,10,,101,2022-08-14,3,,,,,1,,,,,2022-08-14,2022-08-14
800,636890,10,0,1,,646891,10,,101,2022-08-04,1,,,,,1,,,,,2022-08-04,2022-08-04
800,637189,10,0,1,,647191,10,,101,2022-07-28,2,,,,,1,,,,,2022-07-28,2022-07-28
800,638753,10,0,1,,648768,10,,101,2022-08-06,15,,,,,1,,,,,2022-08-06,2022-08-06
800,638916,10,0,1,,648925,10,,101,2022-06-09,8,,,,,1,,,,,2022-06-09,2022-06-09
800,640889,10,0,1,,650893,10,,101,2022-04-01,4,,,,,1,,,,,2022-04-01,2022-04-01
800,641145,10,0,1,,651160,10,,101,2022-07-30,14,,,,,1,,,,,2022-07-30,2022-07-30
800,641413,10,0,1,,651415,10,,101,2022-08-05,2,,,,,1,,,,,2022-08-05,2022-08-05
800,641964,10,0,1,,651967,10,,101,2022-05-19,3,,,,,1,,,,,2022-05-19,2022-05-19
800,642221,10,0,1,,652228,10,,101,2022-09-03,8,,,,,0,,,,,2022-09-03,2022-09-03
800,642342,10,0,1,,652351,10,,101,2022-08-11,9,,,,,0,,,,,2022-08-11,2022-08-11
800,642968,10,0,1,,652987,10,,101,2022-08-14,19,,,,,0,,,,,2022-08-14,2022-08-14
800,645301,10,0,1,,655302,10,,101,2022-04-30,1,,,,,1,,,,,2022-04-30,2022-04-30
800,648510,10,0,1,,658512,10,,101,2022-07-21,2,,,,,1,,,,,2022-07-21,2022-07-21
800,648778,10,0,1,,658780,10,,101,2022-06-08,2,,,,,1,,,,,2022-06-08,2022-06-08
800,649569,10,0,1,,659576,10,,101,2022-03-04,7,,,,,1,,,,,2022-03-04,2022-03-04
800,650504,10,0,1,,660505,10,,101,2022-06-28,1,,,,,1,,,,,2022-06-28,2022-06-28
800,652999,10,0,1,,663008,10,,101,2022-05-04,9,,,,,0,,,,,2022-05-04,2022-05-04
800,653193,10,0,1,,663198,10,,101,2022-07-15,4,,,,,1,,,,,2022-07-15,2022-07-15
800,653585,10,0,1,,663586,10,,101,2022-05-15,1,,,,,1,,,,,2022-05-15,2022-05-15
800,656710,10,0,1,,666718,10,,101,2022-07-30,8,,,,,1,,,,,2022-07-30,2022-07-30
800,657725,10,0,1,,667730,10,,101,2022-05-24,5,,,,,1,,,,,2022-05-24,2022-05-24
800,659453,10,0,1,,669464,10,,101,2022-05-28,11,,,,,1,,,,,2022-05-28,2022-05-28
800,659931,10,0,1,,669939,10,,101,2022-05-08,7,,,,,1,,,,,2022-05-08,2022-05-08
800,662424,10,0,1,,672429,10,,101,2022-05-30,5,,,,,1,,,,,2022-05-30,2022-05-30
800,663624,10,0,1,,673626,10,,101,2022-03-07,2,,,,,1,,,,,2022-03-07,2022-03-07
800,664090,10,0,1,,674105,10,,101,2022-07-06,14,,,,,1,,,,,2022-07-06,2022-07-06
800,665891,10,0,1,,675901,10,,101,2022-06-09,10,,,,,0,,,,,2022-06-09,2022-06-09
800,667592,10,0,1,,677598,10,,101,2022-05-14,7,,,,,0,,,,,2022-05-14,2022-05-14
800,668495,10,0,1,,678503,10,,101,2022-08-29,7,,,,,1,,,,,2022-08-29,2022-08-29
800,668564,10,0,1,,678580,10,,101,2022-07-19,18,,,,,0,,,,,2022-07-19,2022-07-19
800,668962,10,0,1,,678968,10,,101,2022-06-04,5,,,,,1,,,,,2022-06-04,2022-06-04
800,668964,10,0,1,,678977,10,,101,2022-05-16,13,,,,,0,,,,,2022-05-16,2022-05-16
800,669331,10,0,1,,679341,10,,101,2022-07-09,10,,,,,0,,,,,2022-07-09,2022-07-09
800,669732,10,0,1,,679742,10,,101,2022-09-07,11,,,,,0,,,,,2022-09-07,2022-09-07
800,669837,10,0,1,,679848,10,,101,2022-05-29,12,,,,,0,,,,,2022-05-29,2022-05-29
800,671574,10,0,1,,681591,10,,101,2022-06-18,19,,,,,0,,,,,2022-06-18,2022-06-18
800,672445,10,0,1,,682462,10,,101,2022-08-29,16,,,,,1,,,,,2022-08-29,2022-08-29
800,672679,10,0,1,,682685,10,,101,2022-06-04,6,,,,,1,,,,,2022-06-04,2022-06-04
800,673404,10,0,1,,683423,10,,101,2022-06-17,17,,,,,1,,,,,2022-06-17,2022-06-17
800,673563,10,0,1,,683576,10,,101,2022-06-30,15,,,,,0,,,,,2022-06-30,2022-06-30
800,675020,10,0,1,,685024,10,,101,2022-07-18,4,,,,,1,,,,,2022-07-18,2022-07-18
800,675554,10,0,1,,685561,10,,101,2022-07-25,7,,,,,1,,,,,2022-07-25,2022-07-25
800,675724,10,0,1,,685727,10,,101,2022-05-09,3,,,,,1,,,,,2022-05-09,2022-05-09
800,679276,10,0,1,,689279,10,,101,2022-03-12,3,,,,,1,,,,,2022-03-12,2022-03-12
800,682043,10,0,1,,692045,10,,101,2022-05-28,2,,,,,1,,,,,2022-05-28,2022-05-28
800,682161,10,0,1,,692174,10,,101,2022-08-06,16,,,,,0,,,,,2022-08-06,2022-08-06
800,682873,10,0,1,,692889,10,,101,2022-04-14,14,,,,,0,,,,,2022-04-14,2022-04-14
800,684789,10,0,1,,694792,10,,101,2022-08-12,3,,,,,1,,,,,2022-08-12,2022-08-12
800,685432,10,0,1,,695438,10,,101,2022-06-21,7,,,,,0,,,,,2022-06-21,2022-06-21
800,686816,10,0,1,,696831,10,,101,2022-07-31,17,,,,,0,,,,,2022-07-31,2022-07-31
800,687213,10,0,1,,697229,10,,101,2022-05-13,16,,,,,0,,,,,2022-05-13,2022-05-13
800,688219,10,0,1,,698226,10,,101,2022-03-05,7,,,,,0,,,,,2022-03-05,2022-03-05
800,689034,10,0,1,,699053,10,,101,2022-05-30,16,,,,,1,,,,,2022-05-30,2022-05-30
800,690134,10,0,1,,700145,10,,101,2022-04-10,11,,,,,1,,,,,2022-04-10,2022-04-10
800,690246,10,0,1,,700255,10,,101,2022-06-13,9,,,,,1,,,,,2022-06-13,2022-06-13
800,690360,10,0,1,,700371,10,,101,2022-06-02,12,,,,,0,,,,,2022-06-02,2022-06-02
800,691011,10,0,1,,701018,10,,101,2022-10-22,7,,,,,1,,,,,2022-10-22,2022-10-22
800,692751,10,0,1,,702769,10,,101,2022-08-18,17,,,,,0,,,,,2022-08-18,2022-08-18
800,695225,10,0,1,,705227,10,,101,2022-07-30,2,,,,,1,,,,,2022-07-30,2022-07-30
800,698608,10,0,1,,708625,10,,101,2022-07-16,17,,,,,1,,,,,2022-07-16,2022-07-16
800,698961,10,0,1,,708977,10,,101,2022-06-30,14,,,,,0,,,,,2022-06-30,2022-06-30
800,699635,10,0,1,,709645,10,,101,2022-05-31,10,,,,,1,,,,,2022-05-31,2022-05-31
800,699771,10,0,1,,709774,10,,101,2022-09-05,3,,,,,1,,,,,2022-09-05,2022-09-05
800,699781,10,0,1,,709797,10,,101,2022-10-08,16,,,,,1,,,,,2022-10-08,2022-10-08
800,702881,10,0,1,,712894,10,,101,2022-07-05,11,,,,,1,,,,,2022-07-05,2022-07-05
800,703202,10,0,1,,713207,10,,101,2022-04-05,5,,,,,1,,,,,2022-04-05,2022-04-05
800,703955,10,0,1,,713966,10,,101,2022-05-30,9,,,,,1,,,,,2022-05-30,2022-05-30
800,704293,10,0,1,,714305,10,,101,2022-06-10,12,,,,,1,,,,,2022-06-10,2022-06-10
800,704371,10,0,1,,714385,10,,101,2022-07-27,14,,,,,0,,,,,2022-07-27,2022-07-27
800,704730,10,0,1,,714744,10,,101,2022-07-07,16,,,,,0,,,,,2022-07-07,2022-07-07
800,705129,10,0,1,,715143,10,,101,2022-07-26,14,,,,,1,,,,,2022-07-26,2022-07-26
800,705906,10,0,1,,715922,10,,101,2022-06-05,14,,,,,0,,,,,2022-06-05,2022-06-05
800,707045,10,0,1,,717056,10,,101,2022-08-25,11,,,,,1,,,,,2022-08-25,2022-08-25
800,708684,10,0,1,,718704,10,,101,2022-07-11,19,,,,,1,,,,,2022-07-11,2022-07-11
800,708873,10,0,1,,718881,10,,101,2022-04-12,9,,,,,0,,,,,2022-04-12,2022-04-12
800,709115,10,0,1,,719125,10,,101,2022-07-19,11,,,,,0,,,,,2022-07-19,2022-07-19
800,709306,10,0,1,,719314,10,,101,2022-08-12,9,,,,,0,,,,,2022-08-12,2022-08-12
800,713732,10,0,1,,723733,10,,101,2022-08-18,1,,,,,1,,,,,2022-08-18,2022-08-18
800,714718,10,0,1,,724729,10,,101,2022-06-10,11,,,,,1,,,,,2022-06-10,2022-06-10
800,716462,10,0,1,,726469,10,,101,2022-10-25,8,,,,,0,,,,,2022-10-25,2022-10-25
800,717520,10,0,1,,727529,10,,101,2022-03-22,9,,,,,1,,,,,2022-03-22,2022-03-22
800,718260,10,0,1,,728265,10,,101,2022-04-24,5,,,,,1,,,,,2022-04-24,2022-04-24
800,718714,10,0,1,,728733,10,,101,2022-08-13,16,,,,,1,,,,,2022-08-13,2022-08-13
800,719343,10,0,1,,729353,10,,101,2022-05-08,10,,,,,0,,,,,2022-05-08,2022-05-08
800,719930,10,0,1,,729937,10,,101,2022-03-15,8,,,,,0,,,,,2022-03-15,2022-03-15
800,720481,10,0,1,,730483,10,,101,2022-08-28,2,,,,,1,,,,,2022-08-28,2022-08-28
800,721633,10,0,1,,731641,10,,101,2022-09-28,8,,,,,0,,,,,2022-09-28,2022-09-28
800,723083,10,0,1,,733084,10,,101,2022-06-10,1,,,,,1,,,,,2022-06-10,2022-06-10
800,723087,10,0,1,,733093,10,,101,2022-06-30,7,,,,,0,,,,,2022-06-30,2022-06-30
800,724988,10,0,1,,734989,10,,101,2022-05-04,1,,,,,1,,,,,2022-05-04,2022-05-04
800,726108,10,0,1,,736110,10,,101,2022-04-16,2,,,,,1,,,,,2022-04-16,2022-04-16
800,726595,10,0,1,,736609,10,,101,2022-04-29,13,,,,,1,,,,,2022-04-29,2022-04-29
800,727166,10,0,1,,737182,10,,101,2022-07-30,17,,,,,0,,,,,2022-07-30,2022-07-30
800,729893,10,0,1,,739907,10,,101,2022-06-17,14,,,,,1,,,,,2022-06-17,2022-06-17
800,730105,10,0,1,,740118,10,,101,2022-08-17,13,,,,,1,,,,,2022-08-17,2022-08-17
800,730530,10,0,1,,740536,10,,101,2022-03-26,6,,,,,0,,,,,2022-03-26,2022-03-26
800,730745,10,0,1,,740756,10,,101,2022-06-30,10,,,,,1,,,,,2022-06-30,2022-06-30
800,730921,10,0,1,,740926,10,,101,2022-07-07,5,,,,,1,,,,,2022-07-07,2022-07-07
800,731303,10,0,1,,741310,10,,101,2022-08-29,6,,,,,1,,,,,2022-08-29,2022-08-29
800,732000,10,0,1,,742009,10,,101,2022-05-09,10,,,,,0,,,,,2022-05-09,2022-05-09
800,733008,10,0,1,,743010,10,,101,2022-08-22,2,,,,,1,,,,,2022-08-22,2022-08-22
800,734200,10,0,1,,744201,10,,101,2022-08-21,1,,,,,1,,,,,2022-08-21,2022-08-21
800,734622,10,0,1,,744633,10,,101,2022-07-02,11,,,,,0,,,,,2022-07-02,2022-07-02
800,735446,10,0,1,,745457,10,,101,2022-08-21,12,,,,,0,,,,,2022-08-21,2022-08-21
800,735882,10,0,1,,745892,10,,101,2022-07-20,10,,,,,1,,,,,2022-07-20,2022-07-20
800,740877,10,0,1,,750883,10,,101,2022-10-12,6,,,,,1,,,,,2022-10-12,2022-10-12
800,741322,10,0,1,,751336,10,,101,2022-03-05,16,,,,,0,,,,,2022-03-05,2022-03-05
800,742629,10,0,1,,752643,10,,101,2022-09-23,13,,,,,1,,,,,2022-09-23,2022-09-23
800,742832,10,0,1,,752845,10,,101,2022-07-21,14,,,,,0,,,,,2022-07-21,2022-07-21
800,743579,10,0,1,,753587,10,,101,2022-06-29,8,,,,,1,,,,,2022-06-29,2022-06-29
800,744035,10,0,1,,754053,10,,101,2022-10-07,18,,,,,1,,,,,2022-10-07,2022-10-07
800,744516,10,0,1,,754528,10,,101,2022-07-11,13,,,,,0,,,,,2022-07-11,2022-07-11
800,745348,10,0,1,,755363,10,,101,2022-08-24,15,,,,,0,,,,,2022-08-24,2022-08-24
800,747371,10,0,1,,757380,10,,101,2022-09-24,8,,,,,1,,,,,2022-09-24,2022-09-24
800,747555,10,0,1,,757556,10,,101,2022-08-02,1,,,,,1,,,,,2022-08-02,2022-08-02
800,748194,10,0,1,,758210,10,,101,2022-03-15,17,,,,,0,,,,,2022-03-15,2022-03-15
800,748213,10,0,1,,758217,10,,101,2022-10-18,4,,,,,1,,,,,2022-10-18,2022-10-18
800,749650,10,0,1,,759666,10,,101,2022-05-29,15,,,,,1,,,,,2022-05-29,2022-05-29
800,750230,10,0,1,,760249,10,,101,2022-04-06,18,,,,,1,,,,,2022-04-06,2022-04-06
800,750353,10,0,1,,760359,10,,101,2022-09-30,5,,,,,1,,,,,2022-09-30,2022-09-30
800,751975,10,0,1,,761978,10,,101,2022-04-28,3,,,,,1,,,,,2022-04-28,2022-04-28
800,754490,10,0,1,,764499,10,,101,2022-04-19,9,,,,,1,,,,,2022-04-19,2022-04-19
800,754951,10,0,1,,764955,10,,101,2022-08-23,4,,,,,1,,,,,2022-08-23,2022-08-23
800,755782,10,0,1,,765800,10,,101,2022-05-31,17,,,,,0,,,,,2022-05-31,2022-05-31
800,756929,10,0,1,,766941,10,,101,2022-05-09,12,,,,,1,,,,,2022-05-09,2022-05-09
800,757457,10,0,1,,767458,10,,101,2022-06-24,1,,,,,1,,,,,2022-06-24,2022-06-24
800,758828,10,0,1,,768835,10,,101,2022-04-29,7,,,,,1,,,,,2022-04-29,2022-04-29
800,760073,10,0,1,,770089,10,,101,2022-03-22,19,,,,,0,,,,,2022-03-22,2022-03-22
800,761734,10,0,1,,771750,10,,101,2022-09-04,15,,,,,0,,,,,2022-09-04,2022-09-04
800,762337,10,0,1,,772346,10,,101,2022-08-07,9,,,,,1,,,,,2022-08-07,2022-08-07
800,762476,10,0,1,,772485,10,,101,2022-04-08,10,,,,,0,,,,,2022-04-08,2022-04-08
800,762931,10,0,1,,772939,10,,101,2022-06-01,8,,,,,0,,,,,2022-06-01,2022-06-01
800,764529,10,0,1,,774539,10,,101,2022-08-02,9,,,,,1,,,,,2022-08-02,2022-08-02
800,765377,10,0,1,,775378,10,,101,2022-06-02,1,,,,,1,,,,,2022-06-02,2022-06-02
800,768298,10,0,1,,778313,10,,101,2022-05-22,14,,,,,1,,,,,2022-05-22,2022-05-22
800,768932,10,0,1,,778942,10,,101,2022-08-11,9,,,,,1,,,,,2022-08-11,2022-08-11
800,768982,10,0,1,,778993,10,,101,2022-07-10,12,,,,,0,,,,,2022-07-10,2022-07-10
800,769045,10,0,1,,779057,10,,101,2022-09-03,14,,,,,0,,,,,2022-09-03,2022-09-03
800,770639,10,0,1,,780650,10,,101,2022-05-13,11,,,,,0,,,,,2022-05-13,2022-05-13
800,771194,10,0,1,,781210,10,,101,2022-04-13,15,,,,,1,,,,,2022-04-13,2022-04-13
800,771288,10,0,1,,781301,10,,101,2022-05-02,14,,,,,0,,,,,2022-05-02,2022-05-02
800,772529,10,0,1,,782537,10,,101,2022-08-17,7,,,,,1,,,,,2022-08-17,2022-08-17
800,772594,10,0,1,,782609,10,,101,2022-06-27,16,,,,,0,,,,,2022-06-27,2022-06-27
800,772845,10,0,1,,782849,10,,101,2022-07-25,4,,,,,1,,,,,2022-07-25,2022-07-25
800,772868,10,0,1,,782871,10,,101,2022-07-25,3,,,,,1,,,,,2022-07-25,2022-07-25
800,773007,10,0,1,,783013,10,,101,2022-08-13,7,,,,,0,,,,,2022-08-13,2022-08-13
800,774778,10,0,1,,784790,10,,101,2022-07-01,11,,,,,1,,,,,2022-07-01,2022-07-01
800,775382,10,0,1,,785389,10,,101,2022-03-02,7,,,,,1,,,,,2022-03-02,2022-03-02
800,776833,10,0,1,,786851,10,,101,2022-09-03,18,,,,,0,,,,,2022-09-03,2022-09-03
800,777138,10,0,1,,787143,10,,101,2022-07-30,6,,,,,0,,,,,2022-07-30,2022-07-30
800,777479,10,0,1,,787496,10,,101,2022-06-16,15,,,,,0,,,,,2022-06-16,2022-06-16
800,777596,10,0,1,,787611,10,,101,2022-04-21,18,,,,,0,,,,,2022-04-21,2022-04-21
800,778891,10,0,1,,788901,10,,101,2022-04-27,12,,,,,0,,,,,2022-04-27,2022-04-27
800,779298,10,0,1,,789302,10,,101,2022-05-30,4,,,,,1,,,,,2022-05-30,2022-05-30
800,780687,10,0,1,,790703,10,,101,2022-07-29,15,,,,,0,,,,,2022-07-29,2022-07-29
800,781134,10,0,1,,791146,10,,101,2022-10-13,11,,,,,0,,,,,2022-10-13,2022-10-13
800,783461,10,0,1,,793464,10,,101,2022-05-29,3,,,,,1,,,,,2022-05-29,2022-05-29
800,783857,10,0,1,,793876,10,,101,2022-06-14,17,,,,,0,,,,,2022-06-14,2022-06-14
800,784461,10,0,1,,794466,10,,101,2022-05-27,5,,,,,1,,,,,2022-05-27,2022-05-27
800,784926,10,0,1,,794930,10,,101,2022-07-17,4,,,,,1,,,,,2022-07-17,2022-07-17
800,785371,10,0,1,,795372,10,,101,2022-05-28,1,,,,,1,,,,,2022-05-28,2022-05-28
800,785534,10,0,1,,795547,10,,101,2022-05-03,12,,,,,1,,,,,2022-05-03,2022-05-03
800,785934,10,0,1,,795944,10,,101,2022-06-14,9,,,,,1,,,,,2022-06-14,2022-06-14
800,786858,10,0,1,,796859,10,,101,2022-05-31,1,,,,,1,,,,,2022-05-31,2022-05-31
800,787773,10,0,1,,797787,10,,101,2022-09-07,15,,,,,0,,,,,2022-09-07,2022-09-07
800,789239,10,0,1,,799253,10,,101,2022-04-14,14,,,,,0,,,,,2022-04-14,2022-04-14
800,789246,10,0,1,,799257,10,,101,2022-04-27,12,,,,,0,,,,,2022-04-27,2022-04-27
800,789808,10,0,1,,799818,10,,101,2022-07-18,11,,,,,0,,,,,2022-07-18,2022-07-18
800,794109,10,0,1,,804110,10,,101,2022-05-20,1,,,,,1,,,,,2022-05-20,2022-05-20
800,796729,10,0,1,,806738,10,,101,2022-05-29,8,,,,,1,,,,,2022-05-29,2022-05-29
800,796991,10,0,1,,807008,10,,101,2022-10-16,17,,,,,0,,,,,2022-10-16,2022-10-16
800,797304,10,0,1,,807307,10,,101,2022-06-17,3,,,,,1,,,,,2022-06-17,2022-06-17
800,797839,10,0,1,,807855,10,,101,2022-07-28,16,,,,,0,,,,,2022-07-28,2022-07-28
800,797888,10,0,1,,807901,10,,101,2022-05-11,12,,,,,0,,,,,2022-05-11,2022-05-11
800,798007,10,0,1,,808012,10,,101,2022-08-27,5,,,,,1,,,,,2022-08-27,2022-08-27
800,798382,10,0,1,,808388,10,,101,2022-03-28,6,,,,,1,,,,,2022-03-28,2022-03-28
800,798483,10,0,1,,808490,10,,101,2022-06-28,7,,,,,1,,,,,2022-06-28,2022-06-28
800,800027,10,0,1,,810035,10,,101,2022-08-30,7,,,,,1,,,,,2022-08-30,2022-08-30
800,800229,10,0,1,,810246,10,,101,2022-06-04,16,,,,,0,,,,,2022-06-04,2022-06-04
800,801268,10,0,1,,811269,10,,101,2022-05-07,1,,,,,1,,,,,2022-05-07,2022-05-07
800,802265,10,0,1,,812279,10,,101,2022-04-21,14,,,,,0,,,,,2022-04-21,2022-04-21
800,803676,10,0,1,,813690,10,,101,2022-07-16,14,,,,,0,,,,,2022-07-16,2022-07-16
800,803810,10,0,1,,813826,10,,101,2022-07-26,15,,,,,0,,,,,2022-07-26,2022-07-26
800,804326,10,0,1,,814340,10,,101,2022-09-21,15,,,,,0,,,,,2022-09-21,2022-09-21
800,805460,10,0,1,,815464,10,,101,2022-10-08,4,,,,,1,,,,,2022-10-08,2022-10-08
800,805689,10,0,1,,815701,10,,101,2022-05-04,11,,,,,1,,,,,2022-05-04,2022-05-04
800,805944,10,0,1,,815950,10,,101,2022-08-17,6,,,,,1,,,,,2022-08-17,2022-08-17
800,806642,10,0,1,,816648,10,,101,2022-06-01,6,,,,,1,,,,,2022-06-01,2022-06-01
800,809555,10,0,1,,819557,10,,101,2022-05-08,2,,,,,1,,,,,2022-05-08,2022-05-08
800,809569,10,0,1,,819584,10,,101,2022-08-27,15,,,,,0,,,,,2022-08-27,2022-08-27
800,810025,10,0,1,,820038,10,,101,2022-08-25,13,,,,,1,,,,,2022-08-25,2022-08-25
800,810368,10,0,1,,820382,10,,101,2022-08-08,14,,,,,0,,,,,2022-08-08,2022-08-08
800,811137,10,0,1,,821153,10,,101,2022-05-22,17,,,,,0,,,,,2022-05-22,2022-05-22
800,812963,10,0,1,,822965,10,,101,2022-08-31,2,,,,,1,,,,,2022-08-31,2022-08-31
800,813222,10,0,1,,823227,10,,101,2022-05-20,5,,,,,1,,,,,2022-05-20,2022-05-20
800,813490,10,0,1,,823495,10,,101,2022-04-30,5,,,,,1,,,,,2022-04-30,2022-04-30
800,813533,10,0,1,,823548,10,,101,2022-07-17,15,,,,,1,,,,,2022-07-17,2022-07-17
800,814646,10,0,1,,824649,10,,101,2022-05-14,3,,,,,1,,,,,2022-05-14,2022-05-14
800,817867,10,0,1,,827877,10,,101,2022-03-07,10,,,,,1,,,,,2022-03-07,2022-03-07
800,819739,10,0,1,,829756,10,,101,2022-07-09,15,,,,,0,,,,,2022-07-09,2022-07-09
800,820644,10,0,1,,830649,10,,101,2022-08-01,5,,,,,1,,,,,2022-08-01,2022-08-01
800,820697,10,0,1,,830707,10,,101,2022-07-17,10,,,,,0,,,,,2022-07-17,2022-07-17
800,820863,10,0,1,,830868,10,,101,2022-08-09,5,,,,,1,,,,,2022-08-09,2022-08-09
800,823513,10,0,1,,833517,10,,101,2022-06-27,4,,,,,1,,,,,2022-06-27,2022-06-27
800,824146,10,0,1,,834150,10,,101,2022-05-10,4,,,,,1,,,,,2022-05-10,2022-05-10
800,824977,10,0,1,,834995,10,,101,2022-08-30,17,,,,,1,,,,,2022-08-30,2022-08-30
800,825272,10,0,1,,835281,10,,101,2022-06-26,9,,,,,0,,,,,2022-06-26,2022-06-26
800,825532,10,0,1,,835536,10,,101,2022-09-07,4,,,,,1,,,,,2022-09-07,2022-09-07
800,827765,10,0,1,,837781,10,,101,2022-08-22,19,,,,,0,,,,,2022-08-22,2022-08-22
800,827900,10,0,1,,837901,10,,101,2022-04-12,1,,,,,1,,,,,2022-04-12,2022-04-12
800,828788,10,0,1,,838798,10,,101,2022-07-03,11,,,,,0,,,,,2022-07-03,2022-07-03
800,830515,10,0,1,,840527,10,,101,2022-07-12,12,,,,,1,,,,,2022-07-12,2022-07-12
800,830603,10,0,1,,840615,10,,101,2022-07-22,12,,,,,1,,,,,2022-07-22,2022-07-22
800,830688,10,0,1,,840699,10,,101,2022-08-05,11,,,,,1,,,,,2022-08-05,2022-08-05
800,831573,10,0,1,,841582,10,,101,2022-08-11,10,,,,,0,,,,,2022-08-11,2022-08-11
800,832151,10,0,1,,842161,10,,101,2022-07-24,11,,,,,0,,,,,2022-07-24,2022-07-24
800,833901,10,0,1,,843915,10,,101,2022-07-24,15,,,,,0,,,,,2022-07-24,2022-07-24
800,834641,10,0,1,,844654,10,,101,2022-07-20,13,,,,,0,,,,,2022-07-20,2022-07-20
800,835168,10,0,1,,845181,10,,101,2022-08-20,13,,,,,0,,,,,2022-08-20,2022-08-20
800,837111,10,0,1,,847115,10,,101,2022-09-12,4,,,,,1,,,,,2022-09-12,2022-09-12
800,837977,10,0,1,,847984,10,,101,2022-06-29,8,,,,,0,,,,,2022-06-29,2022-06-29
800,839801,10,0,1,,849809,10,,101,2022-07-18,9,,,,,0,,,,,2022-07-18,2022-07-18
800,842028,10,0,1,,852038,10,,101,2022-05-04,10,,,,,1,,,,,2022-05-04,2022-05-04
800,842667,10,0,1,,852674,10,,101,2022-03-21,7,,,,,1,,,,,2022-03-21,2022-03-21
800,842876,10,0,1,,852893,10,,101,2022-07-07,18,,,,,0,,,,,2022-07-07,2022-07-07
800,843564,10,0,1,,853573,10,,101,2022-04-15,9,,,,,0,,,,,2022-04-15,2022-04-15
800,844490,10,0,1,,854509,10,,101,2022-04-21,16,,,,,0,,,,,2022-04-21,2022-04-21
800,844524,10,0,1,,854541,10,,101,2022-05-18,17,,,,,0,,,,,2022-05-18,2022-05-18
800,844623,10,0,1,,854639,10,,101,2022-06-26,15,,,,,1,,,,,2022-06-26,2022-06-26
800,845177,10,0,1,,855183,10,,101,2022-07-27,6,,,,,1,,,,,2022-07-27,2022-07-27
800,845636,10,0,1,,855639,10,,101,2022-08-09,3,,,,,1,,,,,2022-08-09,2022-08-09
800,846158,10,0,1,,856170,10,,101,2022-04-12,13,,,,,0,,,,,2022-04-12,2022-04-12
800,846772,10,0,1,,856789,10,,101,2022-04-12,17,,,,,0,,,,,2022-04-12,2022-04-12
800,848138,10,0,1,,858146,10,,101,2022-07-02,9,,,,,0,,,,,2022-07-02,2022-07-02
800,848393,10,0,1,,858397,10,,101,2022-06-08,5,,,,,0,,,,,2022-06-08,2022-06-08
800,848564,10,0,1,,858578,10,,101,2022-09-11,14,,,,,1,,,,,2022-09-11,2022-09-11
800,849056,10,0,1,,859057,10,,101,2022-06-29,1,,,,,1,,,,,2022-06-29,2022-06-29
800,851173,10,0,1,,861185,10,,101,2022-08-17,13,,,,,0,,,,,2022-08-17,2022-08-17
800,851677,10,0,1,,861678,10,,101,2022-08-16,1,,,,,1,,,,,2022-08-16,2022-08-16
800,852768,10,0,1,,862781,10,,101,2022-05-03,14,,,,,0,,,,,2022-05-03,2022-05-03
800,853479,10,0,1,,863484,10,,101,2022-04-23,5,,,,,1,,,,,2022-04-23,2022-04-23
800,853958,10,0,1,,863978,10,,101,2022-08-23,20,,,,,1,,,,,2022-08-23,2022-08-23
800,856012,10,0,1,,866023,10,,101,2022-04-26,10,,,,,0,,,,,2022-04-26,2022-04-26
800,856060,10,0,1,,866072,10,,101,2022-05-25,11,,,,,1,,,,,2022-05-25,2022-05-25
800,856781,10,0,1,,866791,10,,101,2022-06-07,10,,,,,1,,,,,2022-06-07,2022-06-07
800,859755,10,0,1,,869765,10,,101,2022-06-25,9,,,,,1,,,,,2022-06-25,2022-06-25
800,859846,10,0,1,,869849,10,,101,2022-10-22,3,,,,,1,,,,,2022-10-22,2022-10-22
800,862257,10,0,1,,872266,10,,101,2022-06-22,9,,,,,0,,,,,2022-06-22,2022-06-22
800,864449,10,0,1,,874468,10,,101,2022-04-28,18,,,,,1,,,,,2022-04-28,2022-04-28
800,866440,10,0,1,,876456,10,,101,2022-08-27,17,,,,,0,,,,,2022-08-27,2022-08-27
800,867394,10,0,1,,877408,10,,101,2022-04-07,14,,,,,0,,,,,2022-04-07,2022-04-07
800,867596,10,0,1,,877605,10,,101,2022-06-08,10,,,,,0,,,,,2022-06-08,2022-06-08
800,867957,10,0,1,,877973,10,,101,2022-04-07,14,,,,,0,,,,,2022-04-07,2022-04-07
800,868241,10,0,1,,878244,10,,101,2022-08-07,3,,,,,1,,,,,2022-08-07,2022-08-07
800,869890,10,0,1,,879903,10,,101,2022-08-14,14,,,,,0,,,,,2022-08-14,2022-08-14
800,870464,10,0,1,,880477,10,,101,2022-04-20,13,,,,,0,,,,,2022-04-20,2022-04-20
800,870632,10,0,1,,880650,10,,101,2022-04-30,17,,,,,1,,,,,2022-04-30,2022-04-30
800,871336,10,0,1,,881352,10,,101,2022-06-17,17,,,,,0,,,,,2022-06-17,2022-06-17
800,872972,10,0,1,,882989,10,,101,2022-04-22,18,,,,,0,,,,,2022-04-22,2022-04-22
800,873185,10,0,1,,883192,10,,101,2022-04-30,6,,,,,1,,,,,2022-04-30,2022-04-30
800,873477,10,0,1,,883482,10,,101,2022-04-25,6,,,,,0,,,,,2022-04-25,2022-04-25
800,873638,10,0,1,,883657,10,,101,2022-09-20,18,,,,,1,,,,,2022-09-20,2022-09-20
800,876250,10,0,1,,886267,10,,101,2022-07-22,15,,,,,0,,,,,2022-07-22,2022-07-22
800,877337,10,0,1,,887341,10,,101,2022-04-12,4,,,,,1,,,,,2022-04-12,2022-04-12
800,877381,10,0,1,,887383,10,,101,2022-05-24,2,,,,,1,,,,,2022-05-24,2022-05-24
800,878011,10,0,1,,888022,10,,101,2022-09-16,10,,,,,1,,,,,2022-09-16,2022-09-16
800,878888,10,0,1,,888899,10,,101,2022-09-03,10,,,,,1,,,,,2022-09-03,2022-09-03
800,879073,10,0,1,,889089,10,,101,2022-07-29,14,,,,,0,,,,,2022-07-29,2022-07-29
800,879131,10,0,1,,889133,10,,101,2022-05-09,2,,,,,1,,,,,2022-05-09,2022-05-09
800,879553,10,0,1,,889563,10,,101,2022-05-23,10,,,,,0,,,,,2022-05-23,2022-05-23
800,880508,10,0,1,,890524,10,,101,2022-03-26,17,,,,,0,,,,,2022-03-26,2022-03-26
800,880829,10,0,1,,890843,10,,101,2022-06-13,13,,,,,1,,,,,2022-06-13,2022-06-13
800,881860,10,0,1,,891871,10,,101,2022-04-26,11,,,,,0,,,,,2022-04-26,2022-04-26
800,882482,10,0,1,,892486,10,,101,2022-09-28,4,,,,,1,,,,,2022-09-28,2022-09-28
800,882514,10,0,1,,892531,10,,101,2022-03-30,16,,,,,0,,,,,2022-03-30,2022-03-30
800,884470,10,0,1,,894486,10,,101,2022-05-23,17,,,,,0,,,,,2022-05-23,2022-05-23
800,885476,10,0,1,,895482,10,,101,2022-09-01,6,,,,,1,,,,,2022-09-01,2022-09-01
800,885698,10,0,1,,895715,10,,101,2022-06-30,17,,,,,0,,,,,2022-06-30,2022-06-30
800,887628,10,0,1,,897639,10,,101,2022-03-13,10,,,,,1,,,,,2022-03-13,2022-03-13
800,887640,10,0,1,,897658,10,,101,2022-06-20,17,,,,,0,,,,,2022-06-20,2022-06-20
800,889198,10,0,1,,899207,10,,101,2022-05-05,9,,,,,0,,,,,2022-05-05,2022-05-05
800,890209,10,0,1,,900215,10,,101,2022-05-04,6,,,,,1,,,,,2022-05-04,2022-05-04
800,891200,10,0,1,,901210,10,,101,2022-07-15,10,,,,,1,,,,,2022-07-15,2022-07-15
800,892483,10,0,1,,902495,10,,101,2022-06-20,12,,,,,0,,,,,2022-06-20,2022-06-20
800,892855,10,0,1,,902864,10,,101,2022-06-18,9,,,,,0,,,,,2022-06-18,2022-06-18
800,894263,10,0,1,,904275,10,,101,2022-06-11,12,,,,,1,,,,,2022-06-11,2022-06-11
800,896467,10,0,1,,906483,10,,101,2022-05-20,15,,,,,1,,,,,2022-05-20,2022-05-20
800,896505,10,0,1,,906522,10,,101,2022-08-01,17,,,,,0,,,,,2022-08-01,2022-08-01
800,897020,10,0,1,,907021,10,,101,2022-06-04,1,,,,,1,,,,,2022-06-04,2022-06-04
800,897549,10,0,1,,907551,10,,101,2022-08-09,2,,,,,1,,,,,2022-08-09,2022-08-09
800,897714,10,0,1,,907716,10,,101,2022-08-05,2,,,,,1,,,,,2022-08-05,2022-08-05
800,897791,10,0,1,,907802,10,,101,2022-05-14,11,,,,,0,,,,,2022-05-14,2022-05-14
800,897882,10,0,1,,907898,10,,101,2022-07-26,16,,,,,1,,,,,2022-07-26,2022-07-26
800,898004,10,0,1,,908012,10,,101,2022-06-05,8,,,,,0,,,,,2022-06-05,2022-06-05
800,898638,10,0,1,,908656,10,,101,2022-04-24,17,,,,,0,,,,,2022-04-24,2022-04-24
800,900187,10,0,1,,910205,10,,101,2022-06-13,15,,,,,1,,,,,2022-06-13,2022-06-13
800,902191,10,0,1,,912207,10,,101,2022-08-09,16,,,,,0,,,,,2022-08-09,2022-08-09
800,902341,10,0,1,,912358,10,,101,2022-08-28,17,,,,,1,,,,,2022-08-28,2022-08-28
800,902978,10,0,1,,912981,10,,101,2022-02-23,3,,,,,1,,,,,2022-02-23,2022-02-23
800,903267,10,0,1,,913274,10,,101,2022-06-05,7,,,,,1,,,,,2022-06-05,2022-06-05
800,903674,10,0,1,,913680,10,,101,2022-05-12,6,,,,,0,,,,,2022-05-12,2022-05-12
800,903893,10,0,1,,913907,10,,101,2022-07-22,12,,,,,1,,,,,2022-07-22,2022-07-22
800,904008,10,0,1,,914027,10,,101,2022-08-26,16,,,,,1,,,,,2022-08-26,2022-08-26
800,904152,10,0,1,,914169,10,,101,2022-07-05,18,,,,,0,,,,,2022-07-05,2022-07-05
800,905312,10,0,1,,915330,10,,101,2022-09-25,17,,,,,0,,,,,2022-09-25,2022-09-25
800,906353,10,0,1,,916363,10,,101,2022-09-26,10,,,,,0,,,,,2022-09-26,2022-09-26
800,906554,10,0,1,,916559,10,,101,2022-06-09,5,,,,,1,,,,,2022-06-09,2022-06-09
800,907115,10,0,1,,917116,10,,101,2022-06-10,1,,,,,1,,,,,2022-06-10,2022-06-10
800,907628,10,0,1,,917629,10,,101,2022-07-05,1,,,,,1,,,,,2022-07-05,2022-07-05
800,907831,10,0,1,,917848,10,,101,2022-07-24,16,,,,,1,,,,,2022-07-24,2022-07-24
800,907890,10,0,1,,917903,10,,101,2022-05-07,13,,,,,1,,,,,2022-05-07,2022-05-07
800,908887,10,0,1,,918891,10,,101,2022-09-23,4,,,,,1,,,,,2022-09-23,2022-09-23
800,909710,10,0,1,,919717,10,,101,2022-06-18,8,,,,,0,,,,,2022-06-18,2022-06-18
800,912129,10,0,1,,922143,10,,101,2022-10-31,14,,,,,1,,,,,2022-10-31,2022-10-31
800,912855,10,0,1,,922859,10,,101,2022-05-16,4,,,,,1,,,,,2022-05-16,2022-05-16
800,913052,10,0,1,,923059,10,,101,2022-08-24,7,,,,,1,,,,,2022-08-24,2022-08-24
800,914427,10,0,1,,924445,10,,101,2022-09-18,19,,,,,0,,,,,2022-09-18,2022-09-18
800,914731,10,0,1,,924735,10,,101,2022-08-09,4,,,,,1,,,,,2022-08-09,2022-08-09
800,916428,10,0,1,,926432,10,,101,2022-07-29,4,,,,,1,,,,,2022-07-29,2022-07-29
800,919474,10,0,1,,929477,10,,101,2022-10-25,3,,,,,1,,,,,2022-10-25,2022-10-25
800,920557,10,0,1,,930563,10,,101,2022-06-15,7,,,,,0,,,,,2022-06-15,2022-06-15
800,921190,10,0,1,,931208,10,,101,2022-06-07,18,,,,,0,,,,,2022-06-07,2022-06-07
800,921477,10,0,1,,931491,10,,101,2022-03-20,14,,,,,1,,,,,2022-03-20,2022-03-20
800,923198,10,0,1,,933201,10,,101,2022-06-30,3,,,,,1,,,,,2022-06-30,2022-06-30
800,923778,10,0,1,,933788,10,,101,2022-08-19,10,,,,,0,,,,,2022-08-19,2022-08-19
800,923898,10,0,1,,933911,10,,101,2022-05-01,14,,,,,0,,,,,2022-05-01,2022-05-01
800,928384,10,0,1,,938387,10,,101,2022-03-21,3,,,,,1,,,,,2022-03-21,2022-03-21
800,929508,10,0,1,,939522,10,,101,2022-05-25,14,,,,,1,,,,,2022-05-25,2022-05-25
800,929832,10,0,1,,939838,10,,101,2022-09-23,7,,,,,0,,,,,2022-09-23,2022-09-23
800,929855,10,0,1,,939868,10,,101,2022-09-07,12,,,,,1,,,,,2022-09-07,2022-09-07
800,931559,10,0,1,,941575,10,,101,2022-03-28,16,,,,,0,,,,,2022-03-28,2022-03-28
800,931719,10,0,1,,941733,10,,101,2022-05-06,12,,,,,1,,,,,2022-05-06,2022-05-06
800,931877,10,0,1,,941880,10,,101,2022-06-08,3,,,,,1,,,,,2022-06-08,2022-06-08
800,932814,10,0,1,,942823,10,,101,2022-07-27,8,,,,,1,,,,,2022-07-27,2022-07-27
800,932875,10,0,1,,942882,10,,101,2022-07-28,8,,,,,0,,,,,2022-07-28,2022-07-28
800,933133,10,0,1,,943134,10,,101,2022-04-21,1,,,,,1,,,,,2022-04-21,2022-04-21
800,934803,10,0,1,,944822,10,,101,2022-08-20,18,,,,,1,,,,,2022-08-20,2022-08-20
800,934840,10,0,1,,944849,10,,101,2022-08-21,10,,,,,0,,,,,2022-08-21,2022-08-21
800,934869,10,0,1,,944884,10,,101,2022-05-23,13,,,,,1,,,,,2022-05-23,2022-05-23
800,935930,10,0,1,,945942,10,,101,2022-08-29,13,,,,,0,,,,,2022-08-29,2022-08-29
800,935986,10,0,1,,946003,10,,101,2022-08-28,17,,,,,0,,,,,2022-08-28,2022-08-28
800,936729,10,0,1,,946739,10,,101,2022-07-06,10,,,,,0,,,,,2022-07-06,2022-07-06
800,937515,10,0,1,,947529,10,,101,2022-05-27,14,,,,,0,,,,,2022-05-27,2022-05-27
800,938365,10,0,1,,948379,10,,101,2022-07-04,13,,,,,0,,,,,2022-07-04,2022-07-04
800,938473,10,0,1,,948490,10,,101,2022-06-30,16,,,,,0,,,,,2022-06-30,2022-06-30
800,939143,10,0,1,,949150,10,,101,2022-04-15,7,,,,,1,,,,,2022-04-15,2022-04-15
800,939898,10,0,1,,949905,10,,101,2022-08-27,7,,,,,1,,,,,2022-08-27,2022-08-27
800,940193,10,0,1,,950206,10,,101,2022-08-16,12,,,,,1,,,,,2022-08-16,2022-08-16
800,940921,10,0,1,,950940,10,,101,2022-09-08,19,,,,,0,,,,,2022-09-08,2022-09-08
800,941385,10,0,1,,951388,10,,101,2022-07-26,3,,,,,1,,,,,2022-07-26,2022-07-26
800,941463,10,0,1,,951476,10,,101,2022-04-21,12,,,,,1,,,,,2022-04-21,2022-04-21
800,942268,10,0,1,,952274,10,,101,2022-05-17,6,,,,,1,,,,,2022-05-17,2022-05-17
800,942906,10,0,1,,952911,10,,101,2022-09-30,5,,,,,1,,,,,2022-09-30,2022-09-30
800,943780,10,0,1,,953784,10,,101,2022-07-30,4,,,,,1,,,,,2022-07-30,2022-07-30
800,944134,10,0,1,,954146,10,,101,2022-06-03,13,,,,,0,,,,,2022-06-03,2022-06-03
800,945087,10,0,1,,955096,10,,101,2022-05-12,8,,,,,1,,,,,2022-05-12,2022-05-12
800,945370,10,0,1,,955385,10,,101,2022-07-01,15,,,,,1,,,,,2022-07-01,2022-07-01
800,946656,10,0,1,,956661,10,,101,2022-05-15,5,,,,,1,,,,,2022-05-15,2022-05-15
800,948146,10,0,1,,958153,10,,101,2022-08-11,6,,,,,1,,,,,2022-08-11,2022-08-11
800,949342,10,0,1,,959352,10,,101,2022-07-29,10,,,,,1,,,,,2022-07-29,2022-07-29
800,950601,10,0,1,,960606,10,,101,2022-09-19,5,,,,,1,,,,,2022-09-19,2022-09-19
800,950709,10,0,1,,960718,10,,101,2022-03-21,8,,,,,1,,,,,2022-03-21,2022-03-21
800,955884,10,0,1,,965891,10,,101,2022-07-24,7,,,,,0,,,,,2022-07-24,2022-07-24
800,956149,10,0,1,,966162,10,,101,2022-03-23,12,,,,,1,,,,,2022-03-23,2022-03-23
800,957208,10,0,1,,967217,10,,101,2022-03-23,11,,,,,0,,,,,2022-03-23,2022-03-23
800,957209,10,0,1,,967209,10,,101,2022-04-19,1,,,,,1,,,,,2022-04-19,2022-04-19
800,957504,10,0,1,,967514,10,,101,2022-08-20,9,,,,,1,,,,,2022-08-20,2022-08-20
800,957535,10,0,1,,967547,10,,101,2022-06-26,11,,,,,1,,,,,2022-06-26,2022-06-26
800,958918,10,0,1,,968921,10,,101,2022-09-23,3,,,,,1,,,,,2022-09-23,2022-09-23
800,959727,10,0,1,,969743,10,,101,2022-05-17,19,,,,,0,,,,,2022-05-17,2022-05-17
800,964234,10,0,1,,974242,10,,101,2022-07-16,9,,,,,0,,,,,2022-07-16,2022-07-16
800,964985,10,0,1,,975001,10,,101,2022-04-26,14,,,,,1,,,,,2022-04-26,2022-04-26
800,964999,10,0,1,,975017,10,,101,2022-09-13,19,,,,,0,,,,,2022-09-13,2022-09-13
800,965047,10,0,1,,975053,10,,101,2022-06-19,6,,,,,1,,,,,2022-06-19,2022-06-19
800,965616,10,0,1,,975629,10,,101,2022-04-22,13,,,,,1,,,,,2022-04-22,2022-04-22
800,965830,10,0,1,,975839,10,,101,2022-08-01,8,,,,,1,,,,,2022-08-01,2022-08-01
800,966134,10,0,1,,976147,10,,101,2022-05-01,14,,,,,0,,,,,2022-05-01,2022-05-01
800,966680,10,0,1,,976685,10,,101,2022-04-07,5,,,,,1,,,,,2022-04-07,2022-04-07
800,968974,10,0,1,,978984,10,,101,2022-07-06,9,,,,,1,,,,,2022-07-06,2022-07-06
800,969081,10,0,1,,979100,10,,101,2022-10-06,16,,,,,1,,,,,2022-10-06,2022-10-06
800,969567,10,0,1,,979568,10,,101,2022-06-16,1,,,,,1,,,,,2022-06-16,2022-06-16
800,969776,10,0,1,,979782,10,,101,2022-06-06,7,,,,,0,,,,,2022-06-06,2022-06-06
800,970429,10,0,1,,980444,10,,101,2022-03-28,14,,,,,0,,,,,2022-03-28,2022-03-28
800,970823,10,0,1,,980840,10,,101,2022-06-13,17,,,,,1,,,,,2022-06-13,2022-06-13
800,972058,10,0,1,,982073,10,,101,2022-08-22,16,,,,,0,,,,,2022-08-22,2022-08-22
800,972166,10,0,1,,982173,10,,101,2022-07-12,7,,,,,1,,,,,2022-07-12,2022-07-12
800,973032,10,0,1,,983038,10,,101,2022-04-18,6,,,,,1,,,,,2022-04-18,2022-04-18
800,974991,10,0,1,,984995,10,,101,2022-08-31,4,,,,,1,,,,,2022-08-31,2022-08-31
800,976659,10,0,1,,986660,10,,101,2022-04-18,1,,,,,1,,,,,2022-04-18,2022-04-18
800,977831,10,0,1,,987840,10,,101,2022-08-24,10,,,,,0,,,,,2022-08-24,2022-08-24
800,978065,10,0,1,,988084,10,,101,2022-08-24,20,,,,,0,,,,,2022-08-24,2022-08-24
800,978198,10,0,1,,988208,10,,101,2022-08-12,10,,,,,0,,,,,2022-08-12,2022-08-12
800,978458,10,0,1,,988471,10,,101,2022-04-19,12,,,,,0,,,,,2022-04-19,2022-04-19
800,979245,10,0,1,,989259,10,,101,2022-08-06,16,,,,,0,,,,,2022-08-06,2022-08-06
800,980462,10,0,1,,990472,10,,101,2022-06-01,10,,,,,1,,,,,2022-06-01,2022-06-01
800,980847,10,0,1,,990864,10,,101,2022-09-01,14,,,,,1,,,,,2022-09-01,2022-09-01
800,982158,10,0,1,,992171,10,,101,2022-04-27,13,,,,,0,,,,,2022-04-27,2022-04-27
800,983069,10,0,1,,993080,10,,101,2022-10-02,10,,,,,0,,,,,2022-10-02,2022-10-02
800,984900,10,0,1,,994908,10,,101,2022-08-02,8,,,,,1,,,,,2022-08-02,2022-08-02
800,985893,10,0,1,,995903,10,,101,2022-04-30,10,,,,,0,,,,,2022-04-30,2022-04-30
800,987048,10,0,1,,997068,10,,101,2022-05-15,20,,,,,1,,,,,2022-05-15,2022-05-15
800,988716,10,0,1,,998729,10,,101,2022-04-15,12,,,,,1,,,,,2022-04-15,2022-04-15
800,989349,10,0,1,,999368,10,,101,2022-06-29,16,,,,,1,,,,,2022-06-29,2022-06-29
800,990270,10,0,1,,1000278,10,,101,2022-07-08,9,,,,,0,,,,,2022-07-08,2022-07-08
800,990361,10,0,1,,1000364,10,,101,2022-09-16,3,,,,,1,,,,,2022-09-16,2022-09-16
800,990961,10,0,1,,1000964,10,,101,2022-04-13,3,,,,,1,,,,,2022-04-13,2022-04-13
800,993233,10,0,1,,1003234,10,,101,2022-10-21,1,,,,,1,,,,,2022-10-21,2022-10-21
800,993954,10,0,1,,1003959,10,,101,2022-04-18,5,,,,,1,,,,,2022-04-18,2022-04-18
800,994253,10,0,1,,1004256,10,,101,2022-07-18,3,,,,,1,,,,,2022-07-18,2022-07-18
800,995932,10,0,1,,1005945,10,,101,2022-04-26,14,,,,,0,,,,,2022-04-26,2022-04-26
800,996301,10,0,1,,1006317,10,,101,2022-05-24,18,,,,,0,,,,,2022-05-24,2022-05-24
800,997566,10,0,1,,1007577,10,,101,2022-04-08,13,,,,,0,,,,,2022-04-08,2022-04-08
800,998290,10,0,1,,1008300,10,,101,2022-05-27,10,,,,,1,,,,,2022-05-27,2022-05-27
800,998756,10,0,1,,1008767,10,,101,2022-04-02,13,,,,,0,,,,,2022-04-02,2022-04-02
800,999897,10,0,1,,1009900,10,,101,2022-08-16,3,,,,,1,,,,,2022-08-16,2022-08-16
