MANDT,EBELN,EBELP,LOEKZ,MATNR,EMATN,WERKS,MATKL,KTMNG,MENGE,MEINS,BPRME,NETPR,PEINH,NETWR,BRTWR,UEBTO,UEBTK,UNTTO,ELIKZ,WEPOS,WEUNB,BSTYP,PLIFZ,BSTAE
800,102036,10,,1385,,3000,5,,16,EA,EA,384,1,6144,6144,,,,,,,,,
800,102619,10,,7458,,3020,3,,16,EA,EA,405,1,6480,6480,,,,,,,,,
800,103486,10,,6347,,4000,3,,17,EA,EA,265,1,4505,4505,,,,,,,,,
800,103695,10,,6347,,4000,3,,1,EA,EA,274,1,274,274,,,,,,,,,
800,104620,10,,1385,,3000,5,,18,EA,EA,296,1,5328,5328,,,,,,,,,
800,104761,10,,7458,,4000,3,,20,EA,EA,387,1,7740,7740,,,,,,,,,
800,106367,10,,7458,,4000,3,,5,EA,EA,412,1,2060,2060,,,,,,,,,
800,106456,10,,8961,,3000,10,,10,EA,EA,294,1,2940,2940,,,,,,,,,
800,107109,10,,8961,,3020,10,,6,EA,EA,331,1,1986,1986,,,,,,,,,
800,107751,10,,4782,,4010,10,,9,EA,EA,971,1,8739,8739,,,,,,,,,
800,107769,10,,5901,,4000,10,,7,EA,EA,167,1,1169,1169,,,,,,,,,
800,107839,10,,1385,,4000,5,,14,EA,EA,304,1,4256,4256,,,,,,,,,
800,108111,10,,1385,,3020,5,,17,EA,EA,368,1,6256,6256,,,,,,,,,
800,108256,10,,1385,,4010,5,,12,EA,EA,352,1,4224,4224,,,,,,,,,
800,108488,10,,7458,,4000,3,,13,EA,EA,430,1,5590,5590,,,,,,,,,
800,110590,10,,1385,,4010,5,,13,EA,EA,352,1,4576,4576,,,,,,,,,
800,112597,10,,4782,,3020,10,,12,EA,EA,1120,1,13440,13440,,,,,,,,,
800,112823,10,,1385,,3020,5,,20,EA,EA,365,1,7300,7300,,,,,,,,,
800,113096,10,,1385,,3020,5,,16,EA,EA,370,1,5920,5920,,,,,,,,,
800,113599,10,,7458,,4000,3,,15,EA,EA,357,1,5355,5355,,,,,,,,,
800,114594,10,,6347,,3020,3,,14,EA,EA,316,1,4424,4424,,,,,,,,,
800,114613,10,,8961,,4010,10,,18,EA,EA,362,1,6516,6516,,,,,,,,,
800,114905,10,,4782,,4010,10,,3,EA,EA,805,1,2415,2415,,,,,,,,,
800,117118,10,,1385,,3020,5,,8,EA,EA,281,1,2248,2248,,,,,,,,,
800,117555,10,,6347,,3020,3,,10,EA,EA,301,1,3010,3010,,,,,,,,,
800,117786,10,,4782,,3020,10,,14,EA,EA,960,1,13440,13440,,,,,,,,,
800,117832,10,,8961,,4000,10,,18,EA,EA,398,1,7164,7164,,,,,,,,,
800,120677,10,,1385,,3020,5,,7,EA,EA,365,1,2555,2555,,,,,,,,,
800,121071,10,,5901,,4010,10,,7,EA,EA,178,1,1246,1246,,,,,,,,,
800,121370,10,,1385,,4010,5,,12,EA,EA,417,1,5004,5004,,,,,,,,,
800,122700,10,,8961,,4000,10,,16,EA,EA,332,1,5312,5312,,,,,,,,,
800,122941,10,,6347,,3000,3,,1,EA,EA,282,1,282,282,,,,,,,,,
800,124844,10,,5901,,4010,10,,2,EA,EA,168,1,336,336,,,,,,,,,
800,126069,10,,4782,,3000,10,,2,EA,EA,998,1,1996,1996,,,,,,,,,
800,126078,10,,6347,,4010,3,,1,EA,EA,263,1,263,263,,,,,,,,,
800,126859,10,,7458,,3000,3,,20,EA,EA,383,1,7660,7660,,,,,,,,,
800,130009,10,,1385,,3020,5,,1,EA,EA,316,1,316,316,,,,,,,,,
800,130247,10,,7458,,3000,3,,9,EA,EA,371,1,3339,3339,,,,,,,,,
800,131338,10,,1385,,4000,5,,19,EA,EA,333,1,6327,6327,,,,,,,,,
800,131975,10,,1385,,4000,5,,15,EA,EA,305,1,4575,4575,,,,,,,,,
800,132638,10,,6347,,4000,3,,7,EA,EA,325,1,2275,2275,,,,,,,,,
800,133412,10,,1385,,4000,5,,4,EA,EA,355,1,1420,1420,,,,,,,,,
800,133796,10,,1385,,3000,5,,18,EA,EA,407,1,7326,7326,,,,,,,,,
800,134397,10,,7458,,4000,3,,15,EA,EA,436,1,6540,6540,,,,,,,,,
800,135393,10,,5901,,3020,10,,7,EA,EA,172,1,1204,1204,,,,,,,,,
800,136826,10,,6347,,4000,3,,8,EA,EA,331,1,2648,2648,,,,,,,,,
800,137413,10,,8961,,3020,10,,4,EA,EA,288,1,1152,1152,,,,,,,,,
800,139111,10,,7458,,3020,3,,15,EA,EA,404,1,6060,6060,,,,,,,,,
800,140958,10,,8961,,4010,10,,18,EA,EA,290,1,5220,5220,,,,,,,,,
800,141351,10,,6347,,4010,3,,13,EA,EA,288,1,3744,3744,,,,,,,,,
800,143095,10,,6347,,3000,3,,2,EA,EA,335,1,670,670,,,,,,,,,
800,143168,10,,5901,,3020,10,,8,EA,EA,183,1,1464,1464,,,,,,,,,
800,145312,10,,1385,,4010,5,,10,EA,EA,289,1,2890,2890,,,,,,,,,
800,146577,10,,6347,,3020,3,,4,EA,EA,307,1,1228,1228,,,,,,,,,
800,149389,10,,1385,,4000,5,,1,EA,EA,359,1,359,359,,,,,,,,,
800,153645,10,,7458,,4000,3,,20,EA,EA,350,1,7000,7000,,,,,,,,,
800,154612,10,,1385,,3000,5,,4,EA,EA,419,1,1676,1676,,,,,,,,,
800,155175,10,,5901,,3020,10,,19,EA,EA,165,1,3135,3135,,,,,,,,,
800,155665,10,,8961,,4000,10,,6,EA,EA,382,1,2292,2292,,,,,,,,,
800,156138,10,,5901,,4010,10,,7,EA,EA,179,1,1253,1253,,,,,,,,,
800,156427,10,,1385,,4010,5,,4,EA,EA,367,1,1468,1468,,,,,,,,,
800,157519,10,,1385,,4000,5,,15,EA,EA,295,1,4425,4425,,,,,,,,,
800,157959,10,,1385,,3020,5,,7,EA,EA,401,1,2807,2807,,,,,,,,,
800,158706,10,,1385,,4010,5,,11,EA,EA,310,1,3410,3410,,,,,,,,,
800,162621,10,,4782,,4010,10,,2,EA,EA,863,1,1726,1726,,,,,,,,,
800,163358,10,,1385,,3020,5,,5,EA,EA,384,1,1920,1920,,,,,,,,,
800,165428,10,,1385,,4010,5,,16,EA,EA,407,1,6512,6512,,,,,,,,,
800,165461,10,,7458,,4010,3,,12,EA,EA,363,1,4356,4356,,,,,,,,,
800,165835,10,,8961,,3000,10,,14,EA,EA,392,1,5488,5488,,,,,,,,,
800,167170,10,,1385,,4010,5,,12,EA,EA,351,1,4212,4212,,,,,,,,,
800,167188,10,,1385,,4000,5,,17,EA,EA,417,1,7089,7089,,,,,,,,,
800,167246,10,,8961,,3000,10,,10,EA,EA,282,1,2820,2820,,,,,,,,,
800,168615,10,,6347,,4010,3,,20,EA,EA,329,1,6580,6580,,,,,,,,,
800,169488,10,,6347,,3000,3,,14,EA,EA,336,1,4704,4704,,,,,,,,,
800,170233,10,,7458,,4010,3,,18,EA,EA,354,1,6372,6372,,,,,,,,,
800,174075,10,,7458,,3020,3,,12,EA,EA,483,1,5796,5796,,,,,,,,,
800,174233,10,,7458,,3000,3,,15,EA,EA,354,1,5310,5310,,,,,,,,,
800,174510,10,,5901,,3020,10,,15,EA,EA,183,1,2745,2745,,,,,,,,,
800,175243,10,,1385,,4000,5,,9,EA,EA,396,1,3564,3564,,,,,,,,,
800,176688,10,,4782,,4010,10,,20,EA,EA,1104,1,22080,22080,,,,,,,,,
800,179596,10,,8961,,3000,10,,18,EA,EA,267,1,4806,4806,,,,,,,,,
800,179901,10,,5901,,4000,10,,8,EA,EA,187,1,1496,1496,,,,,,,,,
800,180686,10,,1385,,4000,5,,9,EA,EA,338,1,3042,3042,,,,,,,,,
800,181331,10,,7458,,4000,3,,15,EA,EA,365,1,5475,5475,,,,,,,,,
800,181420,10,,7458,,3000,3,,19,EA,EA,426,1,8094,8094,,,,,,,,,
800,181859,10,,1385,,3020,5,,10,EA,EA,298,1,2980,2980,,,,,,,,,
800,181979,10,,7458,,4000,3,,8,EA,EA,352,1,2816,2816,,,,,,,,,
800,182534,10,,1385,,4010,5,,14,EA,EA,306,1,4284,4284,,,,,,,,,
800,183611,10,,6347,,4000,3,,10,EA,EA,256,1,2560,2560,,,,,,,,,
800,185351,10,,8961,,4010,10,,4,EA,EA,394,1,1576,1576,,,,,,,,,
800,185979,10,,8961,,3000,10,,6,EA,EA,274,1,1644,1644,,,,,,,,,
800,186808,10,,8961,,4000,10,,1,EA,EA,273,1,273,273,,,,,,,,,
800,187898,10,,7458,,4000,3,,14,EA,EA,446,1,6244,6244,,,,,,,,,
800,188055,10,,6347,,3020,3,,2,EA,EA,320,1,640,640,,,,,,,,,
800,188343,10,,1385,,3020,5,,15,EA,EA,357,1,5355,5355,,,,,,,,,
800,188561,10,,1385,,4010,5,,18,EA,EA,374,1,6732,6732,,,,,,,,,
800,188964,10,,1385,,3000,5,,15,EA,EA,344,1,5160,5160,,,,,,,,,
800,189829,10,,6347,,4010,3,,7,EA,EA,293,1,2051,2051,,,,,,,,,
800,190234,10,,1385,,4000,5,,4,EA,EA,318,1,1272,1272,,,,,,,,,
800,190844,10,,1385,,3000,5,,5,EA,EA,337,1,1685,1685,,,,,,,,,
800,192155,10,,4782,,4010,10,,1,EA,EA,917,1,917,917,,,,,,,,,
800,192840,10,,7458,,4000,3,,14,EA,EA,414,1,5796,5796,,,,,,,,,
800,193222,10,,5901,,4010,10,,20,EA,EA,173,1,3460,3460,,,,,,,,,
800,193928,10,,6347,,4010,3,,8,EA,EA,315,1,2520,2520,,,,,,,,,
800,194824,10,,4782,,4010,10,,17,EA,EA,1036,1,17612,17612,,,,,,,,,
800,195184,10,,1385,,4010,5,,8,EA,EA,389,1,3112,3112,,,,,,,,,
800,195786,10,,1385,,4000,5,,12,EA,EA,418,1,5016,5016,,,,,,,,,
800,197020,10,,1385,,3000,5,,1,EA,EA,379,1,379,379,,,,,,,,,
800,197542,10,,1385,,4010,5,,2,EA,EA,384,1,768,768,,,,,,,,,
800,198260,10,,5901,,3020,10,,7,EA,EA,171,1,1197,1197,,,,,,,,,
800,198622,10,,6347,,3000,3,,15,EA,EA,279,1,4185,4185,,,,,,,,,
800,198965,10,,8961,,3000,10,,14,EA,EA,279,1,3906,3906,,,,,,,,,
800,199390,10,,1385,,4000,5,,10,EA,EA,412,1,4120,4120,,,,,,,,,
800,199915,10,,4782,,4010,10,,6,EA,EA,1038,1,6228,6228,,,,,,,,,
800,201824,10,,5901,,4000,10,,16,EA,EA,171,1,2736,2736,,,,,,,,,
800,202251,10,,6347,,4010,3,,1,EA,EA,289,1,289,289,,,,,,,,,
800,202626,10,,7458,,3020,3,,6,EA,EA,415,1,2490,2490,,,,,,,,,
800,203318,10,,5901,,4010,10,,15,EA,EA,161,1,2415,2415,,,,,,,,,
800,205449,10,,8961,,4000,10,,13,EA,EA,364,1,4732,4732,,,,,,,,,
800,205568,10,,6347,,4010,3,,17,EA,EA,273,1,4641,4641,,,,,,,,,
800,207548,10,,7458,,3000,3,,16,EA,EA,452,1,7232,7232,,,,,,,,,
800,208333,10,,5901,,4000,10,,20,EA,EA,178,1,3560,3560,,,,,,,,,
800,209937,10,,1385,,3000,5,,16,EA,EA,366,1,5856,5856,,,,,,,,,
800,212134,10,,8961,,4010,10,,3,EA,EA,308,1,924,924,,,,,,,,,
800,212277,10,,8961,,3020,10,,20,EA,EA,252,1,5040,5040,,,,,,,,,
800,212694,10,,4782,,3000,10,,8,EA,EA,1027,1,8216,8216,,,,,,,,,
800,213374,10,,4782,,4010,10,,19,EA,EA,1161,1,22059,22059,,,,,,,,,
800,213552,10,,4782,,4000,10,,10,EA,EA,1062,1,10620,10620,,,,,,,,,
800,214823,10,,7458,,4010,3,,4,EA,EA,383,1,1532,1532,,,,,,,,,
800,215190,10,,6347,,3000,3,,5,EA,EA,271,1,1355,1355,,,,,,,,,
800,215813,10,,1385,,3000,5,,4,EA,EA,291,1,1164,1164,,,,,,,,,
800,215932,10,,5901,,3020,10,,13,EA,EA,178,1,2314,2314,,,,,,,,,
800,217215,10,,8961,,3020,10,,17,EA,EA,365,1,6205,6205,,,,,,,,,
800,217669,10,,1385,,3020,5,,12,EA,EA,390,1,4680,4680,,,,,,,,,
800,218700,10,,1385,,4010,5,,6,EA,EA,318,1,1908,1908,,,,,,,,,
800,219106,10,,1385,,3020,5,,8,EA,EA,319,1,2552,2552,,,,,,,,,
800,220320,10,,8961,,4010,10,,18,EA,EA,328,1,5904,5904,,,,,,,,,
800,221949,10,,8961,,4000,10,,5,EA,EA,293,1,1465,1465,,,,,,,,,
800,222379,10,,1385,,4010,5,,8,EA,EA,283,1,2264,2264,,,,,,,,,
800,224624,10,,1385,,4010,5,,17,EA,EA,382,1,6494,6494,,,,,,,,,
800,224987,10,,7458,,4010,3,,13,EA,EA,477,1,6201,6201,,,,,,,,,
800,225799,10,,8961,,4000,10,,3,EA,EA,385,1,1155,1155,,,,,,,,,
800,226190,10,,1385,,3000,5,,9,EA,EA,397,1,3573,3573,,,,,,,,,
800,226941,10,,1385,,4010,5,,15,EA,EA,420,1,6300,6300,,,,,,,,,
800,227268,10,,8961,,4010,10,,17,EA,EA,341,1,5797,5797,,,,,,,,,
800,227556,10,,6347,,4000,3,,12,EA,EA,285,1,3420,3420,,,,,,,,,
800,227731,10,,1385,,4000,5,,16,EA,EA,408,1,6528,6528,,,,,,,,,
800,228004,10,,1385,,3000,5,,14,EA,EA,310,1,4340,4340,,,,,,,,,
800,228238,10,,6347,,4010,3,,10,EA,EA,281,1,2810,2810,,,,,,,,,
800,228368,10,,7458,,4010,3,,9,EA,EA,479,1,4311,4311,,,,,,,,,
800,229065,10,,1385,,3000,5,,19,EA,EA,351,1,6669,6669,,,,,,,,,
800,230273,10,,4782,,3000,10,,15,EA,EA,1149,1,17235,17235,,,,,,,,,
800,230695,10,,1385,,4010,5,,20,EA,EA,377,1,7540,7540,,,,,,,,,
800,231545,10,,7458,,4000,3,,2,EA,EA,498,1,996,996,,,,,,,,,
800,231625,10,,1385,,4000,5,,10,EA,EA,351,1,3510,3510,,,,,,,,,
800,232564,10,,5901,,3020,10,,8,EA,EA,155,1,1240,1240,,,,,,,,,
800,233514,10,,1385,,4000,5,,18,EA,EA,410,1,7380,7380,,,,,,,,,
800,233961,10,,1385,,4010,5,,15,EA,EA,411,1,6165,6165,,,,,,,,,
800,234956,10,,8961,,4000,10,,13,EA,EA,290,1,3770,3770,,,,,,,,,
800,235973,10,,1385,,3020,5,,13,EA,EA,311,1,4043,4043,,,,,,,,,
800,236436,10,,1385,,4010,5,,15,EA,EA,280,1,4200,4200,,,,,,,,,
800,237859,10,,1385,,4010,5,,4,EA,EA,373,1,1492,1492,,,,,,,,,
800,240381,10,,1385,,4010,5,,20,EA,EA,410,1,8200,8200,,,,,,,,,
800,240637,10,,8961,,3000,10,,1,EA,EA,305,1,305,305,,,,,,,,,
800,241476,10,,4782,,3020,10,,3,EA,EA,1192,1,3576,3576,,,,,,,,,
800,242341,10,,7458,,3020,3,,14,EA,EA,358,1,5012,5012,,,,,,,,,
800,242959,10,,6347,,3020,3,,3,EA,EA,300,1,900,900,,,,,,,,,
800,243850,10,,6347,,3000,3,,14,EA,EA,261,1,3654,3654,,,,,,,,,
800,244152,10,,1385,,3020,5,,2,EA,EA,294,1,588,588,,,,,,,,,
800,246300,10,,1385,,4010,5,,19,EA,EA,399,1,7581,7581,,,,,,,,,
800,246818,10,,4782,,3000,10,,6,EA,EA,906,1,5436,5436,,,,,,,,,
800,247172,10,,1385,,4010,5,,9,EA,EA,397,1,3573,3573,,,,,,,,,
800,247192,10,,1385,,4000,5,,4,EA,EA,309,1,1236,1236,,,,,,,,,
800,248264,10,,7458,,4000,3,,6,EA,EA,440,1,2640,2640,,,,,,,,,
800,248410,10,,6347,,3000,3,,11,EA,EA,270,1,2970,2970,,,,,,,,,
800,249930,10,,1385,,4010,5,,13,EA,EA,309,1,4017,4017,,,,,,,,,
800,251921,10,,1385,,3020,5,,18,EA,EA,410,1,7380,7380,,,,,,,,,
800,252243,10,,7458,,3000,3,,10,EA,EA,443,1,4430,4430,,,,,,,,,
800,252914,10,,4782,,4000,10,,3,EA,EA,1073,1,3219,3219,,,,,,,,,
800,252947,10,,8961,,4010,10,,15,EA,EA,251,1,3765,3765,,,,,,,,,
800,253442,10,,7458,,4000,3,,17,EA,EA,355,1,6035,6035,,,,,,,,,
800,255417,10,,1385,,4010,5,,3,EA,EA,308,1,924,924,,,,,,,,,
800,257521,10,,6347,,4010,3,,1,EA,EA,255,1,255,255,,,,,,,,,
800,257754,10,,5901,,4000,10,,15,EA,EA,197,1,2955,2955,,,,,,,,,
800,259840,10,,7458,,3000,3,,18,EA,EA,372,1,6696,6696,,,,,,,,,
800,260020,10,,8961,,4000,10,,18,EA,EA,256,1,4608,4608,,,,,,,,,
800,261276,10,,5901,,3020,10,,8,EA,EA,166,1,1328,1328,,,,,,,,,
800,262229,10,,8961,,3020,10,,14,EA,EA,298,1,4172,4172,,,,,,,,,
800,263346,10,,5901,,3020,10,,10,EA,EA,155,1,1550,1550,,,,,,,,,
800,264432,10,,6347,,4000,3,,2,EA,EA,269,1,538,538,,,,,,,,,
800,265598,10,,5901,,3000,10,,17,EA,EA,199,1,3383,3383,,,,,,,,,
800,268466,10,,7458,,4010,3,,18,EA,EA,483,1,8694,8694,,,,,,,,,
800,268810,10,,1385,,4000,5,,17,EA,EA,417,1,7089,7089,,,,,,,,,
800,269964,10,,4782,,4010,10,,20,EA,EA,1054,1,21080,21080,,,,,,,,,
800,270186,10,,1385,,3020,5,,13,EA,EA,356,1,4628,4628,,,,,,,,,
800,272906,10,,5901,,3020,10,,9,EA,EA,191,1,1719,1719,,,,,,,,,
800,273214,10,,1385,,4000,5,,5,EA,EA,414,1,2070,2070,,,,,,,,,
800,274052,10,,7458,,4010,3,,9,EA,EA,428,1,3852,3852,,,,,,,,,
800,274195,10,,7458,,3000,3,,10,EA,EA,379,1,3790,3790,,,,,,,,,
800,275648,10,,1385,,4000,5,,7,EA,EA,296,1,2072,2072,,,,,,,,,
800,277275,10,,1385,,4000,5,,19,EA,EA,319,1,6061,6061,,,,,,,,,
800,279993,10,,1385,,3020,5,,20,EA,EA,360,1,7200,7200,,,,,,,,,
800,280748,10,,5901,,4000,10,,4,EA,EA,154,1,616,616,,,,,,,,,
800,281238,10,,1385,,4000,5,,18,EA,EA,305,1,5490,5490,,,,,,,,,
800,281469,10,,1385,,3020,5,,12,EA,EA,387,1,4644,4644,,,,,,,,,
800,282281,10,,1385,,4010,5,,16,EA,EA,365,1,5840,5840,,,,,,,,,
800,282343,10,,1385,,4010,5,,17,EA,EA,358,1,6086,6086,,,,,,,,,
800,283908,10,,8961,,4010,10,,12,EA,EA,324,1,3888,3888,,,,,,,,,
800,284576,10,,1385,,3000,5,,16,EA,EA,397,1,6352,6352,,,,,,,,,
800,285027,10,,1385,,4000,5,,11,EA,EA,288,1,3168,3168,,,,,,,,,
800,285243,10,,1385,,3000,5,,18,EA,EA,337,1,6066,6066,,,,,,,,,
800,285409,10,,8961,,3000,10,,13,EA,EA,294,1,3822,3822,,,,,,,,,
800,288215,10,,7458,,4010,3,,14,EA,EA,454,1,6356,6356,,,,,,,,,
800,289113,10,,1385,,3020,5,,20,EA,EA,362,1,7240,7240,,,,,,,,,
800,289765,10,,1385,,3000,5,,8,EA,EA,326,1,2608,2608,,,,,,,,,
800,289854,10,,1385,,3000,5,,6,EA,EA,401,1,2406,2406,,,,,,,,,
800,291903,10,,4782,,3020,10,,13,EA,EA,989,1,12857,12857,,,,,,,,,
800,292703,10,,1385,,3000,5,,5,EA,EA,323,1,1615,1615,,,,,,,,,
800,294423,10,,1385,,4000,5,,17,EA,EA,350,1,5950,5950,,,,,,,,,
800,294730,10,,7458,,4010,3,,20,EA,EA,413,1,8260,8260,,,,,,,,,
800,295508,10,,5901,,3020,10,,19,EA,EA,176,1,3344,3344,,,,,,,,,
800,295665,10,,5901,,3000,10,,9,EA,EA,173,1,1557,1557,,,,,,,,,
800,296174,10,,6347,,4000,3,,8,EA,EA,258,1,2064,2064,,,,,,,,,
800,296908,10,,4782,,4010,10,,5,EA,EA,862,1,4310,4310,,,,,,,,,
800,297164,10,,6347,,3000,3,,9,EA,EA,332,1,2988,2988,,,,,,,,,
800,297329,10,,6347,,4010,3,,16,EA,EA,348,1,5568,5568,,,,,,,,,
800,297496,10,,1385,,3000,5,,15,EA,EA,322,1,4830,4830,,,,,,,,,
800,298221,10,,7458,,3000,3,,1,EA,EA,446,1,446,446,,,,,,,,,
800,299491,10,,1385,,3000,5,,2,EA,EA,289,1,578,578,,,,,,,,,
800,300478,10,,1385,,4010,5,,7,EA,EA,354,1,2478,2478,,,,,,,,,
800,301781,10,,8961,,3020,10,,17,EA,EA,374,1,6358,6358,,,,,,,,,
800,301900,10,,1385,,4000,5,,15,EA,EA,418,1,6270,6270,,,,,,,,,
800,302293,10,,1385,,4000,5,,14,EA,EA,348,1,4872,4872,,,,,,,,,
800,303501,10,,1385,,3020,5,,13,EA,EA,413,1,5369,5369,,,,,,,,,
800,304240,10,,1385,,4010,5,,2,EA,EA,315,1,630,630,,,,,,,,,
800,304504,10,,1385,,4000,5,,14,EA,EA,312,1,4368,4368,,,,,,,,,
800,305318,10,,1385,,4010,5,,7,EA,EA,314,1,2198,2198,,,,,,,,,
800,305737,10,,1385,,3000,5,,2,EA,EA,293,1,586,586,,,,,,,,,
800,306377,10,,4782,,4000,10,,2,EA,EA,1025,1,2050,2050,,,,,,,,,
800,306902,10,,1385,,4000,5,,3,EA,EA,408,1,1224,1224,,,,,,,,,
800,306903,10,,4782,,4000,10,,15,EA,EA,1149,1,17235,17235,,,,,,,,,
800,307168,10,,7458,,3020,3,,6,EA,EA,374,1,2244,2244,,,,,,,,,
800,307524,10,,8961,,3000,10,,12,EA,EA,302,1,3624,3624,,,,,,,,,
800,307832,10,,8961,,3020,10,,15,EA,EA,363,1,5445,5445,,,,,,,,,
800,307885,10,,5901,,4010,10,,15,EA,EA,189,1,2835,2835,,,,,,,,,
800,308554,10,,5901,,3000,10,,3,EA,EA,165,1,495,495,,,,,,,,,
800,311536,10,,8961,,3020,10,,14,EA,EA,335,1,4690,4690,,,,,,,,,
800,311906,10,,7458,,4010,3,,10,EA,EA,449,1,4490,4490,,,,,,,,,
800,312478,10,,1385,,3020,5,,12,EA,EA,357,1,4284,4284,,,,,,,,,
800,312566,10,,1385,,3000,5,,17,EA,EA,352,1,5984,5984,,,,,,,,,
800,313443,10,,7458,,4010,3,,10,EA,EA,382,1,3820,3820,,,,,,,,,
800,315544,10,,8961,,4000,10,,20,EA,EA,282,1,5640,5640,,,,,,,,,
800,316733,10,,5901,,4010,10,,11,EA,EA,160,1,1760,1760,,,,,,,,,
800,317920,10,,1385,,4010,5,,6,EA,EA,395,1,2370,2370,,,,,,,,,
800,317938,10,,5901,,3020,10,,15,EA,EA,198,1,2970,2970,,,,,,,,,
800,318012,10,,1385,,3000,5,,16,EA,EA,391,1,6256,6256,,,,,,,,,
800,318132,10,,1385,,3020,5,,5,EA,EA,291,1,1455,1455,,,,,,,,,
800,318312,10,,5901,,3020,10,,19,EA,EA,190,1,3610,3610,,,,,,,,,
800,320435,10,,4782,,4000,10,,7,EA,EA,1020,1,7140,7140,,,,,,,,,
800,320474,10,,1385,,3020,5,,16,EA,EA,283,1,4528,4528,,,,,,,,,
800,320903,10,,5901,,4010,10,,9,EA,EA,180,1,1620,1620,,,,,,,,,
800,320945,10,,5901,,3020,10,,5,EA,EA,185,1,925,925,,,,,,,,,
800,321295,10,,1385,,3000,5,,16,EA,EA,311,1,4976,4976,,,,,,,,,
800,321606,10,,1385,,3000,5,,13,EA,EA,288,1,3744,3744,,,,,,,,,
800,322109,10,,1385,,4000,5,,16,EA,EA,310,1,4960,4960,,,,,,,,,
800,323063,10,,7458,,3000,3,,12,EA,EA,453,1,5436,5436,,,,,,,,,
800,323168,10,,6347,,4010,3,,6,EA,EA,307,1,1842,1842,,,,,,,,,
800,324715,10,,1385,,3000,5,,19,EA,EA,331,1,6289,6289,,,,,,,,,
800,327302,10,,7458,,3020,3,,12,EA,EA,364,1,4368,4368,,,,,,,,,
800,331511,10,,1385,,4010,5,,2,EA,EA,311,1,622,622,,,,,,,,,
800,333562,10,,4782,,3020,10,,2,EA,EA,1050,1,2100,2100,,,,,,,,,
800,334833,10,,8961,,3000,10,,12,EA,EA,357,1,4284,4284,,,,,,,,,
800,335769,10,,1385,,3020,5,,17,EA,EA,315,1,5355,5355,,,,,,,,,
800,336269,10,,8961,,3000,10,,15,EA,EA,356,1,5340,5340,,,,,,,,,
800,337525,10,,4782,,4010,10,,7,EA,EA,1073,1,7511,7511,,,,,,,,,
800,337948,10,,1385,,3020,5,,18,EA,EA,399,1,7182,7182,,,,,,,,,
800,342785,10,,5901,,3000,10,,5,EA,EA,157,1,785,785,,,,,,,,,
800,345540,10,,4782,,3020,10,,8,EA,EA,1045,1,8360,8360,,,,,,,,,
800,346990,10,,1385,,3000,5,,18,EA,EA,400,1,7200,7200,,,,,,,,,
800,347160,10,,4782,,3000,10,,11,EA,EA,1025,1,11275,11275,,,,,,,,,
800,348616,10,,1385,,4010,5,,1,EA,EA,320,1,320,320,,,,,,,,,
800,348916,10,,6347,,3000,3,,13,EA,EA,337,1,4381,4381,,,,,,,,,
800,349016,10,,1385,,3000,5,,19,EA,EA,404,1,7676,7676,,,,,,,,,
800,349770,10,,1385,,3020,5,,1,EA,EA,295,1,295,295,,,,,,,,,
800,349784,10,,8961,,3000,10,,8,EA,EA,338,1,2704,2704,,,,,,,,,
800,351008,10,,8961,,3000,10,,16,EA,EA,353,1,5648,5648,,,,,,,,,
800,352329,10,,1385,,3020,5,,13,EA,EA,414,1,5382,5382,,,,,,,,,
800,352446,10,,6347,,3020,3,,18,EA,EA,350,1,6300,6300,,,,,,,,,
800,353754,10,,5901,,3020,10,,14,EA,EA,185,1,2590,2590,,,,,,,,,
800,354688,10,,1385,,3000,5,,1,EA,EA,320,1,320,320,,,,,,,,,
800,355523,10,,4782,,4000,10,,4,EA,EA,807,1,3228,3228,,,,,,,,,
800,357080,10,,1385,,3000,5,,14,EA,EA,408,1,5712,5712,,,,,,,,,
800,362290,10,,1385,,4010,5,,1,EA,EA,365,1,365,365,,,,,,,,,
800,362722,10,,1385,,3000,5,,16,EA,EA,378,1,6048,6048,,,,,,,,,
800,363584,10,,7458,,3000,3,,4,EA,EA,364,1,1456,1456,,,,,,,,,
800,364417,10,,1385,,3020,5,,19,EA,EA,406,1,7714,7714,,,,,,,,,
800,366909,10,,1385,,3000,5,,19,EA,EA,331,1,6289,6289,,,,,,,,,
800,367768,10,,6347,,3020,3,,16,EA,EA,311,1,4976,4976,,,,,,,,,
800,368032,10,,6347,,3020,3,,17,EA,EA,298,1,5066,5066,,,,,,,,,
800,369815,10,,8961,,4000,10,,3,EA,EA,371,1,1113,1113,,,,,,,,,
800,373398,10,,1385,,4000,5,,20,EA,EA,307,1,6140,6140,,,,,,,,,
800,373489,10,,1385,,4000,5,,14,EA,EA,323,1,4522,4522,,,,,,,,,
800,375257,10,,8961,,3020,10,,3,EA,EA,387,1,1161,1161,,,,,,,,,
800,376206,10,,7458,,3020,3,,20,EA,EA,446,1,8920,8920,,,,,,,,,
800,378036,10,,1385,,4000,5,,15,EA,EA,371,1,5565,5565,,,,,,,,,
800,378190,10,,4782,,3000,10,,13,EA,EA,1025,1,13325,13325,,,,,,,,,
800,379505,10,,5901,,3020,10,,9,EA,EA,153,1,1377,1377,,,,,,,,,
800,379762,10,,6347,,3020,3,,8,EA,EA,285,1,2280,2280,,,,,,,,,
800,381190,10,,1385,,3000,5,,18,EA,EA,282,1,5076,5076,,,,,,,,,
800,382353,10,,1385,,3000,5,,7,EA,EA,284,1,1988,1988,,,,,,,,,
800,383512,10,,6347,,3000,3,,2,EA,EA,279,1,558,558,,,,,,,,,
800,384338,10,,8961,,4000,10,,7,EA,EA,292,1,2044,2044,,,,,,,,,
800,387135,10,,7458,,4010,3,,7,EA,EA,387,1,2709,2709,,,,,,,,,
800,387187,10,,1385,,4000,5,,5,EA,EA,319,1,1595,1595,,,,,,,,,
800,389110,10,,1385,,4010,5,,9,EA,EA,325,1,2925,2925,,,,,,,,,
800,391186,10,,1385,,3000,5,,12,EA,EA,355,1,4260,4260,,,,,,,,,
800,392099,10,,6347,,3000,3,,8,EA,EA,316,1,2528,2528,,,,,,,,,
800,393079,10,,1385,,4000,5,,1,EA,EA,355,1,355,355,,,,,,,,,
800,393631,10,,1385,,3020,5,,10,EA,EA,310,1,3100,3100,,,,,,,,,
800,394796,10,,5901,,3000,10,,12,EA,EA,161,1,1932,1932,,,,,,,,,
800,397075,10,,1385,,4010,5,,9,EA,EA,305,1,2745,2745,,,,,,,,,
800,397644,10,,8961,,4010,10,,3,EA,EA,329,1,987,987,,,,,,,,,
800,398328,10,,8961,,3000,10,,16,EA,EA,352,1,5632,5632,,,,,,,,,
800,400047,10,,1385,,3020,5,,7,EA,EA,294,1,2058,2058,,,,,,,,,
800,401420,10,,1385,,3000,5,,11,EA,EA,363,1,3993,3993,,,,,,,,,
800,403373,10,,7458,,4010,3,,3,EA,EA,438,1,1314,1314,,,,,,,,,
800,403871,10,,1385,,4010,5,,14,EA,EA,343,1,4802,4802,,,,,,,,,
800,404893,10,,5901,,4010,10,,14,EA,EA,156,1,2184,2184,,,,,,,,,
800,407910,10,,4782,,4000,10,,14,EA,EA,1045,1,14630,14630,,,,,,,,,
800,408106,10,,4782,,4010,10,,6,EA,EA,1075,1,6450,6450,,,,,,,,,
800,408224,10,,7458,,3000,3,,17,EA,EA,489,1,8313,8313,,,,,,,,,
800,408462,10,,1385,,3000,5,,13,EA,EA,310,1,4030,4030,,,,,,,,,
800,408609,10,,1385,,4000,5,,3,EA,EA,342,1,1026,1026,,,,,,,,,
800,409021,10,,6347,,3000,3,,3,EA,EA,323,1,969,969,,,,,,,,,
800,410619,10,,7458,,4000,3,,15,EA,EA,496,1,7440,7440,,,,,,,,,
800,413428,10,,8961,,4010,10,,9,EA,EA,300,1,2700,2700,,,,,,,,,
800,413633,10,,1385,,3000,5,,11,EA,EA,335,1,3685,3685,,,,,,,,,
800,414366,10,,1385,,4010,5,,14,EA,EA,404,1,5656,5656,,,,,,,,,
800,414431,10,,4782,,4010,10,,11,EA,EA,1051,1,11561,11561,,,,,,,,,
800,416192,10,,1385,,3020,5,,11,EA,EA,344,1,3784,3784,,,,,,,,,
800,417086,10,,1385,,4000,5,,4,EA,EA,378,1,1512,1512,,,,,,,,,
800,417671,10,,1385,,4000,5,,9,EA,EA,348,1,3132,3132,,,,,,,,,
800,417905,10,,8961,,4010,10,,14,EA,EA,374,1,5236,5236,,,,,,,,,
800,419369,10,,6347,,3020,3,,8,EA,EA,322,1,2576,2576,,,,,,,,,
800,420141,10,,7458,,3020,3,,20,EA,EA,354,1,7080,7080,,,,,,,,,
800,420484,10,,1385,,3020,5,,5,EA,EA,416,1,2080,2080,,,,,,,,,
800,420537,10,,1385,,4000,5,,6,EA,EA,417,1,2502,2502,,,,,,,,,
800,420721,10,,1385,,4010,5,,18,EA,EA,311,1,5598,5598,,,,,,,,,
800,422702,10,,4782,,3020,10,,4,EA,EA,1157,1,4628,4628,,,,,,,,,
800,423102,10,,1385,,3000,5,,18,EA,EA,305,1,5490,5490,,,,,,,,,
800,423114,10,,1385,,3020,5,,15,EA,EA,363,1,5445,5445,,,,,,,,,
800,424161,10,,8961,,4000,10,,19,EA,EA,305,1,5795,5795,,,,,,,,,
800,425728,10,,4782,,4000,10,,16,EA,EA,998,1,15968,15968,,,,,,,,,
800,426180,10,,5901,,4010,10,,13,EA,EA,165,1,2145,2145,,,,,,,,,
800,428521,10,,1385,,4010,5,,1,EA,EA,359,1,359,359,,,,,,,,,
800,429680,10,,4782,,3000,10,,13,EA,EA,1023,1,13299,13299,,,,,,,,,
800,430062,10,,1385,,3000,5,,11,EA,EA,315,1,3465,3465,,,,,,,,,
800,430694,10,,1385,,3000,5,,12,EA,EA,393,1,4716,4716,,,,,,,,,
800,431367,10,,1385,,3020,5,,19,EA,EA,369,1,7011,7011,,,,,,,,,
800,431394,10,,7458,,4010,3,,20,EA,EA,367,1,7340,7340,,,,,,,,,
800,432970,10,,7458,,3000,3,,13,EA,EA,396,1,5148,5148,,,,,,,,,
800,433371,10,,4782,,3020,10,,6,EA,EA,1144,1,6864,6864,,,,,,,,,
800,433814,10,,1385,,4010,5,,20,EA,EA,371,1,7420,7420,,,,,,,,,
800,434281,10,,7458,,4010,3,,20,EA,EA,469,1,9380,9380,,,,,,,,,
800,435724,10,,1385,,3000,5,,14,EA,EA,376,1,5264,5264,,,,,,,,,
800,436236,10,,1385,,4010,5,,13,EA,EA,344,1,4472,4472,,,,,,,,,
800,436595,10,,1385,,3020,5,,19,EA,EA,383,1,7277,7277,,,,,,,,,
800,436995,10,,1385,,4000,5,,17,EA,EA,329,1,5593,5593,,,,,,,,,
800,437115,10,,1385,,3000,5,,17,EA,EA,363,1,6171,6171,,,,,,,,,
800,437257,10,,6347,,3000,3,,8,EA,EA,312,1,2496,2496,,,,,,,,,
800,438149,10,,1385,,4000,5,,5,EA,EA,413,1,2065,2065,,,,,,,,,
800,438727,10,,7458,,3000,3,,2,EA,EA,430,1,860,860,,,,,,,,,
800,438996,10,,7458,,3000,3,,4,EA,EA,494,1,1976,1976,,,,,,,,,
800,440770,10,,1385,,3020,5,,11,EA,EA,305,1,3355,3355,,,,,,,,,
800,441425,10,,8961,,4010,10,,2,EA,EA,357,1,714,714,,,,,,,,,
800,441693,10,,4782,,4000,10,,1,EA,EA,1036,1,1036,1036,,,,,,,,,
800,442413,10,,4782,,4000,10,,1,EA,EA,986,1,986,986,,,,,,,,,
800,443920,10,,1385,,3000,5,,6,EA,EA,372,1,2232,2232,,,,,,,,,
800,445390,10,,7458,,4000,3,,15,EA,EA,394,1,5910,5910,,,,,,,,,
800,445626,10,,1385,,3000,5,,18,EA,EA,342,1,6156,6156,,,,,,,,,
800,446104,10,,5901,,4010,10,,1,EA,EA,194,1,194,194,,,,,,,,,
800,447063,10,,6347,,3000,3,,8,EA,EA,272,1,2176,2176,,,,,,,,,
800,447095,10,,8961,,4010,10,,14,EA,EA,368,1,5152,5152,,,,,,,,,
800,447702,10,,6347,,3020,3,,19,EA,EA,299,1,5681,5681,,,,,,,,,
800,448424,10,,1385,,3000,5,,11,EA,EA,411,1,4521,4521,,,,,,,,,
800,448927,10,,1385,,4010,5,,17,EA,EA,313,1,5321,5321,,,,,,,,,
800,450756,10,,8961,,4010,10,,9,EA,EA,319,1,2871,2871,,,,,,,,,
800,451112,10,,8961,,3020,10,,16,EA,EA,337,1,5392,5392,,,,,,,,,
800,452486,10,,8961,,4000,10,,5,EA,EA,306,1,1530,1530,,,,,,,,,
800,454405,10,,5901,,3000,10,,15,EA,EA,163,1,2445,2445,,,,,,,,,
800,454887,10,,1385,,3000,5,,9,EA,EA,357,1,3213,3213,,,,,,,,,
800,456738,10,,1385,,4010,5,,5,EA,EA,288,1,1440,1440,,,,,,,,,
800,457500,10,,4782,,4010,10,,19,EA,EA,1080,1,20520,20520,,,,,,,,,
800,457552,10,,1385,,3020,5,,20,EA,EA,401,1,8020,8020,,,,,,,,,
800,458232,10,,1385,,4000,5,,11,EA,EA,383,1,4213,4213,,,,,,,,,
800,458706,10,,1385,,3000,5,,1,EA,EA,396,1,396,396,,,,,,,,,
800,459829,10,,1385,,4010,5,,17,EA,EA,308,1,5236,5236,,,,,,,,,
800,461393,10,,5901,,4010,10,,3,EA,EA,194,1,582,582,,,,,,,,,
800,462771,10,,5901,,4000,10,,2,EA,EA,160,1,320,320,,,,,,,,,
800,463910,10,,1385,,4010,5,,8,EA,EA,396,1,3168,3168,,,,,,,,,
800,467362,10,,6347,,4000,3,,12,EA,EA,324,1,3888,3888,,,,,,,,,
800,467996,10,,1385,,4000,5,,15,EA,EA,368,1,5520,5520,,,,,,,,,
800,468057,10,,7458,,4000,3,,8,EA,EA,350,1,2800,2800,,,,,,,,,
800,468308,10,,7458,,3020,3,,18,EA,EA,363,1,6534,6534,,,,,,,,,
800,468607,10,,1385,,3020,5,,10,EA,EA,377,1,3770,3770,,,,,,,,,
800,469374,10,,7458,,3000,3,,2,EA,EA,370,1,740,740,,,,,,,,,
800,472508,10,,1385,,3000,5,,3,EA,EA,349,1,1047,1047,,,,,,,,,
800,473847,10,,5901,,3020,10,,5,EA,EA,167,1,835,835,,,,,,,,,
800,475796,10,,1385,,3000,5,,14,EA,EA,318,1,4452,4452,,,,,,,,,
800,476382,10,,6347,,3020,3,,17,EA,EA,263,1,4471,4471,,,,,,,,,
800,476986,10,,1385,,4010,5,,2,EA,EA,303,1,606,606,,,,,,,,,
800,477851,10,,4782,,4010,10,,7,EA,EA,1167,1,8169,8169,,,,,,,,,
800,478568,10,,1385,,4000,5,,4,EA,EA,338,1,1352,1352,,,,,,,,,
800,479939,10,,8961,,3020,10,,2,EA,EA,346,1,692,692,,,,,,,,,
800,480700,10,,8961,,3000,10,,6,EA,EA,279,1,1674,1674,,,,,,,,,
800,483343,10,,5901,,4010,10,,10,EA,EA,165,1,1650,1650,,,,,,,,,
800,484154,10,,7458,,4010,3,,15,EA,EA,356,1,5340,5340,,,,,,,,,
800,484380,10,,4782,,4000,10,,5,EA,EA,892,1,4460,4460,,,,,,,,,
800,484617,10,,6347,,4010,3,,18,EA,EA,327,1,5886,5886,,,,,,,,,
800,485857,10,,1385,,4000,5,,18,EA,EA,323,1,5814,5814,,,,,,,,,
800,488063,10,,1385,,3000,5,,15,EA,EA,331,1,4965,4965,,,,,,,,,
800,488675,10,,5901,,3020,10,,20,EA,EA,160,1,3200,3200,,,,,,,,,
800,488778,10,,7458,,4000,3,,9,EA,EA,468,1,4212,4212,,,,,,,,,
800,489009,10,,5901,,4000,10,,14,EA,EA,153,1,2142,2142,,,,,,,,,
800,490571,10,,6347,,3020,3,,20,EA,EA,290,1,5800,5800,,,,,,,,,
800,490784,10,,7458,,4010,3,,2,EA,EA,388,1,776,776,,,,,,,,,
800,491774,10,,8961,,4000,10,,4,EA,EA,339,1,1356,1356,,,,,,,,,
800,493902,10,,4782,,3000,10,,3,EA,EA,1187,1,3561,3561,,,,,,,,,
800,494221,10,,8961,,3000,10,,18,EA,EA,299,1,5382,5382,,,,,,,,,
800,494284,10,,5901,,3020,10,,4,EA,EA,177,1,708,708,,,,,,,,,
800,495159,10,,5901,,4000,10,,9,EA,EA,164,1,1476,1476,,,,,,,,,
800,495504,10,,7458,,3000,3,,12,EA,EA,369,1,4428,4428,,,,,,,,,
800,498642,10,,1385,,4000,5,,20,EA,EA,399,1,7980,7980,,,,,,,,,
800,498734,10,,1385,,3020,5,,11,EA,EA,303,1,3333,3333,,,,,,,,,
800,498816,10,,8961,,3020,10,,9,EA,EA,353,1,3177,3177,,,,,,,,,
800,499023,10,,1385,,4010,5,,7,EA,EA,295,1,2065,2065,,,,,,,,,
800,499039,10,,6347,,4010,3,,19,EA,EA,341,1,6479,6479,,,,,,,,,
800,499536,10,,1385,,4010,5,,17,EA,EA,314,1,5338,5338,,,,,,,,,
800,500033,10,,1385,,3000,5,,7,EA,EA,387,1,2709,2709,,,,,,,,,
800,500079,10,,4782,,3000,10,,3,EA,EA,893,1,2679,2679,,,,,,,,,
800,500280,10,,7458,,4010,3,,20,EA,EA,387,1,7740,7740,,,,,,,,,
800,500433,10,,8961,,3020,10,,19,EA,EA,362,1,6878,6878,,,,,,,,,
800,501200,10,,8961,,4010,10,,20,EA,EA,375,1,7500,7500,,,,,,,,,
800,501297,10,,1385,,3020,5,,10,EA,EA,379,1,3790,3790,,,,,,,,,
800,502210,10,,5901,,3000,10,,4,EA,EA,180,1,720,720,,,,,,,,,
800,502835,10,,1385,,4010,5,,5,EA,EA,292,1,1460,1460,,,,,,,,,
800,505711,10,,1385,,4010,5,,17,EA,EA,386,1,6562,6562,,,,,,,,,
800,507640,10,,7458,,3020,3,,15,EA,EA,364,1,5460,5460,,,,,,,,,
800,509468,10,,4782,,4000,10,,11,EA,EA,1191,1,13101,13101,,,,,,,,,
800,509959,10,,7458,,3000,3,,14,EA,EA,384,1,5376,5376,,,,,,,,,
800,510416,10,,7458,,4000,3,,9,EA,EA,490,1,4410,4410,,,,,,,,,
800,512192,10,,1385,,4000,5,,18,EA,EA,284,1,5112,5112,,,,,,,,,
800,512334,10,,1385,,4010,5,,19,EA,EA,345,1,6555,6555,,,,,,,,,
800,513311,10,,8961,,3000,10,,12,EA,EA,280,1,3360,3360,,,,,,,,,
800,514218,10,,7458,,3000,3,,20,EA,EA,381,1,7620,7620,,,,,,,,,
800,515238,10,,1385,,4000,5,,10,EA,EA,357,1,3570,3570,,,,,,,,,
800,516394,10,,5901,,4010,10,,18,EA,EA,154,1,2772,2772,,,,,,,,,
800,519842,10,,1385,,4010,5,,6,EA,EA,349,1,2094,2094,,,,,,,,,
800,522381,10,,5901,,3020,10,,16,EA,EA,180,1,2880,2880,,,,,,,,,
800,523234,10,,1385,,3020,5,,4,EA,EA,298,1,1192,1192,,,,,,,,,
800,523771,10,,6347,,3000,3,,1,EA,EA,330,1,330,330,,,,,,,,,
800,523798,10,,1385,,3000,5,,8,EA,EA,329,1,2632,2632,,,,,,,,,
800,525598,10,,7458,,4010,3,,13,EA,EA,423,1,5499,5499,,,,,,,,,
800,527015,10,,5901,,4000,10,,15,EA,EA,192,1,2880,2880,,,,,,,,,
800,527181,10,,1385,,3020,5,,12,EA,EA,295,1,3540,3540,,,,,,,,,
800,527879,10,,8961,,4010,10,,3,EA,EA,255,1,765,765,,,,,,,,,
800,529000,10,,6347,,3000,3,,6,EA,EA,284,1,1704,1704,,,,,,,,,
800,530713,10,,8961,,3020,10,,15,EA,EA,283,1,4245,4245,,,,,,,,,
800,530945,10,,1385,,4010,5,,10,EA,EA,325,1,3250,3250,,,,,,,,,
800,531165,10,,1385,,4010,5,,18,EA,EA,318,1,5724,5724,,,,,,,,,
800,531203,10,,4782,,3000,10,,14,EA,EA,1036,1,14504,14504,,,,,,,,,
800,532622,10,,1385,,3000,5,,5,EA,EA,313,1,1565,1565,,,,,,,,,
800,536613,10,,4782,,3000,10,,4,EA,EA,1036,1,4144,4144,,,,,,,,,
800,538984,10,,8961,,3000,10,,6,EA,EA,329,1,1974,1974,,,,,,,,,
800,539253,10,,7458,,3020,3,,12,EA,EA,481,1,5772,5772,,,,,,,,,
800,540382,10,,6347,,3000,3,,18,EA,EA,284,1,5112,5112,,,,,,,,,
800,540467,10,,1385,,3020,5,,18,EA,EA,393,1,7074,7074,,,,,,,,,
800,542438,10,,5901,,4000,10,,7,EA,EA,173,1,1211,1211,,,,,,,,,
800,542820,10,,5901,,3000,10,,6,EA,EA,195,1,1170,1170,,,,,,,,,
800,542953,10,,1385,,3000,5,,9,EA,EA,420,1,3780,3780,,,,,,,,,
800,545169,10,,5901,,4010,10,,7,EA,EA,197,1,1379,1379,,,,,,,,,
800,545535,10,,1385,,3020,5,,4,EA,EA,284,1,1136,1136,,,,,,,,,
800,545634,10,,4782,,4000,10,,3,EA,EA,862,1,2586,2586,,,,,,,,,
800,548249,10,,5901,,4000,10,,10,EA,EA,170,1,1700,1700,,,,,,,,,
800,549230,10,,1385,,4000,5,,9,EA,EA,323,1,2907,2907,,,,,,,,,
800,549962,10,,1385,,3020,5,,4,EA,EA,365,1,1460,1460,,,,,,,,,
800,550425,10,,1385,,3000,5,,18,EA,EA,282,1,5076,5076,,,,,,,,,
800,552498,10,,4782,,3020,10,,2,EA,EA,1117,1,2234,2234,,,,,,,,,
800,552815,10,,8961,,3020,10,,14,EA,EA,262,1,3668,3668,,,,,,,,,
800,554582,10,,1385,,4010,5,,15,EA,EA,327,1,4905,4905,,,,,,,,,
800,555505,10,,4782,,3000,10,,7,EA,EA,1077,1,7539,7539,,,,,,,,,
800,555677,10,,1385,,3000,5,,10,EA,EA,318,1,3180,3180,,,,,,,,,
800,555834,10,,8961,,4000,10,,9,EA,EA,374,1,3366,3366,,,,,,,,,
800,557669,10,,7458,,3000,3,,4,EA,EA,483,1,1932,1932,,,,,,,,,
800,560366,10,,1385,,3020,5,,1,EA,EA,307,1,307,307,,,,,,,,,
800,560528,10,,7458,,3000,3,,12,EA,EA,448,1,5376,5376,,,,,,,,,
800,563269,10,,1385,,3000,5,,10,EA,EA,301,1,3010,3010,,,,,,,,,
800,563560,10,,1385,,3020,5,,11,EA,EA,287,1,3157,3157,,,,,,,,,
800,564384,10,,4782,,3000,10,,13,EA,EA,1074,1,13962,13962,,,,,,,,,
800,565257,10,,6347,,4000,3,,4,EA,EA,274,1,1096,1096,,,,,,,,,
800,565647,10,,1385,,4000,5,,17,EA,EA,294,1,4998,4998,,,,,,,,,
800,566878,10,,1385,,4010,5,,17,EA,EA,291,1,4947,4947,,,,,,,,,
800,567462,10,,7458,,3020,3,,16,EA,EA,461,1,7376,7376,,,,,,,,,
800,567759,10,,5901,,3000,10,,3,EA,EA,187,1,561,561,,,,,,,,,
800,567825,10,,8961,,4010,10,,15,EA,EA,351,1,5265,5265,,,,,,,,,
800,572565,10,,7458,,3020,3,,15,EA,EA,486,1,7290,7290,,,,,,,,,
800,573138,10,,7458,,4010,3,,5,EA,EA,454,1,2270,2270,,,,,,,,,
800,575227,10,,1385,,3000,5,,14,EA,EA,399,1,5586,5586,,,,,,,,,
800,575573,10,,1385,,3000,5,,15,EA,EA,320,1,4800,4800,,,,,,,,,
800,576058,10,,1385,,3020,5,,13,EA,EA,313,1,4069,4069,,,,,,,,,
800,576363,10,,4782,,4000,10,,13,EA,EA,1172,1,15236,15236,,,,,,,,,
800,578054,10,,1385,,3000,5,,20,EA,EA,306,1,6120,6120,,,,,,,,,
800,581482,10,,6347,,4010,3,,8,EA,EA,275,1,2200,2200,,,,,,,,,
800,581820,10,,1385,,3000,5,,7,EA,EA,367,1,2569,2569,,,,,,,,,
800,583527,10,,1385,,4010,5,,18,EA,EA,296,1,5328,5328,,,,,,,,,
800,583839,10,,8961,,4010,10,,12,EA,EA,315,1,3780,3780,,,,,,,,,
800,584019,10,,5901,,4010,10,,3,EA,EA,197,1,591,591,,,,,,,,,
800,584406,10,,1385,,3000,5,,19,EA,EA,330,1,6270,6270,,,,,,,,,
800,584543,10,,6347,,4010,3,,4,EA,EA,304,1,1216,1216,,,,,,,,,
800,586632,10,,8961,,3000,10,,7,EA,EA,367,1,2569,2569,,,,,,,,,
800,587726,10,,4782,,4000,10,,2,EA,EA,800,1,1600,1600,,,,,,,,,
800,588596,10,,1385,,4000,5,,6,EA,EA,290,1,1740,1740,,,,,,,,,
800,589246,10,,7458,,3000,3,,19,EA,EA,499,1,9481,9481,,,,,,,,,
800,590545,10,,4782,,4000,10,,15,EA,EA,862,1,12930,12930,,,,,,,,,
800,590659,10,,1385,,3020,5,,16,EA,EA,418,1,6688,6688,,,,,,,,,
800,590995,10,,1385,,4000,5,,16,EA,EA,340,1,5440,5440,,,,,,,,,
800,591638,10,,1385,,4000,5,,14,EA,EA,360,1,5040,5040,,,,,,,,,
800,592050,10,,6347,,3000,3,,18,EA,EA,268,1,4824,4824,,,,,,,,,
800,593170,10,,1385,,3020,5,,16,EA,EA,378,1,6048,6048,,,,,,,,,
800,595373,10,,7458,,3000,3,,12,EA,EA,428,1,5136,5136,,,,,,,,,
800,596749,10,,8961,,4000,10,,17,EA,EA,305,1,5185,5185,,,,,,,,,
800,597598,10,,1385,,4000,5,,5,EA,EA,356,1,1780,1780,,,,,,,,,
800,598554,10,,1385,,3000,5,,17,EA,EA,418,1,7106,7106,,,,,,,,,
800,599341,10,,1385,,4010,5,,10,EA,EA,347,1,3470,3470,,,,,,,,,
800,600036,10,,4782,,3000,10,,6,EA,EA,895,1,5370,5370,,,,,,,,,
800,601423,10,,7458,,4000,3,,19,EA,EA,380,1,7220,7220,,,,,,,,,
800,602780,10,,1385,,3020,5,,5,EA,EA,314,1,1570,1570,,,,,,,,,
800,604094,10,,5901,,4010,10,,17,EA,EA,187,1,3179,3179,,,,,,,,,
800,604131,10,,1385,,4000,5,,16,EA,EA,293,1,4688,4688,,,,,,,,,
800,604597,10,,1385,,4000,5,,20,EA,EA,405,1,8100,8100,,,,,,,,,
800,604880,10,,1385,,3000,5,,18,EA,EA,408,1,7344,7344,,,,,,,,,
800,605598,10,,7458,,4010,3,,17,EA,EA,439,1,7463,7463,,,,,,,,,
800,605907,10,,1385,,3020,5,,6,EA,EA,342,1,2052,2052,,,,,,,,,
800,606940,10,,4782,,4010,10,,7,EA,EA,808,1,5656,5656,,,,,,,,,
800,607449,10,,6347,,3000,3,,10,EA,EA,313,1,3130,3130,,,,,,,,,
800,607874,10,,5901,,3000,10,,3,EA,EA,165,1,495,495,,,,,,,,,
800,608247,10,,6347,,4000,3,,4,EA,EA,278,1,1112,1112,,,,,,,,,
800,609215,10,,1385,,4000,5,,9,EA,EA,335,1,3015,3015,,,,,,,,,
800,609774,10,,1385,,4000,5,,2,EA,EA,377,1,754,754,,,,,,,,,
800,610661,10,,4782,,3020,10,,8,EA,EA,1084,1,8672,8672,,,,,,,,,
800,611322,10,,1385,,4010,5,,20,EA,EA,384,1,7680,7680,,,,,,,,,
800,611515,10,,1385,,4000,5,,15,EA,EA,408,1,6120,6120,,,,,,,,,
800,611518,10,,4782,,4010,10,,6,EA,EA,962,1,5772,5772,,,,,,,,,
800,613307,10,,6347,,4010,3,,10,EA,EA,270,1,2700,2700,,,,,,,,,
800,613984,10,,7458,,4010,3,,10,EA,EA,417,1,4170,4170,,,,,,,,,
800,614867,10,,6347,,4010,3,,13,EA,EA,327,1,4251,4251,,,,,,,,,
800,614985,10,,1385,,3000,5,,3,EA,EA,327,1,981,981,,,,,,,,,
800,617153,10,,1385,,3020,5,,14,EA,EA,308,1,4312,4312,,,,,,,,,
800,618350,10,,6347,,3020,3,,8,EA,EA,301,1,2408,2408,,,,,,,,,
800,618922,10,,1385,,4000,5,,18,EA,EA,412,1,7416,7416,,,,,,,,,
800,620067,10,,1385,,3020,5,,7,EA,EA,309,1,2163,2163,,,,,,,,,
800,621322,10,,1385,,4010,5,,15,EA,EA,402,1,6030,6030,,,,,,,,,
800,621477,10,,1385,,4000,5,,19,EA,EA,332,1,6308,6308,,,,,,,,,
800,621494,10,,1385,,4010,5,,15,EA,EA,417,1,6255,6255,,,,,,,,,
800,621699,10,,8961,,4010,10,,5,EA,EA,348,1,1740,1740,,,,,,,,,
800,622409,10,,1385,,3020,5,,20,EA,EA,286,1,5720,5720,,,,,,,,,
800,622597,10,,1385,,3020,5,,18,EA,EA,399,1,7182,7182,,,,,,,,,
800,623234,10,,1385,,3020,5,,6,EA,EA,287,1,1722,1722,,,,,,,,,
800,623452,10,,4782,,4000,10,,3,EA,EA,1194,1,3582,3582,,,,,,,,,
800,626402,10,,1385,,4010,5,,12,EA,EA,404,1,4848,4848,,,,,,,,,
800,626726,10,,6347,,3000,3,,9,EA,EA,347,1,3123,3123,,,,,,,,,
800,628233,10,,6347,,4000,3,,12,EA,EA,341,1,4092,4092,,,,,,,,,
800,630053,10,,1385,,4000,5,,5,EA,EA,359,1,1795,1795,,,,,,,,,
800,630180,10,,7458,,3020,3,,13,EA,EA,360,1,4680,4680,,,,,,,,,
800,631114,10,,5901,,3000,10,,18,EA,EA,152,1,2736,2736,,,,,,,,,
800,631942,10,,1385,,3000,5,,3,EA,EA,367,1,1101,1101,,,,,,,,,
800,633160,10,,8961,,3000,10,,7,EA,EA,323,1,2261,2261,,,,,,,,,
800,633711,10,,1385,,4010,5,,9,EA,EA,363,1,3267,3267,,,,,,,,,
800,634480,10,,5901,,4000,10,,19,EA,EA,179,1,3401,3401,,,,,,,,,
800,635019,10,,1385,,3020,5,,15,EA,EA,328,1,4920,4920,,,,,,,,,
800,635046,10,,1385,,4010,5,,17,EA,EA,343,1,5831,5831,,,,,,,,,
800,635274,10,,8961,,4010,10,,17,EA,EA,380,1,6460,6460,,,,,,,,,
800,635588,10,,1385,,3000,5,,18,EA,EA,352,1,6336,6336,,,,,,,,,
800,636128,10,,1385,,4000,5,,12,EA,EA,409,1,4908,4908,,,,,,,,,
800,636837,10,,1385,,3000,5,,3,EA,EA,371,1,1113,1113,,,,,,,,,
800,636890,10,,1385,,3000,5,,1,EA,EA,363,1,363,363,,,,,,,,,
800,637189,10,,1385,,3000,5,,2,EA,EA,411,1,822,822,,,,,,,,,
800,638753,10,,5901,,3020,10,,15,EA,EA,193,1,2895,2895,,,,,,,,,
800,638916,10,,7458,,4010,3,,9,EA,EA,416,1,3744,3744,,,,,,,,,
800,640889,10,,1385,,4010,5,,4,EA,EA,341,1,1364,1364,,,,,,,,,
800,641145,10,,1385,,3020,5,,15,EA,EA,389,1,5835,5835,,,,,,,,,
800,641413,10,,6347,,4000,3,,2,EA,EA,274,1,548,548,,,,,,,,,
800,641964,10,,7458,,4010,3,,3,EA,EA,411,1,1233,1233,,,,,,,,,
800,642221,10,,6347,,4010,3,,8,EA,EA,348,1,2784,2784,,,,,,,,,
800,642342,10,,8961,,3000,10,,10,EA,EA,288,1,2880,2880,,,,,,,,,
800,642968,10,,6347,,4010,3,,20,EA,EA,283,1,5660,5660,,,,,,,,,
800,645301,10,,1385,,4000,5,,1,EA,EA,297,1,297,297,,,,,,,,,
800,648510,10,,1385,,3020,5,,2,EA,EA,350,1,700,700,,,,,,,,,
800,648778,10,,5901,,4010,10,,2,EA,EA,157,1,314,314,,,,,,,,,
800,649569,10,,6347,,4000,3,,7,EA,EA,345,1,2415,2415,,,,,,,,,
800,650504,10,,1385,,3000,5,,1,EA,EA,351,1,351,351,,,,,,,,,
800,652999,10,,8961,,3000,10,,10,EA,EA,265,1,2650,2650,,,,,,,,,
800,653193,10,,1385,,3020,5,,5,EA,EA,372,1,1860,1860,,,,,,,,,
800,653585,10,,1385,,3000,5,,1,EA,EA,353,1,353,353,,,,,,,,,
800,656710,10,,1385,,3020,5,,8,EA,EA,408,1,3264,3264,,,,,,,,,
800,657725,10,,1385,,4010,5,,5,EA,EA,394,1,1970,1970,,,,,,,,,
800,659453,10,,7458,,4000,3,,11,EA,EA,438,1,4818,4818,,,,,,,,,
800,659931,10,,5901,,4000,10,,8,EA,EA,180,1,1440,1440,,,,,,,,,
800,662424,10,,7458,,4000,3,,5,EA,EA,435,1,2175,2175,,,,,,,,,
800,663624,10,,7458,,3020,3,,2,EA,EA,449,1,898,898,,,,,,,,,
800,664090,10,,5901,,4000,10,,15,EA,EA,195,1,2925,2925,,,,,,,,,
800,665891,10,,7458,,3000,3,,11,EA,EA,490,1,5390,5390,,,,,,,,,
800,667592,10,,1385,,4000,5,,7,EA,EA,323,1,2261,2261,,,,,,,,,
800,668495,10,,7458,,4010,3,,8,EA,EA,421,1,3368,3368,,,,,,,,,
800,668564,10,,1385,,4000,5,,20,EA,EA,338,1,6760,6760,,,,,,,,,
800,668962,10,,7458,,4010,3,,6,EA,EA,491,1,2946,2946,,,,,,,,,
800,668964,10,,1385,,4010,5,,14,EA,EA,344,1,4816,4816,,,,,,,,,
800,669331,10,,1385,,3020,5,,11,EA,EA,348,1,3828,3828,,,,,,,,,
800,669732,10,,1385,,4010,5,,12,EA,EA,293,1,3516,3516,,,,,,,,,
800,669837,10,,5901,,4000,10,,12,EA,EA,160,1,1920,1920,,,,,,,,,
800,671574,10,,8961,,3000,10,,19,EA,EA,313,1,5947,5947,,,,,,,,,
800,672445,10,,1385,,4010,5,,17,EA,EA,365,1,6205,6205,,,,,,,,,
800,672679,10,,7458,,4010,3,,6,EA,EA,425,1,2550,2550,,,,,,,,,
800,673404,10,,5901,,4010,10,,19,EA,EA,177,1,3363,3363,,,,,,,,,
800,673563,10,,5901,,4010,10,,16,EA,EA,156,1,2496,2496,,,,,,,,,
800,675020,10,,4782,,4000,10,,4,EA,EA,814,1,3256,3256,,,,,,,,,
800,675554,10,,8961,,3020,10,,7,EA,EA,267,1,1869,1869,,,,,,,,,
800,675724,10,,8961,,3020,10,,3,EA,EA,368,1,1104,1104,,,,,,,,,
800,679276,10,,1385,,3000,5,,3,EA,EA,396,1,1188,1188,,,,,,,,,
800,682043,10,,1385,,4000,5,,2,EA,EA,386,1,772,772,,,,,,,,,
800,682161,10,,1385,,3020,5,,16,EA,EA,294,1,4704,4704,,,,,,,,,
800,682873,10,,7458,,4000,3,,17,EA,EA,379,1,6443,6443,,,,,,,,,
800,684789,10,,5901,,4010,10,,3,EA,EA,182,1,546,546,,,,,,,,,
800,685432,10,,1385,,3000,5,,7,EA,EA,350,1,2450,2450,,,,,,,,,
800,686816,10,,1385,,3020,5,,18,EA,EA,420,1,7560,7560,,,,,,,,,
800,687213,10,,6347,,3020,3,,19,EA,EA,332,1,6308,6308,,,,,,,,,
800,688219,10,,1385,,4000,5,,8,EA,EA,376,1,3008,3008,,,,,,,,,
800,689034,10,,1385,,3020,5,,19,EA,EA,318,1,6042,6042,,,,,,,,,
800,690134,10,,5901,,3020,10,,11,EA,EA,155,1,1705,1705,,,,,,,,,
800,690246,10,,8961,,4010,10,,9,EA,EA,300,1,2700,2700,,,,,,,,,
800,690360,10,,1385,,3020,5,,13,EA,EA,325,1,4225,4225,,,,,,,,,
800,691011,10,,6347,,3020,3,,7,EA,EA,329,1,2303,2303,,,,,,,,,
800,692751,10,,6347,,4000,3,,19,EA,EA,253,1,4807,4807,,,,,,,,,
800,695225,10,,1385,,4000,5,,2,EA,EA,389,1,778,778,,,,,,,,,
800,698608,10,,7458,,4000,3,,17,EA,EA,474,1,8058,8058,,,,,,,,,
800,698961,10,,4782,,3000,10,,17,EA,EA,1029,1,17493,17493,,,,,,,,,
800,699635,10,,8961,,3000,10,,10,EA,EA,384,1,3840,3840,,,,,,,,,
800,699771,10,,1385,,3020,5,,3,EA,EA,324,1,972,972,,,,,,,,,
800,699781,10,,7458,,4010,3,,16,EA,EA,469,1,7504,7504,,,,,,,,,
800,702881,10,,1385,,3000,5,,13,EA,EA,379,1,4927,4927,,,,,,,,,
800,703202,10,,1385,,3000,5,,5,EA,EA,291,1,1455,1455,,,,,,,,,
800,703955,10,,1385,,4010,5,,11,EA,EA,410,1,4510,4510,,,,,,,,,
800,704293,10,,8961,,3000,10,,12,EA,EA,387,1,4644,4644,,,,,,,,,
800,704371,10,,5901,,4010,10,,15,EA,EA,175,1,2625,2625,,,,,,,,,
800,704730,10,,1385,,4000,5,,16,EA,EA,355,1,5680,5680,,,,,,,,,
800,705129,10,,6347,,3000,3,,14,EA,EA,341,1,4774,4774,,,,,,,,,
800,705906,10,,1385,,3020,5,,17,EA,EA,411,1,6987,6987,,,,,,,,,
800,707045,10,,6347,,4010,3,,11,EA,EA,341,1,3751,3751,,,,,,,,,
800,708684,10,,7458,,3020,3,,20,EA,EA,377,1,7540,7540,,,,,,,,,
800,708873,10,,1385,,3000,5,,9,EA,EA,284,1,2556,2556,,,,,,,,,
800,709115,10,,4782,,3020,10,,11,EA,EA,1118,1,12298,12298,,,,,,,,,
800,709306,10,,1385,,3020,5,,9,EA,EA,336,1,3024,3024,,,,,,,,,
800,713732,10,,8961,,4000,10,,1,EA,EA,361,1,361,361,,,,,,,,,
800,714718,10,,1385,,4000,5,,11,EA,EA,412,1,4532,4532,,,,,,,,,
800,716462,10,,6347,,3000,3,,8,EA,EA,296,1,2368,2368,,,,,,,,,
800,717520,10,,4782,,4000,10,,9,EA,EA,894,1,8046,8046,,,,,,,,,
800,718260,10,,7458,,3020,3,,5,EA,EA,440,1,2200,2200,,,,,,,,,
800,718714,10,,1385,,3000,5,,19,EA,EA,286,1,5434,5434,,,,,,,,,
800,719343,10,,8961,,3000,10,,11,EA,EA,282,1,3102,3102,,,,,,,,,
800,719930,10,,5901,,4000,10,,8,EA,EA,189,1,1512,1512,,,,,,,,,
800,720481,10,,4782,,3020,10,,2,EA,EA,1014,1,2028,2028,,,,,,,,,
800,721633,10,,6347,,4010,3,,9,EA,EA,323,1,2907,2907,,,,,,,,,
800,723083,10,,1385,,3000,5,,1,EA,EA,316,1,316,316,,,,,,,,,
800,723087,10,,4782,,3000,10,,7,EA,EA,1051,1,7357,7357,,,,,,,,,
800,724988,10,,4782,,3020,10,,1,EA,EA,969,1,969,969,,,,,,,,,
800,726108,10,,1385,,3000,5,,2,EA,EA,419,1,838,838,,,,,,,,,
800,726595,10,,7458,,4010,3,,14,EA,EA,429,1,6006,6006,,,,,,,,,
800,727166,10,,1385,,4000,5,,19,EA,EA,352,1,6688,6688,,,,,,,,,
800,729893,10,,1385,,4000,5,,14,EA,EA,398,1,5572,5572,,,,,,,,,
800,730105,10,,1385,,3000,5,,13,EA,EA,403,1,5239,5239,,,,,,,,,
800,730530,10,,1385,,4000,5,,7,EA,EA,283,1,1981,1981,,,,,,,,,
800,730745,10,,6347,,4010,3,,11,EA,EA,334,1,3674,3674,,,,,,,,,
800,730921,10,,8961,,4000,10,,5,EA,EA,389,1,1945,1945,,,,,,,,,
800,731303,10,,7458,,4000,3,,7,EA,EA,374,1,2618,2618,,,,,,,,,
800,732000,10,,6347,,3000,3,,10,EA,EA,325,1,3250,3250,,,,,,,,,
800,733008,10,,4782,,3000,10,,2,EA,EA,1041,1,2082,2082,,,,,,,,,
800,734200,10,,1385,,4000,5,,1,EA,EA,417,1,417,417,,,,,,,,,
800,734622,10,,1385,,4000,5,,12,EA,EA,351,1,4212,4212,,,,,,,,,
800,735446,10,,7458,,3020,3,,13,EA,EA,456,1,5928,5928,,,,,,,,,
800,735882,10,,1385,,4010,5,,10,EA,EA,337,1,3370,3370,,,,,,,,,
800,740877,10,,5901,,4000,10,,6,EA,EA,194,1,1164,1164,,,,,,,,,
800,741322,10,,5901,,3000,10,,16,EA,EA,188,1,3008,3008,,,,,,,,,
800,742629,10,,6347,,3000,3,,14,EA,EA,343,1,4802,4802,,,,,,,,,
800,742832,10,,6347,,4000,3,,16,EA,EA,320,1,5120,5120,,,,,,,,,
800,743579,10,,5901,,4000,10,,8,EA,EA,160,1,1280,1280,,,,,,,,,
800,744035,10,,1385,,4000,5,,18,EA,EA,314,1,5652,5652,,,,,,,,,
800,744516,10,,1385,,4010,5,,14,EA,EA,396,1,5544,5544,,,,,,,,,
800,745348,10,,5901,,4000,10,,16,EA,EA,197,1,3152,3152,,,,,,,,,
800,747371,10,,5901,,3020,10,,9,EA,EA,197,1,1773,1773,,,,,,,,,
800,747555,10,,1385,,4010,5,,1,EA,EA,391,1,391,391,,,,,,,,,
800,748194,10,,4782,,4010,10,,19,EA,EA,1195,1,22705,22705,,,,,,,,,
800,748213,10,,7458,,4000,3,,4,EA,EA,377,1,1508,1508,,,,,,,,,
800,749650,10,,1385,,3000,5,,16,EA,EA,368,1,5888,5888,,,,,,,,,
800,750230,10,,1385,,4000,5,,19,EA,EA,352,1,6688,6688,,,,,,,,,
800,750353,10,,8961,,4010,10,,6,EA,EA,306,1,1836,1836,,,,,,,,,
800,751975,10,,1385,,4010,5,,3,EA,EA,413,1,1239,1239,,,,,,,,,
800,754490,10,,1385,,3000,5,,9,EA,EA,322,1,2898,2898,,,,,,,,,
800,754951,10,,7458,,4000,3,,4,EA,EA,456,1,1824,1824,,,,,,,,,
800,755782,10,,1385,,4000,5,,20,EA,EA,418,1,8360,8360,,,,,,,,,
800,756929,10,,7458,,3020,3,,12,EA,EA,469,1,5628,5628,,,,,,,,,
800,757457,10,,1385,,4010,5,,1,EA,EA,418,1,418,418,,,,,,,,,
800,758828,10,,7458,,3020,3,,7,EA,EA,486,1,3402,3402,,,,,,,,,
800,760073,10,,7458,,3000,3,,19,EA,EA,420,1,7980,7980,,,,,,,,,
800,761734,10,,6347,,4000,3,,17,EA,EA,350,1,5950,5950,,,,,,,,,
800,762337,10,,1385,,4010,5,,9,EA,EA,323,1,2907,2907,,,,,,,,,
800,762476,10,,1385,,3020,5,,10,EA,EA,385,1,3850,3850,,,,,,,,,
800,762931,10,,6347,,3020,3,,9,EA,EA,270,1,2430,2430,,,,,,,,,
800,764529,10,,5901,,4000,10,,10,EA,EA,185,1,1850,1850,,,,,,,,,
800,765377,10,,8961,,3000,10,,1,EA,EA,360,1,360,360,,,,,,,,,
800,768298,10,,4782,,4010,10,,15,EA,EA,1024,1,15360,15360,,,,,,,,,
800,768932,10,,8961,,4010,10,,10,EA,EA,296,1,2960,2960,,,,,,,,,
800,768982,10,,8961,,4000,10,,12,EA,EA,347,1,4164,4164,,,,,,,,,
800,769045,10,,5901,,3020,10,,15,EA,EA,167,1,2505,2505,,,,,,,,,
800,770639,10,,5901,,3020,10,,12,EA,EA,154,1,1848,1848,,,,,,,,,
800,771194,10,,1385,,3020,5,,16,EA,EA,360,1,5760,5760,,,,,,,,,
800,771288,10,,1385,,4010,5,,15,EA,EA,385,1,5775,5775,,,,,,,,,
800,772529,10,,5901,,3020,10,,8,EA,EA,190,1,1520,1520,,,,,,,,,
800,772594,10,,7458,,4000,3,,16,EA,EA,353,1,5648,5648,,,,,,,,,
800,772845,10,,5901,,4000,10,,4,EA,EA,151,1,604,604,,,,,,,,,
800,772868,10,,1385,,3000,5,,3,EA,EA,367,1,1101,1101,,,,,,,,,
800,773007,10,,1385,,4010,5,,7,EA,EA,295,1,2065,2065,,,,,,,,,
800,774778,10,,1385,,3020,5,,12,EA,EA,405,1,4860,4860,,,,,,,,,
800,775382,10,,1385,,3000,5,,7,EA,EA,379,1,2653,2653,,,,,,,,,
800,776833,10,,4782,,4000,10,,19,EA,EA,952,1,18088,18088,,,,,,,,,
800,777138,10,,6347,,4000,3,,6,EA,EA,257,1,1542,1542,,,,,,,,,
800,777479,10,,1385,,4010,5,,18,EA,EA,396,1,7128,7128,,,,,,,,,
800,777596,10,,8961,,4000,10,,18,EA,EA,324,1,5832,5832,,,,,,,,,
800,778891,10,,1385,,4010,5,,12,EA,EA,383,1,4596,4596,,,,,,,,,
800,779298,10,,5901,,3000,10,,4,EA,EA,200,1,800,800,,,,,,,,,
800,780687,10,,8961,,4010,10,,17,EA,EA,322,1,5474,5474,,,,,,,,,
800,781134,10,,7458,,4000,3,,13,EA,EA,387,1,5031,5031,,,,,,,,,
800,783461,10,,1385,,4010,5,,3,EA,EA,300,1,900,900,,,,,,,,,
800,783857,10,,1385,,4000,5,,20,EA,EA,310,1,6200,6200,,,,,,,,,
800,784461,10,,6347,,4000,3,,5,EA,EA,333,1,1665,1665,,,,,,,,,
800,784926,10,,8961,,4000,10,,4,EA,EA,307,1,1228,1228,,,,,,,,,
800,785371,10,,1385,,3000,5,,1,EA,EA,308,1,308,308,,,,,,,,,
800,785534,10,,6347,,3000,3,,13,EA,EA,309,1,4017,4017,,,,,,,,,
800,785934,10,,4782,,4010,10,,10,EA,EA,961,1,9610,9610,,,,,,,,,
800,786858,10,,1385,,4000,5,,1,EA,EA,397,1,397,397,,,,,,,,,
800,787773,10,,1385,,4000,5,,16,EA,EA,293,1,4688,4688,,,,,,,,,
800,789239,10,,7458,,3020,3,,16,EA,EA,395,1,6320,6320,,,,,,,,,
800,789246,10,,1385,,4010,5,,12,EA,EA,292,1,3504,3504,,,,,,,,,
800,789808,10,,1385,,4010,5,,11,EA,EA,364,1,4004,4004,,,,,,,,,
800,794109,10,,5901,,3020,10,,1,EA,EA,151,1,151,151,,,,,,,,,
800,796729,10,,7458,,4010,3,,9,EA,EA,447,1,4023,4023,,,,,,,,,
800,796991,10,,4782,,4010,10,,18,EA,EA,1189,1,21402,21402,,,,,,,,,
800,797304,10,,5901,,4000,10,,3,EA,EA,194,1,582,582,,,,,,,,,
800,797839,10,,8961,,3000,10,,19,EA,EA,396,1,7524,7524,,,,,,,,,
800,797888,10,,1385,,4010,5,,14,EA,EA,408,1,5712,5712,,,,,,,,,
800,798007,10,,1385,,3020,5,,5,EA,EA,288,1,1440,1440,,,,,,,,,
800,798382,10,,6347,,3000,3,,6,EA,EA,329,1,1974,1974,,,,,,,,,
800,798483,10,,1385,,4010,5,,7,EA,EA,345,1,2415,2415,,,,,,,,,
800,800027,10,,1385,,4010,5,,8,EA,EA,287,1,2296,2296,,,,,,,,,
800,800229,10,,8961,,4010,10,,18,EA,EA,367,1,6606,6606,,,,,,,,,
800,801268,10,,5901,,4000,10,,1,EA,EA,164,1,164,164,,,,,,,,,
800,802265,10,,8961,,3020,10,,15,EA,EA,260,1,3900,3900,,,,,,,,,
800,803676,10,,7458,,3000,3,,15,EA,EA,415,1,6225,6225,,,,,,,,,
800,803810,10,,1385,,4000,5,,17,EA,EA,339,1,5763,5763,,,,,,,,,
800,804326,10,,5901,,3020,10,,15,EA,EA,178,1,2670,2670,,,,,,,,,
800,805460,10,,1385,,3020,5,,4,EA,EA,354,1,1416,1416,,,,,,,,,
800,805689,10,,6347,,3020,3,,12,EA,EA,310,1,3720,3720,,,,,,,,,
800,805944,10,,1385,,4000,5,,6,EA,EA,328,1,1968,1968,,,,,,,,,
800,806642,10,,8961,,4010,10,,6,EA,EA,360,1,2160,2160,,,,,,,,,
800,809555,10,,4782,,3000,10,,2,EA,EA,1174,1,2348,2348,,,,,,,,,
800,809569,10,,4782,,3020,10,,16,EA,EA,952,1,15232,15232,,,,,,,,,
800,810025,10,,1385,,4000,5,,13,EA,EA,339,1,4407,4407,,,,,,,,,
800,810368,10,,5901,,3000,10,,15,EA,EA,153,1,2295,2295,,,,,,,,,
800,811137,10,,1385,,3020,5,,19,EA,EA,361,1,6859,6859,,,,,,,,,
800,812963,10,,4782,,3000,10,,2,EA,EA,969,1,1938,1938,,,,,,,,,
800,813222,10,,4782,,4000,10,,5,EA,EA,1116,1,5580,5580,,,,,,,,,
800,813490,10,,8961,,3000,10,,5,EA,EA,342,1,1710,1710,,,,,,,,,
800,813533,10,,5901,,4010,10,,15,EA,EA,186,1,2790,2790,,,,,,,,,
800,814646,10,,5901,,3000,10,,3,EA,EA,183,1,549,549,,,,,,,,,
800,817867,10,,1385,,4000,5,,10,EA,EA,301,1,3010,3010,,,,,,,,,
800,819739,10,,8961,,4000,10,,18,EA,EA,286,1,5148,5148,,,,,,,,,
800,820644,10,,6347,,3020,3,,5,EA,EA,307,1,1535,1535,,,,,,,,,
800,820697,10,,1385,,3000,5,,11,EA,EA,328,1,3608,3608,,,,,,,,,
800,820863,10,,8961,,4010,10,,5,EA,EA,279,1,1395,1395,,,,,,,,,
800,823513,10,,1385,,3000,5,,4,EA,EA,416,1,1664,1664,,,,,,,,,
800,824146,10,,1385,,3000,5,,4,EA,EA,364,1,1456,1456,,,,,,,,,
800,824977,10,,5901,,3020,10,,18,EA,EA,170,1,3060,3060,,,,,,,,,
800,825272,10,,1385,,3000,5,,11,EA,EA,381,1,4191,4191,,,,,,,,,
800,825532,10,,1385,,3000,5,,4,EA,EA,400,1,1600,1600,,,,,,,,,
800,827765,10,,5901,,4000,10,,19,EA,EA,152,1,2888,2888,,,,,,,,,
800,827900,10,,8961,,4010,10,,1,EA,EA,294,1,294,294,,,,,,,,,
800,828788,10,,7458,,4000,3,,12,EA,EA,475,1,5700,5700,,,,,,,,,
800,830515,10,,1385,,4000,5,,12,EA,EA,331,1,3972,3972,,,,,,,,,
800,830603,10,,1385,,3020,5,,12,EA,EA,363,1,4356,4356,,,,,,,,,
800,830688,10,,5901,,4000,10,,11,EA,EA,158,1,1738,1738,,,,,,,,,
800,831573,10,,5901,,4010,10,,10,EA,EA,154,1,1540,1540,,,,,,,,,
800,832151,10,,8961,,3020,10,,11,EA,EA,395,1,4345,4345,,,,,,,,,
800,833901,10,,8961,,3000,10,,17,EA,EA,288,1,4896,4896,,,,,,,,,
800,834641,10,,4782,,4000,10,,14,EA,EA,872,1,12208,12208,,,,,,,,,
800,835168,10,,5901,,3000,10,,14,EA,EA,151,1,2114,2114,,,,,,,,,
800,837111,10,,1385,,4010,5,,4,EA,EA,338,1,1352,1352,,,,,,,,,
800,837977,10,,6347,,3020,3,,8,EA,EA,303,1,2424,2424,,,,,,,,,
800,839801,10,,4782,,4010,10,,9,EA,EA,1151,1,10359,10359,,,,,,,,,
800,842028,10,,5901,,3020,10,,10,EA,EA,159,1,1590,1590,,,,,,,,,
800,842667,10,,1385,,4010,5,,7,EA,EA,314,1,2198,2198,,,,,,,,,
800,842876,10,,1385,,4000,5,,18,EA,EA,376,1,6768,6768,,,,,,,,,
800,843564,10,,6347,,3020,3,,10,EA,EA,348,1,3480,3480,,,,,,,,,
800,844490,10,,7458,,4010,3,,20,EA,EA,445,1,8900,8900,,,,,,,,,
800,844524,10,,1385,,4010,5,,18,EA,EA,370,1,6660,6660,,,,,,,,,
800,844623,10,,8961,,4000,10,,16,EA,EA,362,1,5792,5792,,,,,,,,,
800,845177,10,,7458,,3020,3,,6,EA,EA,490,1,2940,2940,,,,,,,,,
800,845636,10,,1385,,4000,5,,3,EA,EA,357,1,1071,1071,,,,,,,,,
800,846158,10,,8961,,3000,10,,13,EA,EA,306,1,3978,3978,,,,,,,,,
800,846772,10,,5901,,4000,10,,18,EA,EA,188,1,3384,3384,,,,,,,,,
800,848138,10,,6347,,4010,3,,9,EA,EA,322,1,2898,2898,,,,,,,,,
800,848393,10,,5901,,3020,10,,5,EA,EA,156,1,780,780,,,,,,,,,
800,848564,10,,1385,,4000,5,,14,EA,EA,362,1,5068,5068,,,,,,,,,
800,849056,10,,1385,,4000,5,,1,EA,EA,351,1,351,351,,,,,,,,,
800,851173,10,,7458,,4000,3,,13,EA,EA,383,1,4979,4979,,,,,,,,,
800,851677,10,,7458,,4010,3,,1,EA,EA,351,1,351,351,,,,,,,,,
800,852768,10,,1385,,4010,5,,14,EA,EA,414,1,5796,5796,,,,,,,,,
800,853479,10,,8961,,3000,10,,5,EA,EA,305,1,1525,1525,,,,,,,,,
800,853958,10,,1385,,4000,5,,20,EA,EA,302,1,6040,6040,,,,,,,,,
800,856012,10,,1385,,3020,5,,12,EA,EA,368,1,4416,4416,,,,,,,,,
800,856060,10,,1385,,3000,5,,12,EA,EA,343,1,4116,4116,,,,,,,,,
800,856781,10,,1385,,3020,5,,10,EA,EA,355,1,3550,3550,,,,,,,,,
800,859755,10,,1385,,4000,5,,10,EA,EA,322,1,3220,3220,,,,,,,,,
800,859846,10,,4782,,4010,10,,3,EA,EA,1117,1,3351,3351,,,,,,,,,
800,862257,10,,1385,,4010,5,,10,EA,EA,331,1,3310,3310,,,,,,,,,
800,864449,10,,7458,,4000,3,,19,EA,EA,475,1,9025,9025,,,,,,,,,
800,866440,10,,8961,,4000,10,,17,EA,EA,275,1,4675,4675,,,,,,,,,
800,867394,10,,1385,,4010,5,,15,EA,EA,283,1,4245,4245,,,,,,,,,
800,867596,10,,8961,,3000,10,,10,EA,EA,319,1,3190,3190,,,,,,,,,
800,867957,10,,6347,,3000,3,,17,EA,EA,276,1,4692,4692,,,,,,,,,
800,868241,10,,1385,,3000,5,,3,EA,EA,358,1,1074,1074,,,,,,,,,
800,869890,10,,1385,,4000,5,,15,EA,EA,388,1,5820,5820,,,,,,,,,
800,870464,10,,5901,,3000,10,,14,EA,EA,182,1,2548,2548,,,,,,,,,
800,870632,10,,7458,,4000,3,,18,EA,EA,455,1,8190,8190,,,,,,,,,
800,871336,10,,1385,,4000,5,,17,EA,EA,284,1,4828,4828,,,,,,,,,
800,872972,10,,1385,,4000,5,,18,EA,EA,364,1,6552,6552,,,,,,,,,
800,873185,10,,7458,,3000,3,,7,EA,EA,394,1,2758,2758,,,,,,,,,
800,873477,10,,5901,,4000,10,,6,EA,EA,197,1,1182,1182,,,,,,,,,
800,873638,10,,7458,,4010,3,,19,EA,EA,363,1,6897,6897,,,,,,,,,
800,876250,10,,8961,,4010,10,,18,EA,EA,351,1,6318,6318,,,,,,,,,
800,877337,10,,6347,,4010,3,,4,EA,EA,260,1,1040,1040,,,,,,,,,
800,877381,10,,1385,,4010,5,,2,EA,EA,299,1,598,598,,,,,,,,,
800,878011,10,,8961,,3020,10,,11,EA,EA,279,1,3069,3069,,,,,,,,,
800,878888,10,,1385,,4000,5,,11,EA,EA,325,1,3575,3575,,,,,,,,,
800,879073,10,,7458,,4010,3,,17,EA,EA,497,1,8449,8449,,,,,,,,,
800,879131,10,,7458,,3020,3,,2,EA,EA,351,1,702,702,,,,,,,,,
800,879553,10,,8961,,4010,10,,11,EA,EA,338,1,3718,3718,,,,,,,,,
800,880508,10,,5901,,4010,10,,17,EA,EA,193,1,3281,3281,,,,,,,,,
800,880829,10,,1385,,3020,5,,14,EA,EA,390,1,5460,5460,,,,,,,,,
800,881860,10,,4782,,4010,10,,12,EA,EA,816,1,9792,9792,,,,,,,,,
800,882482,10,,4782,,3020,10,,4,EA,EA,948,1,3792,3792,,,,,,,,,
800,882514,10,,7458,,4010,3,,19,EA,EA,360,1,6840,6840,,,,,,,,,
800,884470,10,,1385,,3020,5,,17,EA,EA,328,1,5576,5576,,,,,,,,,
800,885476,10,,8961,,4010,10,,6,EA,EA,382,1,2292,2292,,,,,,,,,
800,885698,10,,6347,,4000,3,,18,EA,EA,317,1,5706,5706,,,,,,,,,
800,887628,10,,5901,,4010,10,,11,EA,EA,153,1,1683,1683,,,,,,,,,
800,887640,10,,1385,,4010,5,,19,EA,EA,408,1,7752,7752,,,,,,,,,
800,889198,10,,1385,,3000,5,,10,EA,EA,414,1,4140,4140,,,,,,,,,
800,890209,10,,4782,,4000,10,,6,EA,EA,860,1,5160,5160,,,,,,,,,
800,891200,10,,1385,,3000,5,,10,EA,EA,292,1,2920,2920,,,,,,,,,
800,892483,10,,6347,,4010,3,,13,EA,EA,333,1,4329,4329,,,,,,,,,
800,892855,10,,7458,,4010,3,,10,EA,EA,361,1,3610,3610,,,,,,,,,
800,894263,10,,4782,,3000,10,,12,EA,EA,851,1,10212,10212,,,,,,,,,
800,896467,10,,8961,,3020,10,,16,EA,EA,362,1,5792,5792,,,,,,,,,
800,896505,10,,1385,,4000,5,,18,EA,EA,304,1,5472,5472,,,,,,,,,
800,897020,10,,1385,,4000,5,,1,EA,EA,399,1,399,399,,,,,,,,,
800,897549,10,,1385,,3000,5,,2,EA,EA,302,1,604,604,,,,,,,,,
800,897714,10,,1385,,4010,5,,2,EA,EA,370,1,740,740,,,,,,,,,
800,897791,10,,1385,,4010,5,,12,EA,EA,281,1,3372,3372,,,,,,,,,
800,897882,10,,6347,,3020,3,,16,EA,EA,273,1,4368,4368,,,,,,,,,
800,898004,10,,7458,,4010,3,,9,EA,EA,493,1,4437,4437,,,,,,,,,
800,898638,10,,4782,,4000,10,,20,EA,EA,908,1,18160,18160,,,,,,,,,
800,900187,10,,1385,,3000,5,,18,EA,EA,300,1,5400,5400,,,,,,,,,
800,902191,10,,8961,,4000,10,,17,EA,EA,312,1,5304,5304,,,,,,,,,
800,902341,10,,4782,,4000,10,,17,EA,EA,904,1,15368,15368,,,,,,,,,
800,902978,10,,6347,,3020,3,,3,EA,EA,325,1,975,975,,,,,,,,,
800,903267,10,,4782,,4000,10,,7,EA,EA,979,1,6853,6853,,,,,,,,,
800,903674,10,,4782,,3020,10,,7,EA,EA,1078,1,7546,7546,,,,,,,,,
800,903893,10,,6347,,4010,3,,14,EA,EA,334,1,4676,4676,,,,,,,,,
800,904008,10,,8961,,3020,10,,19,EA,EA,278,1,5282,5282,,,,,,,,,
800,904152,10,,5901,,3000,10,,18,EA,EA,196,1,3528,3528,,,,,,,,,
800,905312,10,,1385,,3000,5,,20,EA,EA,313,1,6260,6260,,,,,,,,,
800,906353,10,,1385,,3000,5,,11,EA,EA,287,1,3157,3157,,,,,,,,,
800,906554,10,,8961,,4000,10,,5,EA,EA,252,1,1260,1260,,,,,,,,,
800,907115,10,,1385,,3020,5,,1,EA,EA,324,1,324,324,,,,,,,,,
800,907628,10,,4782,,3020,10,,1,EA,EA,818,1,818,818,,,,,,,,,
800,907831,10,,1385,,4000,5,,17,EA,EA,334,1,5678,5678,,,,,,,,,
800,907890,10,,8961,,3000,10,,13,EA,EA,343,1,4459,4459,,,,,,,,,
800,908887,10,,6347,,4000,3,,4,EA,EA,317,1,1268,1268,,,,,,,,,
800,909710,10,,1385,,4000,5,,8,EA,EA,306,1,2448,2448,,,,,,,,,
800,912129,10,,1385,,3020,5,,14,EA,EA,282,1,3948,3948,,,,,,,,,
800,912855,10,,4782,,3020,10,,4,EA,EA,1162,1,4648,4648,,,,,,,,,
800,913052,10,,6347,,3000,3,,7,EA,EA,254,1,1778,1778,,,,,,,,,
800,914427,10,,4782,,4010,10,,19,EA,EA,804,1,15276,15276,,,,,,,,,
800,914731,10,,4782,,3020,10,,4,EA,EA,1074,1,4296,4296,,,,,,,,,
800,916428,10,,7458,,3000,3,,4,EA,EA,450,1,1800,1800,,,,,,,,,
800,919474,10,,1385,,3020,5,,3,EA,EA,310,1,930,930,,,,,,,,,
800,920557,10,,8961,,3020,10,,7,EA,EA,347,1,2429,2429,,,,,,,,,
800,921190,10,,1385,,4010,5,,20,EA,EA,354,1,7080,7080,,,,,,,,,
800,921477,10,,1385,,3020,5,,14,EA,EA,350,1,4900,4900,,,,,,,,,
800,923198,10,,1385,,4010,5,,3,EA,EA,363,1,1089,1089,,,,,,,,,
800,923778,10,,7458,,3000,3,,12,EA,EA,443,1,5316,5316,,,,,,,,,
800,923898,10,,8961,,3000,10,,14,EA,EA,293,1,4102,4102,,,,,,,,,
800,928384,10,,4782,,3020,10,,3,EA,EA,930,1,2790,2790,,,,,,,,,
800,929508,10,,4782,,3020,10,,14,EA,EA,1060,1,14840,14840,,,,,,,,,
800,929832,10,,5901,,3020,10,,7,EA,EA,183,1,1281,1281,,,,,,,,,
800,929855,10,,1385,,4010,5,,13,EA,EA,286,1,3718,3718,,,,,,,,,
800,931559,10,,6347,,4000,3,,19,EA,EA,323,1,6137,6137,,,,,,,,,
800,931719,10,,1385,,4010,5,,14,EA,EA,331,1,4634,4634,,,,,,,,,
800,931877,10,,1385,,4010,5,,3,EA,EA,340,1,1020,1020,,,,,,,,,
800,932814,10,,1385,,4010,5,,9,EA,EA,356,1,3204,3204,,,,,,,,,
800,932875,10,,5901,,3020,10,,8,EA,EA,174,1,1392,1392,,,,,,,,,
800,933133,10,,4782,,3000,10,,1,EA,EA,858,1,858,858,,,,,,,,,
800,934803,10,,1385,,4000,5,,19,EA,EA,338,1,6422,6422,,,,,,,,,
800,934840,10,,1385,,3020,5,,10,EA,EA,315,1,3150,3150,,,,,,,,,
800,934869,10,,1385,,4010,5,,15,EA,EA,324,1,4860,4860,,,,,,,,,
800,935930,10,,1385,,4000,5,,14,EA,EA,336,1,4704,4704,,,,,,,,,
800,935986,10,,4782,,4010,10,,20,EA,EA,1124,1,22480,22480,,,,,,,,,
800,936729,10,,5901,,3020,10,,12,EA,EA,165,1,1980,1980,,,,,,,,,
800,937515,10,,1385,,4010,5,,17,EA,EA,377,1,6409,6409,,,,,,,,,
800,938365,10,,5901,,4000,10,,16,EA,EA,151,1,2416,2416,,,,,,,,,
800,938473,10,,6347,,4000,3,,18,EA,EA,301,1,5418,5418,,,,,,,,,
800,939143,10,,1385,,4000,5,,7,EA,EA,331,1,2317,2317,,,,,,,,,
800,939898,10,,5901,,3020,10,,7,EA,EA,154,1,1078,1078,,,,,,,,,
800,940193,10,,7458,,3000,3,,13,EA,EA,489,1,6357,6357,,,,,,,,,
800,940921,10,,7458,,3000,3,,20,EA,EA,430,1,8600,8600,,,,,,,,,
800,941385,10,,1385,,4010,5,,3,EA,EA,397,1,1191,1191,,,,,,,,,
800,941463,10,,1385,,3020,5,,13,EA,EA,311,1,4043,4043,,,,,,,,,
800,942268,10,,6347,,4000,3,,6,EA,EA,273,1,1638,1638,,,,,,,,,
800,942906,10,,8961,,4010,10,,5,EA,EA,261,1,1305,1305,,,,,,,,,
800,943780,10,,4782,,4010,10,,4,EA,EA,924,1,3696,3696,,,,,,,,,
800,944134,10,,1385,,4000,5,,13,EA,EA,384,1,4992,4992,,,,,,,,,
800,945087,10,,8961,,4000,10,,9,EA,EA,367,1,3303,3303,,,,,,,,,
800,945370,10,,5901,,3020,10,,15,EA,EA,159,1,2385,2385,,,,,,,,,
800,946656,10,,8961,,3000,10,,5,EA,EA,353,1,1765,1765,,,,,,,,,
800,948146,10,,1385,,4000,5,,7,EA,EA,299,1,2093,2093,,,,,,,,,
800,949342,10,,1385,,3020,5,,10,EA,EA,297,1,2970,2970,,,,,,,,,
800,950601,10,,1385,,3020,5,,5,EA,EA,383,1,1915,1915,,,,,,,,,
800,950709,10,,7458,,4000,3,,9,EA,EA,381,1,3429,3429,,,,,,,,,
800,955884,10,,8961,,3000,10,,8,EA,EA,264,1,2112,2112,,,,,,,,,
800,956149,10,,1385,,3000,5,,13,EA,EA,407,1,5291,5291,,,,,,,,,
800,957208,10,,6347,,4000,3,,11,EA,EA,301,1,3311,3311,,,,,,,,,
800,957209,10,,1385,,4000,5,,1,EA,EA,369,1,369,369,,,,,,,,,
800,957504,10,,7458,,3000,3,,10,EA,EA,391,1,3910,3910,,,,,,,,,
800,957535,10,,8961,,4010,10,,12,EA,EA,371,1,4452,4452,,,,,,,,,
800,958918,10,,7458,,4010,3,,3,EA,EA,358,1,1074,1074,,,,,,,,,
800,959727,10,,6347,,4000,3,,19,EA,EA,255,1,4845,4845,,,,,,,,,
800,964234,10,,1385,,3000,5,,9,EA,EA,392,1,3528,3528,,,,,,,,,
800,964985,10,,1385,,4010,5,,16,EA,EA,308,1,4928,4928,,,,,,,,,
800,964999,10,,1385,,4010,5,,20,EA,EA,399,1,7980,7980,,,,,,,,,
800,965047,10,,8961,,3000,10,,6,EA,EA,261,1,1566,1566,,,,,,,,,
800,965616,10,,8961,,3000,10,,13,EA,EA,293,1,3809,3809,,,,,,,,,
800,965830,10,,1385,,4010,5,,9,EA,EA,305,1,2745,2745,,,,,,,,,
800,966134,10,,6347,,3020,3,,14,EA,EA,296,1,4144,4144,,,,,,,,,
800,966680,10,,1385,,3000,5,,5,EA,EA,300,1,1500,1500,,,,,,,,,
800,968974,10,,1385,,4010,5,,10,EA,EA,392,1,3920,3920,,,,,,,,,
800,969081,10,,7458,,4010,3,,19,EA,EA,363,1,6897,6897,,,,,,,,,
800,969567,10,,6347,,4000,3,,1,EA,EA,305,1,305,305,,,,,,,,,
800,969776,10,,1385,,3000,5,,7,EA,EA,288,1,2016,2016,,,,,,,,,
800,970429,10,,5901,,4010,10,,16,EA,EA,192,1,3072,3072,,,,,,,,,
800,970823,10,,4782,,4010,10,,17,EA,EA,948,1,16116,16116,,,,,,,,,
800,972058,10,,4782,,4010,10,,18,EA,EA,1098,1,19764,19764,,,,,,,,,
800,972166,10,,8961,,3020,10,,7,EA,EA,375,1,2625,2625,,,,,,,,,
800,973032,10,,6347,,4000,3,,6,EA,EA,276,1,1656,1656,,,,,,,,,
800,974991,10,,1385,,4000,5,,4,EA,EA,322,1,1288,1288,,,,,,,,,
800,976659,10,,6347,,4000,3,,1,EA,EA,252,1,252,252,,,,,,,,,
800,977831,10,,7458,,4010,3,,10,EA,EA,485,1,4850,4850,,,,,,,,,
800,978065,10,,1385,,4010,5,,20,EA,EA,311,1,6220,6220,,,,,,,,,
800,978198,10,,1385,,4010,5,,11,EA,EA,348,1,3828,3828,,,,,,,,,
800,978458,10,,8961,,3000,10,,14,EA,EA,359,1,5026,5026,,,,,,,,,
800,979245,10,,1385,,3020,5,,16,EA,EA,358,1,5728,5728,,,,,,,,,
800,980462,10,,1385,,3020,5,,10,EA,EA,299,1,2990,2990,,,,,,,,,
800,980847,10,,1385,,3000,5,,17,EA,EA,323,1,5491,5491,,,,,,,,,
800,982158,10,,1385,,4000,5,,14,EA,EA,324,1,4536,4536,,,,,,,,,
800,983069,10,,1385,,4010,5,,12,EA,EA,409,1,4908,4908,,,,,,,,,
800,984900,10,,5901,,4010,10,,8,EA,EA,162,1,1296,1296,,,,,,,,,
800,985893,10,,7458,,3000,3,,11,EA,EA,478,1,5258,5258,,,,,,,,,
800,987048,10,,1385,,4010,5,,20,EA,EA,328,1,6560,6560,,,,,,,,,
800,988716,10,,5901,,3020,10,,13,EA,EA,165,1,2145,2145,,,,,,,,,
800,989349,10,,7458,,4010,3,,19,EA,EA,394,1,7486,7486,,,,,,,,,
800,990270,10,,7458,,3020,3,,9,EA,EA,370,1,3330,3330,,,,,,,,,
800,990361,10,,7458,,4000,3,,3,EA,EA,449,1,1347,1347,,,,,,,,,
800,990961,10,,5901,,4000,10,,3,EA,EA,193,1,579,579,,,,,,,,,
800,993233,10,,1385,,3000,5,,1,EA,EA,351,1,351,351,,,,,,,,,
800,993954,10,,7458,,3020,3,,5,EA,EA,359,1,1795,1795,,,,,,,,,
800,994253,10,,6347,,4010,3,,3,EA,EA,308,1,924,924,,,,,,,,,
800,995932,10,,8961,,4000,10,,16,EA,EA,306,1,4896,4896,,,,,,,,,
800,996301,10,,4782,,4000,10,,18,EA,EA,856,1,15408,15408,,,,,,,,,
800,997566,10,,1385,,4000,5,,13,EA,EA,325,1,4225,4225,,,,,,,,,
800,998290,10,,1385,,4010,5,,10,EA,EA,401,1,4010,4010,,,,,,,,,
800,998756,10,,1385,,3020,5,,13,EA,EA,331,1,4303,4303,,,,,,,,,
800,999897,10,,1385,,3020,5,,3,EA,EA,338,1,1014,1014,,,,,,,,,
