<core:FragmentDefinition
    xmlns:core="sap.ui.core"
    xmlns="sap.m"
    xmlns:macros="sap.fe.macros"
    xmlns:mdc="sap.ui.mdc"
>
	<Table
		inset="false"
		class="sapUiSizeCompact"
	>
		<columns>
			<Column>
				<Text text="Include?" />
			</Column>
			<Column>
				<Text text="Value" />
			</Column>
		</columns>
		<items>
			<ColumnListItem>
				<cells>
					<macros:Field metaPath="INCLUDE_messageClass" />
					<macros:Field metaPath="messageClass" />
				</cells>
			</ColumnListItem>
			<ColumnListItem>
				<cells>
					<macros:Field metaPath="INCLUDE_messageShortText" />
					<macros:Field metaPath="messageShortText" />
				</cells>
			</ColumnListItem>
			<ColumnListItem>
				<cells>
					<macros:Field metaPath="INCLUDE_messageType" />
					<macros:Field metaPath="messageType" />
				</cells>
			</ColumnListItem>
			<ColumnListItem>
				<cells>
					<macros:Field metaPath="INCLUDE_businessArea" />
					<macros:Field metaPath="businessArea" readOnly="true" />
				</cells>
			</ColumnListItem>
			<ColumnListItem>
				<cells>
					<macros:Field metaPath="INCLUDE_hlException" />
					<macros:Field metaPath="hlException" />
				</cells>
			</ColumnListItem>
			<ColumnListItem>
				<cells>
					<macros:Field metaPath="INCLUDE_diagnosis" />
					<macros:Field metaPath="diagnosis" />
				</cells>
			</ColumnListItem>
			<ColumnListItem>
				<cells>
					<macros:Field metaPath="INCLUDE_systemResponse" />
					<macros:Field metaPath="systemResponse" />
				</cells>
			</ColumnListItem>
			<ColumnListItem>
				<cells>
					<macros:Field metaPath="INCLUDE_procedure" />
					<macros:Field metaPath="procedure" />
				</cells>
			</ColumnListItem>
			<ColumnListItem>
				<cells>
					<macros:Field metaPath="INCLUDE_referredMasterData" />
					<macros:Field metaPath="referredMasterData" />
				</cells>
			</ColumnListItem>
			<ColumnListItem>
				<cells>
					<macros:Field metaPath="INCLUDE_referredConfiguration" />
					<macros:Field metaPath="referredConfiguration" />
				</cells>
			</ColumnListItem>
		</items>
	</Table>
</core:FragmentDefinition>
